"productKey","productType","numDays","option","discountGroup","tierName","start","end","adult","child"
"theme-parks-with-park-hopper","theme-parks","1","Park Hopper","STD_GST","Tier 1","2026-03-08","2026-03-15","179","174"
"theme-parks-with-park-hopper","theme-parks","1","Park Hopper","STD_GST","Tier 2","2026-03-16","2026-03-17","174","169"
"theme-parks-with-park-hopper","theme-parks","1","Park Hopper","STD_GST","Tier 3","2026-03-18","2026-03-19","169","164"
"theme-parks-with-park-hopper","theme-parks","1","Park Hopper","STD_GST","Tier 4","2026-03-20","2026-03-27","174","169"
"theme-parks-with-park-hopper","theme-parks","1","Park Hopper","STD_GST","Tier 5","2026-03-28","2026-04-13","179","174"
"theme-parks-with-park-hopper","theme-parks","1","Park Hopper","STD_GST","Tier 6","2026-04-14","2026-04-16","174","169"
"theme-parks-with-park-hopper","theme-parks","1","Park Hopper","STD_GST","Tier 7","2026-04-17","2026-04-21","179","174"
"theme-parks-with-park-hopper","theme-parks","1","Park Hopper","STD_GST","Tier 8","2026-04-22","2026-04-23","174","169"
"theme-parks-with-park-hopper","theme-parks","1","Park Hopper","STD_GST","Tier 9","2026-04-24","2026-04-26","179","174"
"theme-parks-with-park-hopper","theme-parks","1","Park Hopper","STD_GST","Tier 10","2026-04-27","2026-04-27","169","164"
"theme-parks-with-park-hopper","theme-parks","1","Park Hopper","STD_GST","Tier 11","2026-04-28","2026-04-28","164","159"
"theme-parks-with-park-hopper","theme-parks","1","Park Hopper","STD_GST","Tier 12","2026-04-29","2026-04-29","159","154"
"theme-parks-with-park-hopper","theme-parks","1","Park Hopper","STD_GST","Tier 13","2026-04-30","2026-04-30","164","159"
"theme-parks-with-park-hopper","theme-parks","1","Park Hopper","STD_GST","Tier 14","2026-05-01","2026-05-01","169","164"
"theme-parks-with-park-hopper","theme-parks","1","Park Hopper","STD_GST","Tier 15","2026-05-02","2026-05-02","174","169"
"theme-parks-with-park-hopper","theme-parks","1","Park Hopper","STD_GST","Tier 16","2026-05-03","2026-05-03","164","159"
"theme-parks-with-park-hopper","theme-parks","1","Park Hopper","STD_GST","Tier 17","2026-05-04","2026-05-04","174","169"
"theme-parks-with-park-hopper","theme-parks","1","Park Hopper","STD_GST","Tier 18","2026-05-05","2026-05-05","164","159"
"theme-parks-with-park-hopper","theme-parks","1","Park Hopper","STD_GST","Tier 19","2026-05-06","2026-05-06","154","149"
"theme-parks-with-park-hopper","theme-parks","1","Park Hopper","STD_GST","Tier 20","2026-05-07","2026-05-07","159","154"
"theme-parks-with-park-hopper","theme-parks","1","Park Hopper","STD_GST","Tier 21","2026-05-08","2026-05-10","174","169"
"theme-parks-with-park-hopper","theme-parks","1","Park Hopper","STD_GST","Tier 22","2026-05-11","2026-05-11","169","164"
"theme-parks-with-park-hopper","theme-parks","1","Park Hopper","STD_GST","Tier 23","2026-05-12","2026-05-14","164","159"
"theme-parks-with-park-hopper","theme-parks","1","Park Hopper","STD_GST","Tier 24","2026-05-15","2026-05-16","174","169"
"theme-parks-with-park-hopper","theme-parks","1","Park Hopper","STD_GST","Tier 25","2026-05-17","2026-05-17","169","164"
"theme-parks-with-park-hopper","theme-parks","1","Park Hopper","STD_GST","Tier 26","2026-05-18","2026-05-18","159","154"
"theme-parks-with-park-hopper","theme-parks","1","Park Hopper","STD_GST","Tier 27","2026-05-19","2026-05-21","164","159"
"theme-parks-with-park-hopper","theme-parks","1","Park Hopper","STD_GST","Tier 28","2026-05-22","2026-05-25","179","174"
"theme-parks-with-park-hopper","theme-parks","1","Park Hopper","STD_GST","Tier 29","2026-05-26","2026-05-28","174","169"
"theme-parks-with-park-hopper","theme-parks","1","Park Hopper","STD_GST","Tier 30","2026-05-29","2026-05-30","169","164"
"theme-parks-with-park-hopper","theme-parks","1","Park Hopper","STD_GST","Tier 31","2026-05-31","2026-05-31","164","159"
"theme-parks-with-park-hopper","theme-parks","1","Park Hopper","STD_GST","Tier 32","2026-06-01","2026-06-02","169","164"
"theme-parks-with-park-hopper","theme-parks","1","Park Hopper","STD_GST","Tier 33","2026-06-03","2026-06-04","164","159"
"theme-parks-with-park-hopper","theme-parks","1","Park Hopper","STD_GST","Tier 34","2026-06-05","2026-06-07","169","164"
"theme-parks-with-park-hopper","theme-parks","1","Park Hopper","STD_GST","Tier 35","2026-06-08","2026-06-11","164","159"
"theme-parks-with-park-hopper","theme-parks","1","Park Hopper","STD_GST","Tier 36","2026-06-12","2026-06-12","169","164"
"theme-parks-with-park-hopper","theme-parks","1","Park Hopper","STD_GST","Tier 37","2026-06-13","2026-06-13","174","169"
"theme-parks-with-park-hopper","theme-parks","1","Park Hopper","STD_GST","Tier 38","2026-06-14","2026-06-14","169","164"
"theme-parks-with-park-hopper","theme-parks","1","Park Hopper","STD_GST","Tier 39","2026-06-15","2026-06-18","164","159"
"theme-parks-with-park-hopper","theme-parks","1","Park Hopper","STD_GST","Tier 40","2026-06-19","2026-06-19","169","164"
"theme-parks-with-park-hopper","theme-parks","1","Park Hopper","STD_GST","Tier 41","2026-06-20","2026-06-20","174","169"
"theme-parks-with-park-hopper","theme-parks","1","Park Hopper","STD_GST","Tier 42","2026-06-21","2026-06-22","169","164"
"theme-parks-with-park-hopper","theme-parks","1","Park Hopper","STD_GST","Tier 43","2026-06-23","2026-06-24","164","159"
"theme-parks-with-park-hopper","theme-parks","1","Park Hopper","STD_GST","Tier 44","2026-06-25","2026-06-28","174","169"
"theme-parks-with-park-hopper","theme-parks","1","Park Hopper","STD_GST","Tier 45","2026-06-29","2026-06-30","169","164"
"theme-parks-with-park-hopper","theme-parks","1","Park Hopper","STD_GST","Tier 46","2026-07-01","2026-07-02","164","159"
"theme-parks-with-park-hopper","theme-parks","1","Park Hopper","STD_GST","Tier 47","2026-07-03","2026-07-05","169","164"
"theme-parks-with-park-hopper","theme-parks","1","Park Hopper","STD_GST","Tier 48","2026-07-06","2026-07-06","164","159"
"theme-parks-with-park-hopper","theme-parks","2","Park Hopper","STD_GST","Tier 1","2026-03-08","2026-03-08","360.9","351.39"
"theme-parks-with-park-hopper","theme-parks","2","Park Hopper","STD_GST","Tier 2","2026-03-09","2026-03-09","359.48","349.97"
"theme-parks-with-park-hopper","theme-parks","2","Park Hopper","STD_GST","Tier 3","2026-03-10","2026-03-10","360.9","351.39"
"theme-parks-with-park-hopper","theme-parks","2","Park Hopper","STD_GST","Tier 4","2026-03-11","2026-03-11","362.33","352.82"
"theme-parks-with-park-hopper","theme-parks","2","Park Hopper","STD_GST","Tier 5","2026-03-12","2026-03-12","363.76","354.25"
"theme-parks-with-park-hopper","theme-parks","2","Park Hopper","STD_GST","Tier 6","2026-03-13","2026-03-13","362.81","353.3"
"theme-parks-with-park-hopper","theme-parks","2","Park Hopper","STD_GST","Tier 7","2026-03-14","2026-03-14","360.43","350.92"
"theme-parks-with-park-hopper","theme-parks","2","Park Hopper","STD_GST","Tier 8","2026-03-15","2026-03-15","356.15","346.64"
"theme-parks-with-park-hopper","theme-parks","2","Park Hopper","STD_GST","Tier 9","2026-03-16","2026-03-16","351.87","342.36"
"theme-parks-with-park-hopper","theme-parks","2","Park Hopper","STD_GST","Tier 10","2026-03-17","2026-03-17","352.35","342.84"
"theme-parks-with-park-hopper","theme-parks","2","Park Hopper","STD_GST","Tier 11","2026-03-18","2026-03-18","353.3","343.79"
"theme-parks-with-park-hopper","theme-parks","2","Park Hopper","STD_GST","Tier 12","2026-03-19","2026-03-19","356.15","346.64"
"theme-parks-with-park-hopper","theme-parks","2","Park Hopper","STD_GST","Tier 13","2026-03-20","2026-03-20","359","349.49"
"theme-parks-with-park-hopper","theme-parks","2","Park Hopper","STD_GST","Tier 14","2026-03-21","2026-03-21","357.1","347.59"
"theme-parks-with-park-hopper","theme-parks","2","Park Hopper","STD_GST","Tier 15","2026-03-22","2026-03-22","354.72","345.21"
"theme-parks-with-park-hopper","theme-parks","2","Park Hopper","STD_GST","Tier 16","2026-03-23","2026-03-23","352.35","342.84"
"theme-parks-with-park-hopper","theme-parks","2","Park Hopper","STD_GST","Tier 17","2026-03-24","2026-03-24","350.92","341.41"
"theme-parks-with-park-hopper","theme-parks","2","Park Hopper","STD_GST","Tier 18","2026-03-25","2026-03-25","354.72","345.21"
"theme-parks-with-park-hopper","theme-parks","2","Park Hopper","STD_GST","Tier 19","2026-03-26","2026-03-26","358.53","349.02"
"theme-parks-with-park-hopper","theme-parks","2","Park Hopper","STD_GST","Tier 20","2026-03-27","2026-03-27","360.9","351.39"
"theme-parks-with-park-hopper","theme-parks","2","Park Hopper","STD_GST","Tier 21","2026-03-28","2026-03-28","362.33","352.82"
"theme-parks-with-park-hopper","theme-parks","2","Park Hopper","STD_GST","Tier 22","2026-03-29","2026-03-29","360.9","351.39"
"theme-parks-with-park-hopper","theme-parks","2","Park Hopper","STD_GST","Tier 23","2026-03-30","2026-03-30","359.48","349.97"
"theme-parks-with-park-hopper","theme-parks","2","Park Hopper","STD_GST","Tier 24","2026-03-31","2026-03-31","360.9","351.39"
"theme-parks-with-park-hopper","theme-parks","2","Park Hopper","STD_GST","Tier 25","2026-04-01","2026-04-01","362.33","352.82"
"theme-parks-with-park-hopper","theme-parks","2","Park Hopper","STD_GST","Tier 26","2026-04-02","2026-04-03","363.76","354.25"
"theme-parks-with-park-hopper","theme-parks","2","Park Hopper","STD_GST","Tier 27","2026-04-04","2026-04-04","362.33","352.82"
"theme-parks-with-park-hopper","theme-parks","2","Park Hopper","STD_GST","Tier 28","2026-04-05","2026-04-05","360.9","351.39"
"theme-parks-with-park-hopper","theme-parks","2","Park Hopper","STD_GST","Tier 29","2026-04-06","2026-04-06","359.48","349.97"
"theme-parks-with-park-hopper","theme-parks","2","Park Hopper","STD_GST","Tier 30","2026-04-07","2026-04-07","360.9","351.39"
"theme-parks-with-park-hopper","theme-parks","2","Park Hopper","STD_GST","Tier 31","2026-04-08","2026-04-08","362.33","352.82"
"theme-parks-with-park-hopper","theme-parks","2","Park Hopper","STD_GST","Tier 32","2026-04-09","2026-04-10","363.76","354.25"
"theme-parks-with-park-hopper","theme-parks","2","Park Hopper","STD_GST","Tier 33","2026-04-11","2026-04-11","359.95","350.44"
"theme-parks-with-park-hopper","theme-parks","2","Park Hopper","STD_GST","Tier 34","2026-04-12","2026-04-12","356.15","346.64"
"theme-parks-with-park-hopper","theme-parks","2","Park Hopper","STD_GST","Tier 35","2026-04-13","2026-04-13","352.35","342.84"
"theme-parks-with-park-hopper","theme-parks","2","Park Hopper","STD_GST","Tier 36","2026-04-14","2026-04-14","353.77","344.26"
"theme-parks-with-park-hopper","theme-parks","2","Park Hopper","STD_GST","Tier 37","2026-04-15","2026-04-15","357.58","348.07"
"theme-parks-with-park-hopper","theme-parks","2","Park Hopper","STD_GST","Tier 38","2026-04-16","2026-04-16","361.38","351.87"
"theme-parks-with-park-hopper","theme-parks","2","Park Hopper","STD_GST","Tier 39","2026-04-17","2026-04-17","363.76","354.25"
"theme-parks-with-park-hopper","theme-parks","2","Park Hopper","STD_GST","Tier 40","2026-04-18","2026-04-18","362.33","352.82"
"theme-parks-with-park-hopper","theme-parks","2","Park Hopper","STD_GST","Tier 41","2026-04-19","2026-04-19","358.53","349.02"
"theme-parks-with-park-hopper","theme-parks","2","Park Hopper","STD_GST","Tier 42","2026-04-20","2026-04-20","354.72","345.21"
"theme-parks-with-park-hopper","theme-parks","2","Park Hopper","STD_GST","Tier 43","2026-04-21","2026-04-21","356.15","346.64"
"theme-parks-with-park-hopper","theme-parks","2","Park Hopper","STD_GST","Tier 44","2026-04-22","2026-04-22","357.58","348.07"
"theme-parks-with-park-hopper","theme-parks","2","Park Hopper","STD_GST","Tier 45","2026-04-23","2026-04-23","361.38","351.87"
"theme-parks-with-park-hopper","theme-parks","2","Park Hopper","STD_GST","Tier 46","2026-04-24","2026-04-24","360.9","351.39"
"theme-parks-with-park-hopper","theme-parks","2","Park Hopper","STD_GST","Tier 47","2026-04-25","2026-04-25","354.25","344.74"
"theme-parks-with-park-hopper","theme-parks","2","Park Hopper","STD_GST","Tier 48","2026-04-26","2026-04-26","345.21","335.7"
"theme-parks-with-park-hopper","theme-parks","2","Park Hopper","STD_GST","Tier 49","2026-04-27","2026-04-27","338.56","329.05"
"theme-parks-with-park-hopper","theme-parks","2","Park Hopper","STD_GST","Tier 50","2026-04-28","2026-04-28","339.98","330.47"
"theme-parks-with-park-hopper","theme-parks","2","Park Hopper","STD_GST","Tier 51","2026-04-29","2026-04-29","343.98","334.53"
"theme-parks-with-park-hopper","theme-parks","2","Park Hopper","STD_GST","Tier 52","2026-04-30","2026-04-30","349.97","340.46"
"theme-parks-with-park-hopper","theme-parks","2","Park Hopper","STD_GST","Tier 53","2026-05-01","2026-05-01","353.9","344.45"
"theme-parks-with-park-hopper","theme-parks","2","Park Hopper","STD_GST","Tier 54","2026-05-02","2026-05-02","353.77","344.26"
"theme-parks-with-park-hopper","theme-parks","2","Park Hopper","STD_GST","Tier 55","2026-05-03","2026-05-03","340.67","331.22"
"theme-parks-with-park-hopper","theme-parks","2","Park Hopper","STD_GST","Tier 56","2026-05-04","2026-05-05","339.03","329.52"
"theme-parks-with-park-hopper","theme-parks","2","Park Hopper","STD_GST","Tier 57","2026-05-06","2026-05-06","343.79","334.28"
"theme-parks-with-park-hopper","theme-parks","2","Park Hopper","STD_GST","Tier 58","2026-05-07","2026-05-07","354.72","345.21"
"theme-parks-with-park-hopper","theme-parks","2","Park Hopper","STD_GST","Tier 59","2026-05-08","2026-05-08","359.48","349.97"
"theme-parks-with-park-hopper","theme-parks","2","Park Hopper","STD_GST","Tier 60","2026-05-09","2026-05-09","353.3","343.79"
"theme-parks-with-park-hopper","theme-parks","2","Park Hopper","STD_GST","Tier 61","2026-05-10","2026-05-10","347.11","337.6"
"theme-parks-with-park-hopper","theme-parks","2","Park Hopper","STD_GST","Tier 62","2026-05-11","2026-05-11","340.93","331.42"
"theme-parks-with-park-hopper","theme-parks","2","Park Hopper","STD_GST","Tier 63","2026-05-12","2026-05-12","343.79","334.28"
"theme-parks-with-park-hopper","theme-parks","2","Park Hopper","STD_GST","Tier 64","2026-05-13","2026-05-13","349.02","339.51"
"theme-parks-with-park-hopper","theme-parks","2","Park Hopper","STD_GST","Tier 65","2026-05-14","2026-05-14","351.87","342.36"
"theme-parks-with-park-hopper","theme-parks","2","Park Hopper","STD_GST","Tier 66","2026-05-15","2026-05-15","349.49","339.98"
"theme-parks-with-park-hopper","theme-parks","2","Park Hopper","STD_GST","Tier 67","2026-05-16","2026-05-16","344.26","334.75"
"theme-parks-with-park-hopper","theme-parks","2","Park Hopper","STD_GST","Tier 68","2026-05-17","2026-05-17","339.03","329.52"
"theme-parks-with-park-hopper","theme-parks","2","Park Hopper","STD_GST","Tier 69","2026-05-18","2026-05-18","336.18","326.67"
"theme-parks-with-park-hopper","theme-parks","2","Park Hopper","STD_GST","Tier 70","2026-05-19","2026-05-19","345.21","335.7"
"theme-parks-with-park-hopper","theme-parks","2","Park Hopper","STD_GST","Tier 71","2026-05-20","2026-05-20","351.87","342.36"
"theme-parks-with-park-hopper","theme-parks","2","Park Hopper","STD_GST","Tier 72","2026-05-21","2026-05-21","358.53","349.02"
"theme-parks-with-park-hopper","theme-parks","2","Park Hopper","STD_GST","Tier 73","2026-05-22","2026-05-22","363.76","354.25"
"theme-parks-with-park-hopper","theme-parks","2","Park Hopper","STD_GST","Tier 74","2026-05-23","2026-05-23","361.86","352.35"
"theme-parks-with-park-hopper","theme-parks","2","Park Hopper","STD_GST","Tier 75","2026-05-24","2026-05-24","359.95","350.44"
"theme-parks-with-park-hopper","theme-parks","2","Park Hopper","STD_GST","Tier 76","2026-05-25","2026-05-25","358.05","348.54"
"theme-parks-with-park-hopper","theme-parks","2","Park Hopper","STD_GST","Tier 77","2026-05-26","2026-05-26","357.58","348.07"
"theme-parks-with-park-hopper","theme-parks","2","Park Hopper","STD_GST","Tier 78","2026-05-27","2026-05-27","355.67","346.16"
"theme-parks-with-park-hopper","theme-parks","2","Park Hopper","STD_GST","Tier 79","2026-05-28","2026-05-28","351.39","341.88"
"theme-parks-with-park-hopper","theme-parks","2","Park Hopper","STD_GST","Tier 80","2026-05-29","2026-05-29","349.02","339.51"
"theme-parks-with-park-hopper","theme-parks","2","Park Hopper","STD_GST","Tier 81","2026-05-30","2026-05-30","344.45","335"
"theme-parks-with-park-hopper","theme-parks","2","Park Hopper","STD_GST","Tier 82","2026-05-31","2026-05-31","341.62","332.17"
"theme-parks-with-park-hopper","theme-parks","2","Park Hopper","STD_GST","Tier 83","2026-06-01","2026-06-03","341.14","331.69"
"theme-parks-with-park-hopper","theme-parks","2","Park Hopper","STD_GST","Tier 84","2026-06-04","2026-06-04","343.51","334.06"
"theme-parks-with-park-hopper","theme-parks","2","Park Hopper","STD_GST","Tier 85","2026-06-05","2026-06-05","345.69","336.18"
"theme-parks-with-park-hopper","theme-parks","2","Park Hopper","STD_GST","Tier 86","2026-06-06","2026-06-06","341.14","331.69"
"theme-parks-with-park-hopper","theme-parks","2","Park Hopper","STD_GST","Tier 87","2026-06-07","2026-06-07","340.93","331.42"
"theme-parks-with-park-hopper","theme-parks","2","Park Hopper","STD_GST","Tier 88","2026-06-08","2026-06-08","336.42","326.97"
"theme-parks-with-park-hopper","theme-parks","2","Park Hopper","STD_GST","Tier 89","2026-06-09","2026-06-09","338.78","329.33"
"theme-parks-with-park-hopper","theme-parks","2","Park Hopper","STD_GST","Tier 90","2026-06-10","2026-06-10","343.51","334.06"
"theme-parks-with-park-hopper","theme-parks","2","Park Hopper","STD_GST","Tier 91","2026-06-11","2026-06-12","345.87","336.42"
"theme-parks-with-park-hopper","theme-parks","2","Park Hopper","STD_GST","Tier 92","2026-06-13","2026-06-13","343.51","334.06"
"theme-parks-with-park-hopper","theme-parks","2","Park Hopper","STD_GST","Tier 93","2026-06-14","2026-06-14","338.78","329.33"
"theme-parks-with-park-hopper","theme-parks","2","Park Hopper","STD_GST","Tier 94","2026-06-15","2026-06-15","336.42","326.97"
"theme-parks-with-park-hopper","theme-parks","2","Park Hopper","STD_GST","Tier 95","2026-06-16","2026-06-16","338.78","329.33"
"theme-parks-with-park-hopper","theme-parks","2","Park Hopper","STD_GST","Tier 96","2026-06-17","2026-06-17","343.51","334.06"
"theme-parks-with-park-hopper","theme-parks","2","Park Hopper","STD_GST","Tier 97","2026-06-18","2026-06-18","345.87","336.42"
"theme-parks-with-park-hopper","theme-parks","2","Park Hopper","STD_GST","Tier 98","2026-06-19","2026-06-19","348.23","338.78"
"theme-parks-with-park-hopper","theme-parks","2","Park Hopper","STD_GST","Tier 99","2026-06-20","2026-06-20","345.87","336.42"
"theme-parks-with-park-hopper","theme-parks","2","Park Hopper","STD_GST","Tier 100","2026-06-21","2026-06-21","341.14","331.69"
"theme-parks-with-park-hopper","theme-parks","2","Park Hopper","STD_GST","Tier 101","2026-06-22","2026-06-22","343.51","334.06"
"theme-parks-with-park-hopper","theme-parks","2","Park Hopper","STD_GST","Tier 102","2026-06-23","2026-06-23","346.34","336.89"
"theme-parks-with-park-hopper","theme-parks","2","Park Hopper","STD_GST","Tier 103","2026-06-24","2026-06-24","351.54","342.09"
"theme-parks-with-park-hopper","theme-parks","2","Park Hopper","STD_GST","Tier 104","2026-06-25","2026-06-25","356.74","347.29"
"theme-parks-with-park-hopper","theme-parks","2","Park Hopper","STD_GST","Tier 105","2026-06-26","2026-06-26","356.62","347.11"
"theme-parks-with-park-hopper","theme-parks","2","Park Hopper","STD_GST","Tier 106","2026-06-27","2026-06-27","354.25","344.74"
"theme-parks-with-park-hopper","theme-parks","2","Park Hopper","STD_GST","Tier 107","2026-06-28","2026-06-28","349.02","339.51"
"theme-parks-with-park-hopper","theme-parks","2","Park Hopper","STD_GST","Tier 108","2026-06-29","2026-06-29","344.26","334.75"
"theme-parks-with-park-hopper","theme-parks","2","Park Hopper","STD_GST","Tier 109","2026-06-30","2026-06-30","346.64","337.13"
"theme-parks-with-park-hopper","theme-parks","2","Park Hopper","STD_GST","Tier 110","2026-07-01","2026-07-01","348.54","339.03"
"theme-parks-with-park-hopper","theme-parks","2","Park Hopper","STD_GST","Tier 111","2026-07-02","2026-07-02","350.92","341.41"
"theme-parks-with-park-hopper","theme-parks","2","Park Hopper","STD_GST","Tier 112","2026-07-03","2026-07-03","349.97","340.46"
"theme-parks-with-park-hopper","theme-parks","2","Park Hopper","STD_GST","Tier 113","2026-07-04","2026-07-04","341.88","332.37"
"theme-parks-with-park-hopper","theme-parks","2","Park Hopper","STD_GST","Tier 114","2026-07-05","2026-07-05","333.8","324.29"
"theme-parks-with-park-hopper","theme-parks","2","Park Hopper","STD_GST","Tier 115","2026-07-06","2026-07-06","328.09","318.58"
"theme-parks-with-park-hopper","theme-parks","3","Park Hopper","STD_GST","Tier 1","2026-03-08","2026-03-09","531.26","517.25"
"theme-parks-with-park-hopper","theme-parks","3","Park Hopper","STD_GST","Tier 2","2026-03-10","2026-03-10","532.94","518.93"
"theme-parks-with-park-hopper","theme-parks","3","Park Hopper","STD_GST","Tier 3","2026-03-11","2026-03-11","534.62","520.61"
"theme-parks-with-park-hopper","theme-parks","3","Park Hopper","STD_GST","Tier 4","2026-03-12","2026-03-12","533.5","519.49"
"theme-parks-with-park-hopper","theme-parks","3","Park Hopper","STD_GST","Tier 5","2026-03-13","2026-03-13","532.38","518.37"
"theme-parks-with-park-hopper","theme-parks","3","Park Hopper","STD_GST","Tier 6","2026-03-14","2026-03-14","527.34","513.33"
"theme-parks-with-park-hopper","theme-parks","3","Park Hopper","STD_GST","Tier 7","2026-03-15","2026-03-15","522.29","508.28"
"theme-parks-with-park-hopper","theme-parks","3","Park Hopper","STD_GST","Tier 8","2026-03-16","2026-03-16","520.05","506.04"
"theme-parks-with-park-hopper","theme-parks","3","Park Hopper","STD_GST","Tier 9","2026-03-17","2026-03-17","521.17","507.16"
"theme-parks-with-park-hopper","theme-parks","3","Park Hopper","STD_GST","Tier 10","2026-03-18","2026-03-18","522.29","508.28"
"theme-parks-with-park-hopper","theme-parks","3","Park Hopper","STD_GST","Tier 11","2026-03-19","2026-03-19","525.66","511.65"
"theme-parks-with-park-hopper","theme-parks","3","Park Hopper","STD_GST","Tier 12","2026-03-20","2026-03-20","526.22","512.21"
"theme-parks-with-park-hopper","theme-parks","3","Park Hopper","STD_GST","Tier 13","2026-03-21","2026-03-21","523.97","509.96"
"theme-parks-with-park-hopper","theme-parks","3","Park Hopper","STD_GST","Tier 14","2026-03-22","2026-03-22","521.17","507.16"
"theme-parks-with-park-hopper","theme-parks","3","Park Hopper","STD_GST","Tier 15","2026-03-23","2026-03-23","519.49","505.48"
"theme-parks-with-park-hopper","theme-parks","3","Park Hopper","STD_GST","Tier 16","2026-03-24","2026-03-24","521.17","507.16"
"theme-parks-with-park-hopper","theme-parks","3","Park Hopper","STD_GST","Tier 17","2026-03-25","2026-03-25","525.66","511.65"
"theme-parks-with-park-hopper","theme-parks","3","Park Hopper","STD_GST","Tier 18","2026-03-26","2026-03-26","528.46","514.45"
"theme-parks-with-park-hopper","theme-parks","3","Park Hopper","STD_GST","Tier 19","2026-03-27","2026-03-27","531.26","517.25"
"theme-parks-with-park-hopper","theme-parks","3","Park Hopper","STD_GST","Tier 20","2026-03-28","2026-03-28","532.94","518.93"
"theme-parks-with-park-hopper","theme-parks","3","Park Hopper","STD_GST","Tier 21","2026-03-29","2026-03-30","531.26","517.25"
"theme-parks-with-park-hopper","theme-parks","3","Park Hopper","STD_GST","Tier 22","2026-03-31","2026-03-31","532.94","518.93"
"theme-parks-with-park-hopper","theme-parks","3","Park Hopper","STD_GST","Tier 23","2026-04-01","2026-04-03","534.62","520.61"
"theme-parks-with-park-hopper","theme-parks","3","Park Hopper","STD_GST","Tier 24","2026-04-04","2026-04-04","532.94","518.93"
"theme-parks-with-park-hopper","theme-parks","3","Park Hopper","STD_GST","Tier 25","2026-04-05","2026-04-06","531.26","517.25"
"theme-parks-with-park-hopper","theme-parks","3","Park Hopper","STD_GST","Tier 26","2026-04-07","2026-04-07","532.94","518.93"
"theme-parks-with-park-hopper","theme-parks","3","Park Hopper","STD_GST","Tier 27","2026-04-08","2026-04-09","534.62","520.61"
"theme-parks-with-park-hopper","theme-parks","3","Park Hopper","STD_GST","Tier 28","2026-04-10","2026-04-10","531.82","517.81"
"theme-parks-with-park-hopper","theme-parks","3","Park Hopper","STD_GST","Tier 29","2026-04-11","2026-04-11","527.34","513.33"
"theme-parks-with-park-hopper","theme-parks","3","Park Hopper","STD_GST","Tier 30","2026-04-12","2026-04-13","522.85","508.84"
"theme-parks-with-park-hopper","theme-parks","3","Park Hopper","STD_GST","Tier 31","2026-04-14","2026-04-14","524.53","510.52"
"theme-parks-with-park-hopper","theme-parks","3","Park Hopper","STD_GST","Tier 32","2026-04-15","2026-04-15","529.02","515.01"
"theme-parks-with-park-hopper","theme-parks","3","Park Hopper","STD_GST","Tier 33","2026-04-16","2026-04-16","531.82","517.81"
"theme-parks-with-park-hopper","theme-parks","3","Park Hopper","STD_GST","Tier 34","2026-04-17","2026-04-17","534.62","520.61"
"theme-parks-with-park-hopper","theme-parks","3","Park Hopper","STD_GST","Tier 35","2026-04-18","2026-04-18","530.14","516.13"
"theme-parks-with-park-hopper","theme-parks","3","Park Hopper","STD_GST","Tier 36","2026-04-19","2026-04-20","525.66","511.65"
"theme-parks-with-park-hopper","theme-parks","3","Park Hopper","STD_GST","Tier 37","2026-04-21","2026-04-21","527.34","513.33"
"theme-parks-with-park-hopper","theme-parks","3","Park Hopper","STD_GST","Tier 38","2026-04-22","2026-04-22","529.02","515.01"
"theme-parks-with-park-hopper","theme-parks","3","Park Hopper","STD_GST","Tier 39","2026-04-23","2026-04-23","528.46","514.45"
"theme-parks-with-park-hopper","theme-parks","3","Park Hopper","STD_GST","Tier 40","2026-04-24","2026-04-24","525.09","511.08"
"theme-parks-with-park-hopper","theme-parks","3","Park Hopper","STD_GST","Tier 41","2026-04-25","2026-04-25","514.45","500.44"
"theme-parks-with-park-hopper","theme-parks","3","Park Hopper","STD_GST","Tier 42","2026-04-26","2026-04-26","506.6","492.59"
"theme-parks-with-park-hopper","theme-parks","3","Park Hopper","STD_GST","Tier 43","2026-04-27","2026-04-27","503.24","489.23"
"theme-parks-with-park-hopper","theme-parks","3","Park Hopper","STD_GST","Tier 44","2026-04-28","2026-04-28","507.72","493.71"
"theme-parks-with-park-hopper","theme-parks","3","Park Hopper","STD_GST","Tier 45","2026-04-29","2026-04-29","502.86","489.03"
"theme-parks-with-park-hopper","theme-parks","3","Park Hopper","STD_GST","Tier 46","2026-04-30","2026-04-30","519.49","505.48"
"theme-parks-with-park-hopper","theme-parks","3","Park Hopper","STD_GST","Tier 47","2026-05-01","2026-05-01","514.48","500.65"
"theme-parks-with-park-hopper","theme-parks","3","Park Hopper","STD_GST","Tier 48","2026-05-02","2026-05-02","511.08","497.07"
"theme-parks-with-park-hopper","theme-parks","3","Park Hopper","STD_GST","Tier 49","2026-05-03","2026-05-03","494.56","480.73"
"theme-parks-with-park-hopper","theme-parks","3","Park Hopper","STD_GST","Tier 50","2026-05-04","2026-05-05","506.6","492.59"
"theme-parks-with-park-hopper","theme-parks","3","Park Hopper","STD_GST","Tier 51","2026-05-06","2026-05-06","512.21","498.2"
"theme-parks-with-park-hopper","theme-parks","3","Park Hopper","STD_GST","Tier 52","2026-05-07","2026-05-07","520.61","506.6"
"theme-parks-with-park-hopper","theme-parks","3","Park Hopper","STD_GST","Tier 53","2026-05-08","2026-05-08","523.41","509.4"
"theme-parks-with-park-hopper","theme-parks","3","Park Hopper","STD_GST","Tier 54","2026-05-09","2026-05-09","516.13","502.12"
"theme-parks-with-park-hopper","theme-parks","3","Park Hopper","STD_GST","Tier 55","2026-05-10","2026-05-10","508.84","494.83"
"theme-parks-with-park-hopper","theme-parks","3","Park Hopper","STD_GST","Tier 56","2026-05-11","2026-05-11","507.72","493.71"
"theme-parks-with-park-hopper","theme-parks","3","Park Hopper","STD_GST","Tier 57","2026-05-12","2026-05-12","511.08","497.07"
"theme-parks-with-park-hopper","theme-parks","3","Park Hopper","STD_GST","Tier 58","2026-05-13","2026-05-13","514.45","500.44"
"theme-parks-with-park-hopper","theme-parks","3","Park Hopper","STD_GST","Tier 59","2026-05-14","2026-05-15","511.65","497.64"
"theme-parks-with-park-hopper","theme-parks","3","Park Hopper","STD_GST","Tier 60","2026-05-16","2026-05-16","505.48","491.47"
"theme-parks-with-park-hopper","theme-parks","3","Park Hopper","STD_GST","Tier 61","2026-05-17","2026-05-17","499.32","485.31"
"theme-parks-with-park-hopper","theme-parks","3","Park Hopper","STD_GST","Tier 62","2026-05-18","2026-05-18","503.8","489.79"
"theme-parks-with-park-hopper","theme-parks","3","Park Hopper","STD_GST","Tier 63","2026-05-19","2026-05-19","514.45","500.44"
"theme-parks-with-park-hopper","theme-parks","3","Park Hopper","STD_GST","Tier 64","2026-05-20","2026-05-20","522.29","508.28"
"theme-parks-with-park-hopper","theme-parks","3","Park Hopper","STD_GST","Tier 65","2026-05-21","2026-05-21","528.46","514.45"
"theme-parks-with-park-hopper","theme-parks","3","Park Hopper","STD_GST","Tier 66","2026-05-22","2026-05-22","534.06","520.05"
"theme-parks-with-park-hopper","theme-parks","3","Park Hopper","STD_GST","Tier 67","2026-05-23","2026-05-23","531.82","517.81"
"theme-parks-with-park-hopper","theme-parks","3","Park Hopper","STD_GST","Tier 68","2026-05-24","2026-05-24","529.58","515.57"
"theme-parks-with-park-hopper","theme-parks","3","Park Hopper","STD_GST","Tier 69","2026-05-25","2026-05-25","527.34","513.33"
"theme-parks-with-park-hopper","theme-parks","3","Park Hopper","STD_GST","Tier 70","2026-05-26","2026-05-26","524.53","510.52"
"theme-parks-with-park-hopper","theme-parks","3","Park Hopper","STD_GST","Tier 71","2026-05-27","2026-05-27","519.49","505.48"
"theme-parks-with-park-hopper","theme-parks","3","Park Hopper","STD_GST","Tier 72","2026-05-28","2026-05-28","516.69","502.68"
"theme-parks-with-park-hopper","theme-parks","3","Park Hopper","STD_GST","Tier 73","2026-05-29","2026-05-29","513.89","499.88"
"theme-parks-with-park-hopper","theme-parks","3","Park Hopper","STD_GST","Tier 74","2026-05-30","2026-05-30","501.75","487.92"
"theme-parks-with-park-hopper","theme-parks","3","Park Hopper","STD_GST","Tier 75","2026-05-31","2026-05-31","498.43","484.6"
"theme-parks-with-park-hopper","theme-parks","3","Park Hopper","STD_GST","Tier 76","2026-06-01","2026-06-04","500.65","486.82"
"theme-parks-with-park-hopper","theme-parks","3","Park Hopper","STD_GST","Tier 77","2026-06-05","2026-06-05","507.16","493.15"
"theme-parks-with-park-hopper","theme-parks","3","Park Hopper","STD_GST","Tier 78","2026-06-06","2026-06-06","497.88","484.05"
"theme-parks-with-park-hopper","theme-parks","3","Park Hopper","STD_GST","Tier 79","2026-06-07","2026-06-07","501.56","487.55"
"theme-parks-with-park-hopper","theme-parks","3","Park Hopper","STD_GST","Tier 80","2026-06-08","2026-06-08","495.11","481.28"
"theme-parks-with-park-hopper","theme-parks","3","Park Hopper","STD_GST","Tier 81","2026-06-09","2026-06-09","500.65","486.82"
"theme-parks-with-park-hopper","theme-parks","3","Park Hopper","STD_GST","Tier 82","2026-06-10","2026-06-12","503.41","489.58"
"theme-parks-with-park-hopper","theme-parks","3","Park Hopper","STD_GST","Tier 83","2026-06-13","2026-06-13","500.65","486.82"
"theme-parks-with-park-hopper","theme-parks","3","Park Hopper","STD_GST","Tier 84","2026-06-14","2026-06-15","495.11","481.28"
"theme-parks-with-park-hopper","theme-parks","3","Park Hopper","STD_GST","Tier 85","2026-06-16","2026-06-16","500.65","486.82"
"theme-parks-with-park-hopper","theme-parks","3","Park Hopper","STD_GST","Tier 86","2026-06-17","2026-06-17","503.41","489.58"
"theme-parks-with-park-hopper","theme-parks","3","Park Hopper","STD_GST","Tier 87","2026-06-18","2026-06-19","506.18","492.35"
"theme-parks-with-park-hopper","theme-parks","3","Park Hopper","STD_GST","Tier 88","2026-06-20","2026-06-21","503.41","489.58"
"theme-parks-with-park-hopper","theme-parks","3","Park Hopper","STD_GST","Tier 89","2026-06-22","2026-06-22","506.73","492.9"
"theme-parks-with-park-hopper","theme-parks","3","Park Hopper","STD_GST","Tier 90","2026-06-23","2026-06-23","510.05","496.22"
"theme-parks-with-park-hopper","theme-parks","3","Park Hopper","STD_GST","Tier 91","2026-06-24","2026-06-24","516.14","502.31"
"theme-parks-with-park-hopper","theme-parks","3","Park Hopper","STD_GST","Tier 92","2026-06-25","2026-06-25","518.9","505.07"
"theme-parks-with-park-hopper","theme-parks","3","Park Hopper","STD_GST","Tier 93","2026-06-26","2026-06-26","523.41","509.4"
"theme-parks-with-park-hopper","theme-parks","3","Park Hopper","STD_GST","Tier 94","2026-06-27","2026-06-27","517.25","503.24"
"theme-parks-with-park-hopper","theme-parks","3","Park Hopper","STD_GST","Tier 95","2026-06-28","2026-06-28","511.65","497.64"
"theme-parks-with-park-hopper","theme-parks","3","Park Hopper","STD_GST","Tier 96","2026-06-29","2026-06-29","511.08","497.07"
"theme-parks-with-park-hopper","theme-parks","3","Park Hopper","STD_GST","Tier 97","2026-06-30","2026-06-30","513.89","499.88"
"theme-parks-with-park-hopper","theme-parks","3","Park Hopper","STD_GST","Tier 98","2026-07-01","2026-07-01","513.33","499.32"
"theme-parks-with-park-hopper","theme-parks","3","Park Hopper","STD_GST","Tier 99","2026-07-02","2026-07-02","512.77","498.76"
"theme-parks-with-park-hopper","theme-parks","3","Park Hopper","STD_GST","Tier 100","2026-07-03","2026-07-03","508.28","494.27"
"theme-parks-with-park-hopper","theme-parks","3","Park Hopper","STD_GST","Tier 101","2026-07-04","2026-07-04","498.76","484.75"
"theme-parks-with-park-hopper","theme-parks","3","Park Hopper","STD_GST","Tier 102","2026-07-05","2026-07-05","489.23","475.22"
"theme-parks-with-park-hopper","theme-parks","3","Park Hopper","STD_GST","Tier 103","2026-07-06","2026-07-06","485.31","471.3"
"theme-parks-with-park-hopper","theme-parks","4","Park Hopper","STD_GST","Tier 1","2026-03-08","2026-03-09","679.72","661.86"
"theme-parks-with-park-hopper","theme-parks","4","Park Hopper","STD_GST","Tier 2","2026-03-10","2026-03-10","678.68","660.82"
"theme-parks-with-park-hopper","theme-parks","4","Park Hopper","STD_GST","Tier 3","2026-03-11","2026-03-11","677.64","659.78"
"theme-parks-with-park-hopper","theme-parks","4","Park Hopper","STD_GST","Tier 4","2026-03-12","2026-03-12","674.61","656.75"
"theme-parks-with-park-hopper","theme-parks","4","Park Hopper","STD_GST","Tier 5","2026-03-13","2026-03-13","671.54","653.68"
"theme-parks-with-park-hopper","theme-parks","4","Park Hopper","STD_GST","Tier 6","2026-03-14","2026-03-14","669.5","651.64"
"theme-parks-with-park-hopper","theme-parks","4","Park Hopper","STD_GST","Tier 7","2026-03-15","2026-03-15","667.96","650.1"
"theme-parks-with-park-hopper","theme-parks","4","Park Hopper","STD_GST","Tier 8","2026-03-16","2026-03-16","666.43","648.57"
"theme-parks-with-park-hopper","theme-parks","4","Park Hopper","STD_GST","Tier 9","2026-03-17","2026-03-17","667.46","649.6"
"theme-parks-with-park-hopper","theme-parks","4","Park Hopper","STD_GST","Tier 10","2026-03-18","2026-03-18","665.93","648.07"
"theme-parks-with-park-hopper","theme-parks","4","Park Hopper","STD_GST","Tier 11","2026-03-19","2026-03-19","666.43","648.57"
"theme-parks-with-park-hopper","theme-parks","4","Park Hopper","STD_GST","Tier 12","2026-03-20","2026-03-20","666.93","649.07"
"theme-parks-with-park-hopper","theme-parks","4","Park Hopper","STD_GST","Tier 13","2026-03-21","2026-03-21","665.93","648.07"
"theme-parks-with-park-hopper","theme-parks","4","Park Hopper","STD_GST","Tier 14","2026-03-22","2026-03-22","667.46","649.6"
"theme-parks-with-park-hopper","theme-parks","4","Park Hopper","STD_GST","Tier 15","2026-03-23","2026-03-24","669","651.14"
"theme-parks-with-park-hopper","theme-parks","4","Park Hopper","STD_GST","Tier 16","2026-03-25","2026-03-25","671.54","653.68"
"theme-parks-with-park-hopper","theme-parks","4","Park Hopper","STD_GST","Tier 17","2026-03-26","2026-03-26","674.07","656.21"
"theme-parks-with-park-hopper","theme-parks","4","Park Hopper","STD_GST","Tier 18","2026-03-27","2026-03-27","676.64","658.78"
"theme-parks-with-park-hopper","theme-parks","4","Park Hopper","STD_GST","Tier 19","2026-03-28","2026-04-07","679.72","661.86"
"theme-parks-with-park-hopper","theme-parks","4","Park Hopper","STD_GST","Tier 20","2026-04-08","2026-04-08","677.14","659.28"
"theme-parks-with-park-hopper","theme-parks","4","Park Hopper","STD_GST","Tier 21","2026-04-09","2026-04-09","674.61","656.75"
"theme-parks-with-park-hopper","theme-parks","4","Park Hopper","STD_GST","Tier 22","2026-04-10","2026-04-14","672.04","654.18"
"theme-parks-with-park-hopper","theme-parks","4","Park Hopper","STD_GST","Tier 23","2026-04-15","2026-04-20","674.61","656.75"
"theme-parks-with-park-hopper","theme-parks","4","Park Hopper","STD_GST","Tier 24","2026-04-21","2026-04-21","671.54","653.68"
"theme-parks-with-park-hopper","theme-parks","4","Park Hopper","STD_GST","Tier 25","2026-04-22","2026-04-22","665.93","648.07"
"theme-parks-with-park-hopper","theme-parks","4","Park Hopper","STD_GST","Tier 26","2026-04-23","2026-04-23","660.32","642.46"
"theme-parks-with-park-hopper","theme-parks","4","Park Hopper","STD_GST","Tier 27","2026-04-24","2026-04-24","657.25","639.39"
"theme-parks-with-park-hopper","theme-parks","4","Park Hopper","STD_GST","Tier 28","2026-04-25","2026-04-25","654.18","636.32"
"theme-parks-with-park-hopper","theme-parks","4","Park Hopper","STD_GST","Tier 29","2026-04-26","2026-04-26","653.68","635.82"
"theme-parks-with-park-hopper","theme-parks","4","Park Hopper","STD_GST","Tier 30","2026-04-27","2026-04-27","648.07","630.21"
"theme-parks-with-park-hopper","theme-parks","4","Park Hopper","STD_GST","Tier 31","2026-04-28","2026-04-28","652.14","634.28"
"theme-parks-with-park-hopper","theme-parks","4","Park Hopper","STD_GST","Tier 32","2026-04-29","2026-04-29","649.28","631.54"
"theme-parks-with-park-hopper","theme-parks","4","Park Hopper","STD_GST","Tier 33","2026-04-30","2026-04-30","651.14","633.28"
"theme-parks-with-park-hopper","theme-parks","4","Park Hopper","STD_GST","Tier 34","2026-05-01","2026-05-01","644.21","626.47"
"theme-parks-with-park-hopper","theme-parks","4","Park Hopper","STD_GST","Tier 35","2026-05-02","2026-05-02","651.14","633.28"
"theme-parks-with-park-hopper","theme-parks","4","Park Hopper","STD_GST","Tier 36","2026-05-03","2026-05-03","646.76","629.02"
"theme-parks-with-park-hopper","theme-parks","4","Park Hopper","STD_GST","Tier 37","2026-05-04","2026-05-04","656.21","638.35"
"theme-parks-with-park-hopper","theme-parks","4","Park Hopper","STD_GST","Tier 38","2026-05-05","2026-05-05","652.14","634.28"
"theme-parks-with-park-hopper","theme-parks","4","Park Hopper","STD_GST","Tier 39","2026-05-06","2026-05-06","650.6","632.74"
"theme-parks-with-park-hopper","theme-parks","4","Park Hopper","STD_GST","Tier 40","2026-05-07","2026-05-07","655.71","637.85"
"theme-parks-with-park-hopper","theme-parks","4","Park Hopper","STD_GST","Tier 41","2026-05-08","2026-05-08","658.28","640.42"
"theme-parks-with-park-hopper","theme-parks","4","Park Hopper","STD_GST","Tier 42","2026-05-09","2026-05-09","657.25","639.39"
"theme-parks-with-park-hopper","theme-parks","4","Park Hopper","STD_GST","Tier 43","2026-05-10","2026-05-10","656.21","638.35"
"theme-parks-with-park-hopper","theme-parks","4","Park Hopper","STD_GST","Tier 44","2026-05-11","2026-05-11","652.64","634.78"
"theme-parks-with-park-hopper","theme-parks","4","Park Hopper","STD_GST","Tier 45","2026-05-12","2026-05-15","647.57","629.71"
"theme-parks-with-park-hopper","theme-parks","4","Park Hopper","STD_GST","Tier 46","2026-05-16","2026-05-16","649.07","631.21"
"theme-parks-with-park-hopper","theme-parks","4","Park Hopper","STD_GST","Tier 47","2026-05-17","2026-05-17","650.6","632.74"
"theme-parks-with-park-hopper","theme-parks","4","Park Hopper","STD_GST","Tier 48","2026-05-18","2026-05-18","654.71","636.85"
"theme-parks-with-park-hopper","theme-parks","4","Park Hopper","STD_GST","Tier 49","2026-05-19","2026-05-19","662.86","645"
"theme-parks-with-park-hopper","theme-parks","4","Park Hopper","STD_GST","Tier 50","2026-05-20","2026-05-20","667.96","650.1"
"theme-parks-with-park-hopper","theme-parks","4","Park Hopper","STD_GST","Tier 51","2026-05-21","2026-05-21","673.07","655.21"
"theme-parks-with-park-hopper","theme-parks","4","Park Hopper","STD_GST","Tier 52","2026-05-22","2026-05-22","678.18","660.32"
"theme-parks-with-park-hopper","theme-parks","4","Park Hopper","STD_GST","Tier 53","2026-05-23","2026-05-23","676.14","658.28"
"theme-parks-with-park-hopper","theme-parks","4","Park Hopper","STD_GST","Tier 54","2026-05-24","2026-05-24","672.04","654.18"
"theme-parks-with-park-hopper","theme-parks","4","Park Hopper","STD_GST","Tier 55","2026-05-25","2026-05-25","665.43","647.57"
"theme-parks-with-park-hopper","theme-parks","4","Park Hopper","STD_GST","Tier 56","2026-05-26","2026-05-26","662.36","644.5"
"theme-parks-with-park-hopper","theme-parks","4","Park Hopper","STD_GST","Tier 57","2026-05-27","2026-05-27","659.78","641.92"
"theme-parks-with-park-hopper","theme-parks","4","Park Hopper","STD_GST","Tier 58","2026-05-28","2026-05-28","654.71","636.85"
"theme-parks-with-park-hopper","theme-parks","4","Park Hopper","STD_GST","Tier 59","2026-05-29","2026-05-29","649.6","631.74"
"theme-parks-with-park-hopper","theme-parks","4","Park Hopper","STD_GST","Tier 60","2026-05-30","2026-05-30","642.68","624.94"
"theme-parks-with-park-hopper","theme-parks","4","Park Hopper","STD_GST","Tier 61","2026-05-31","2026-05-31","642.19","624.45"
"theme-parks-with-park-hopper","theme-parks","4","Park Hopper","STD_GST","Tier 62","2026-06-01","2026-06-01","644.21","626.47"
"theme-parks-with-park-hopper","theme-parks","4","Park Hopper","STD_GST","Tier 63","2026-06-02","2026-06-02","641.69","623.95"
"theme-parks-with-park-hopper","theme-parks","4","Park Hopper","STD_GST","Tier 64","2026-06-03","2026-06-04","639.14","621.4"
"theme-parks-with-park-hopper","theme-parks","4","Park Hopper","STD_GST","Tier 65","2026-06-05","2026-06-05","643.46","625.6"
"theme-parks-with-park-hopper","theme-parks","4","Park Hopper","STD_GST","Tier 66","2026-06-06","2026-06-06","639.14","621.4"
"theme-parks-with-park-hopper","theme-parks","4","Park Hopper","STD_GST","Tier 67","2026-06-07","2026-06-07","646.03","628.17"
"theme-parks-with-park-hopper","theme-parks","4","Park Hopper","STD_GST","Tier 68","2026-06-08","2026-06-15","641.69","623.95"
"theme-parks-with-park-hopper","theme-parks","4","Park Hopper","STD_GST","Tier 69","2026-06-16","2026-06-18","644.21","626.47"
"theme-parks-with-park-hopper","theme-parks","4","Park Hopper","STD_GST","Tier 70","2026-06-19","2026-06-19","649.28","631.54"
"theme-parks-with-park-hopper","theme-parks","4","Park Hopper","STD_GST","Tier 71","2026-06-20","2026-06-20","652.34","634.6"
"theme-parks-with-park-hopper","theme-parks","4","Park Hopper","STD_GST","Tier 72","2026-06-21","2026-06-21","652.83","635.09"
"theme-parks-with-park-hopper","theme-parks","4","Park Hopper","STD_GST","Tier 73","2026-06-22","2026-06-23","655.88","638.14"
"theme-parks-with-park-hopper","theme-parks","4","Park Hopper","STD_GST","Tier 74","2026-06-24","2026-06-25","658.9","641.16"
"theme-parks-with-park-hopper","theme-parks","4","Park Hopper","STD_GST","Tier 75","2026-06-26","2026-06-26","658.78","640.92"
"theme-parks-with-park-hopper","theme-parks","4","Park Hopper","STD_GST","Tier 76","2026-06-27","2026-06-27","658.28","640.42"
"theme-parks-with-park-hopper","theme-parks","4","Park Hopper","STD_GST","Tier 77","2026-06-28","2026-06-28","657.75","639.89"
"theme-parks-with-park-hopper","theme-parks","4","Park Hopper","STD_GST","Tier 78","2026-06-29","2026-06-29","654.71","636.85"
"theme-parks-with-park-hopper","theme-parks","4","Park Hopper","STD_GST","Tier 79","2026-06-30","2026-06-30","651.64","633.78"
"theme-parks-with-park-hopper","theme-parks","4","Park Hopper","STD_GST","Tier 80","2026-07-01","2026-07-01","645","627.14"
"theme-parks-with-park-hopper","theme-parks","4","Park Hopper","STD_GST","Tier 81","2026-07-02","2026-07-02","641.42","623.56"
"theme-parks-with-park-hopper","theme-parks","4","Park Hopper","STD_GST","Tier 82","2026-07-03","2026-07-03","637.35","619.49"
"theme-parks-with-park-hopper","theme-parks","4","Park Hopper","STD_GST","Tier 83","2026-07-04","2026-07-04","631.21","613.35"
"theme-parks-with-park-hopper","theme-parks","4","Park Hopper","STD_GST","Tier 84","2026-07-05","2026-07-05","625.1","607.24"
"theme-parks-with-park-hopper","theme-parks","4","Park Hopper","STD_GST","Tier 85","2026-07-06","2026-07-06","618.99","601.13"
"theme-parks-with-park-hopper","theme-parks","5","Park Hopper","STD_GST","Tier 1","2026-03-08","2026-03-08","762.95","742.93"
"theme-parks-with-park-hopper","theme-parks","5","Park Hopper","STD_GST","Tier 2","2026-03-09","2026-03-09","760.47","740.44"
"theme-parks-with-park-hopper","theme-parks","5","Park Hopper","STD_GST","Tier 3","2026-03-10","2026-03-10","759.47","739.44"
"theme-parks-with-park-hopper","theme-parks","5","Park Hopper","STD_GST","Tier 4","2026-03-11","2026-03-11","756.46","736.44"
"theme-parks-with-park-hopper","theme-parks","5","Park Hopper","STD_GST","Tier 5","2026-03-12","2026-03-12","753.46","733.44"
"theme-parks-with-park-hopper","theme-parks","5","Park Hopper","STD_GST","Tier 6","2026-03-13","2026-03-13","752.94","732.91"
"theme-parks-with-park-hopper","theme-parks","5","Park Hopper","STD_GST","Tier 7","2026-03-14","2026-03-14","751.46","731.43"
"theme-parks-with-park-hopper","theme-parks","5","Park Hopper","STD_GST","Tier 8","2026-03-15","2026-03-15","749.94","729.91"
"theme-parks-with-park-hopper","theme-parks","5","Park Hopper","STD_GST","Tier 9","2026-03-16","2026-03-16","748.45","728.43"
"theme-parks-with-park-hopper","theme-parks","5","Park Hopper","STD_GST","Tier 10","2026-03-17","2026-03-17","746.93","726.91"
"theme-parks-with-park-hopper","theme-parks","5","Park Hopper","STD_GST","Tier 11","2026-03-18","2026-03-18","745.45","725.43"
"theme-parks-with-park-hopper","theme-parks","5","Park Hopper","STD_GST","Tier 12","2026-03-19","2026-03-19","745.93","725.91"
"theme-parks-with-park-hopper","theme-parks","5","Park Hopper","STD_GST","Tier 13","2026-03-20","2026-03-20","747.45","727.43"
"theme-parks-with-park-hopper","theme-parks","5","Park Hopper","STD_GST","Tier 14","2026-03-21","2026-03-21","749.46","729.43"
"theme-parks-with-park-hopper","theme-parks","5","Park Hopper","STD_GST","Tier 15","2026-03-22","2026-03-24","750.94","730.91"
"theme-parks-with-park-hopper","theme-parks","5","Park Hopper","STD_GST","Tier 16","2026-03-25","2026-03-25","753.46","733.44"
"theme-parks-with-park-hopper","theme-parks","5","Park Hopper","STD_GST","Tier 17","2026-03-26","2026-03-26","755.94","735.92"
"theme-parks-with-park-hopper","theme-parks","5","Park Hopper","STD_GST","Tier 18","2026-03-27","2026-03-27","759.95","739.92"
"theme-parks-with-park-hopper","theme-parks","5","Park Hopper","STD_GST","Tier 19","2026-03-28","2026-03-29","762.95","742.93"
"theme-parks-with-park-hopper","theme-parks","5","Park Hopper","STD_GST","Tier 20","2026-03-30","2026-04-02","761.47","741.45"
"theme-parks-with-park-hopper","theme-parks","5","Park Hopper","STD_GST","Tier 21","2026-04-03","2026-04-05","762.95","742.93"
"theme-parks-with-park-hopper","theme-parks","5","Park Hopper","STD_GST","Tier 22","2026-04-06","2026-04-06","761.47","741.45"
"theme-parks-with-park-hopper","theme-parks","5","Park Hopper","STD_GST","Tier 23","2026-04-07","2026-04-07","758.95","738.92"
"theme-parks-with-park-hopper","theme-parks","5","Park Hopper","STD_GST","Tier 24","2026-04-08","2026-04-08","756.46","736.44"
"theme-parks-with-park-hopper","theme-parks","5","Park Hopper","STD_GST","Tier 25","2026-04-09","2026-04-09","753.94","733.92"
"theme-parks-with-park-hopper","theme-parks","5","Park Hopper","STD_GST","Tier 26","2026-04-10","2026-04-12","755.46","735.44"
"theme-parks-with-park-hopper","theme-parks","5","Park Hopper","STD_GST","Tier 27","2026-04-13","2026-04-16","753.94","733.92"
"theme-parks-with-park-hopper","theme-parks","5","Park Hopper","STD_GST","Tier 28","2026-04-17","2026-04-19","757.95","737.92"
"theme-parks-with-park-hopper","theme-parks","5","Park Hopper","STD_GST","Tier 29","2026-04-20","2026-04-20","753.46","733.44"
"theme-parks-with-park-hopper","theme-parks","5","Park Hopper","STD_GST","Tier 30","2026-04-21","2026-04-21","747.93","727.91"
"theme-parks-with-park-hopper","theme-parks","5","Park Hopper","STD_GST","Tier 31","2026-04-22","2026-04-22","739.92","719.9"
"theme-parks-with-park-hopper","theme-parks","5","Park Hopper","STD_GST","Tier 32","2026-04-23","2026-04-23","736.92","716.89"
"theme-parks-with-park-hopper","theme-parks","5","Park Hopper","STD_GST","Tier 33","2026-04-24","2026-04-24","737.92","717.9"
"theme-parks-with-park-hopper","theme-parks","5","Park Hopper","STD_GST","Tier 34","2026-04-25","2026-04-25","737.44","717.42"
"theme-parks-with-park-hopper","theme-parks","5","Park Hopper","STD_GST","Tier 35","2026-04-26","2026-04-26","731.91","711.89"
"theme-parks-with-park-hopper","theme-parks","5","Park Hopper","STD_GST","Tier 36","2026-04-27","2026-04-27","731.43","711.41"
"theme-parks-with-park-hopper","theme-parks","5","Park Hopper","STD_GST","Tier 37","2026-04-28","2026-04-28","714.93","695.33"
"theme-parks-with-park-hopper","theme-parks","5","Park Hopper","STD_GST","Tier 38","2026-04-29","2026-04-30","710.03","690.43"
"theme-parks-with-park-hopper","theme-parks","5","Park Hopper","STD_GST","Tier 39","2026-05-01","2026-05-01","716.38","696.78"
"theme-parks-with-park-hopper","theme-parks","5","Park Hopper","STD_GST","Tier 40","2026-05-02","2026-05-03","718.85","699.25"
"theme-parks-with-park-hopper","theme-parks","5","Park Hopper","STD_GST","Tier 41","2026-05-04","2026-05-04","735.44","715.41"
"theme-parks-with-park-hopper","theme-parks","5","Park Hopper","STD_GST","Tier 42","2026-05-05","2026-05-05","728.91","708.88"
"theme-parks-with-park-hopper","theme-parks","5","Park Hopper","STD_GST","Tier 43","2026-05-06","2026-05-06","727.43","707.4"
"theme-parks-with-park-hopper","theme-parks","5","Park Hopper","STD_GST","Tier 44","2026-05-07","2026-05-07","732.43","712.41"
"theme-parks-with-park-hopper","theme-parks","5","Park Hopper","STD_GST","Tier 45","2026-05-08","2026-05-08","740.44","720.42"
"theme-parks-with-park-hopper","theme-parks","5","Park Hopper","STD_GST","Tier 46","2026-05-09","2026-05-09","739.44","719.42"
"theme-parks-with-park-hopper","theme-parks","5","Park Hopper","STD_GST","Tier 47","2026-05-10","2026-05-10","735.92","715.89"
"theme-parks-with-park-hopper","theme-parks","5","Park Hopper","STD_GST","Tier 48","2026-05-11","2026-05-11","726.91","706.88"
"theme-parks-with-park-hopper","theme-parks","5","Park Hopper","STD_GST","Tier 49","2026-05-12","2026-05-14","724.42","704.4"
"theme-parks-with-park-hopper","theme-parks","5","Park Hopper","STD_GST","Tier 50","2026-05-15","2026-05-15","731.43","711.41"
"theme-parks-with-park-hopper","theme-parks","5","Park Hopper","STD_GST","Tier 51","2026-05-16","2026-05-16","732.91","712.89"
"theme-parks-with-park-hopper","theme-parks","5","Park Hopper","STD_GST","Tier 52","2026-05-17","2026-05-17","734.44","714.41"
"theme-parks-with-park-hopper","theme-parks","5","Park Hopper","STD_GST","Tier 53","2026-05-18","2026-05-18","736.92","716.89"
"theme-parks-with-park-hopper","theme-parks","5","Park Hopper","STD_GST","Tier 54","2026-05-19","2026-05-19","744.45","724.42"
"theme-parks-with-park-hopper","theme-parks","5","Park Hopper","STD_GST","Tier 55","2026-05-20","2026-05-20","749.46","729.43"
"theme-parks-with-park-hopper","theme-parks","5","Park Hopper","STD_GST","Tier 56","2026-05-21","2026-05-21","754.46","734.44"
"theme-parks-with-park-hopper","theme-parks","5","Park Hopper","STD_GST","Tier 57","2026-05-22","2026-05-22","759.47","739.44"
"theme-parks-with-park-hopper","theme-parks","5","Park Hopper","STD_GST","Tier 58","2026-05-23","2026-05-23","755.46","735.44"
"theme-parks-with-park-hopper","theme-parks","5","Park Hopper","STD_GST","Tier 59","2026-05-24","2026-05-24","748.93","728.91"
"theme-parks-with-park-hopper","theme-parks","5","Park Hopper","STD_GST","Tier 60","2026-05-25","2026-05-25","744.45","724.42"
"theme-parks-with-park-hopper","theme-parks","5","Park Hopper","STD_GST","Tier 61","2026-05-26","2026-05-26","741.45","721.42"
"theme-parks-with-park-hopper","theme-parks","5","Park Hopper","STD_GST","Tier 62","2026-05-27","2026-05-27","736.44","716.41"
"theme-parks-with-park-hopper","theme-parks","5","Park Hopper","STD_GST","Tier 63","2026-05-28","2026-05-28","731.43","711.41"
"theme-parks-with-park-hopper","theme-parks","5","Park Hopper","STD_GST","Tier 64","2026-05-29","2026-05-29","713.44","693.84"
"theme-parks-with-park-hopper","theme-parks","5","Park Hopper","STD_GST","Tier 65","2026-05-30","2026-05-30","711.01","691.41"
"theme-parks-with-park-hopper","theme-parks","5","Park Hopper","STD_GST","Tier 66","2026-05-31","2026-05-31","710.5","690.9"
"theme-parks-with-park-hopper","theme-parks","5","Park Hopper","STD_GST","Tier 67","2026-06-01","2026-06-01","710.03","690.43"
"theme-parks-with-park-hopper","theme-parks","5","Park Hopper","STD_GST","Tier 68","2026-06-02","2026-06-02","707.56","687.96"
"theme-parks-with-park-hopper","theme-parks","5","Park Hopper","STD_GST","Tier 69","2026-06-03","2026-06-04","705.13","685.53"
"theme-parks-with-park-hopper","theme-parks","5","Park Hopper","STD_GST","Tier 70","2026-06-05","2026-06-05","707.56","687.96"
"theme-parks-with-park-hopper","theme-parks","5","Park Hopper","STD_GST","Tier 71","2026-06-06","2026-06-07","710.03","690.43"
"theme-parks-with-park-hopper","theme-parks","5","Park Hopper","STD_GST","Tier 72","2026-06-08","2026-06-11","707.56","687.96"
"theme-parks-with-park-hopper","theme-parks","5","Park Hopper","STD_GST","Tier 73","2026-06-12","2026-06-12","710.03","690.43"
"theme-parks-with-park-hopper","theme-parks","5","Park Hopper","STD_GST","Tier 74","2026-06-13","2026-06-13","712.46","692.86"
"theme-parks-with-park-hopper","theme-parks","5","Park Hopper","STD_GST","Tier 75","2026-06-14","2026-06-17","710.03","690.43"
"theme-parks-with-park-hopper","theme-parks","5","Park Hopper","STD_GST","Tier 76","2026-06-18","2026-06-18","714.93","695.33"
"theme-parks-with-park-hopper","theme-parks","5","Park Hopper","STD_GST","Tier 77","2026-06-19","2026-06-19","720.3","700.7"
"theme-parks-with-park-hopper","theme-parks","5","Park Hopper","STD_GST","Tier 78","2026-06-20","2026-06-20","723.24","703.64"
"theme-parks-with-park-hopper","theme-parks","5","Park Hopper","STD_GST","Tier 79","2026-06-21","2026-06-22","723.75","704.15"
"theme-parks-with-park-hopper","theme-parks","5","Park Hopper","STD_GST","Tier 80","2026-06-23","2026-06-24","724.22","704.62"
"theme-parks-with-park-hopper","theme-parks","5","Park Hopper","STD_GST","Tier 81","2026-06-25","2026-06-26","740.44","720.42"
"theme-parks-with-park-hopper","theme-parks","5","Park Hopper","STD_GST","Tier 82","2026-06-27","2026-06-27","739.92","719.9"
"theme-parks-with-park-hopper","theme-parks","5","Park Hopper","STD_GST","Tier 83","2026-06-28","2026-06-28","736.92","716.89"
"theme-parks-with-park-hopper","theme-parks","5","Park Hopper","STD_GST","Tier 84","2026-06-29","2026-06-29","730.91","710.89"
"theme-parks-with-park-hopper","theme-parks","5","Park Hopper","STD_GST","Tier 85","2026-06-30","2026-06-30","724.9","704.88"
"theme-parks-with-park-hopper","theme-parks","5","Park Hopper","STD_GST","Tier 86","2026-07-01","2026-07-01","718.42","698.39"
"theme-parks-with-park-hopper","theme-parks","5","Park Hopper","STD_GST","Tier 87","2026-07-02","2026-07-02","714.89","694.87"
"theme-parks-with-park-hopper","theme-parks","5","Park Hopper","STD_GST","Tier 88","2026-07-03","2026-07-03","713.41","693.39"
"theme-parks-with-park-hopper","theme-parks","5","Park Hopper","STD_GST","Tier 89","2026-07-04","2026-07-04","707.4","687.38"
"theme-parks-with-park-hopper","theme-parks","5","Park Hopper","STD_GST","Tier 90","2026-07-05","2026-07-05","684.04","664.44"
"theme-parks-with-park-hopper","theme-parks","5","Park Hopper","STD_GST","Tier 91","2026-07-06","2026-07-06","675.73","656.13"
"theme-parks-with-park-hopper","theme-parks","6","Park Hopper","STD_GST","Tier 1","2026-03-08","2026-03-08","806.45","785.24"
"theme-parks-with-park-hopper","theme-parks","6","Park Hopper","STD_GST","Tier 2","2026-03-09","2026-03-09","804.11","782.9"
"theme-parks-with-park-hopper","theme-parks","6","Park Hopper","STD_GST","Tier 3","2026-03-10","2026-03-10","801.27","780.06"
"theme-parks-with-park-hopper","theme-parks","6","Park Hopper","STD_GST","Tier 4","2026-03-11","2026-03-11","798.43","777.22"
"theme-parks-with-park-hopper","theme-parks","6","Park Hopper","STD_GST","Tier 5","2026-03-12","2026-03-13","797.96","776.75"
"theme-parks-with-park-hopper","theme-parks","6","Park Hopper","STD_GST","Tier 6","2026-03-14","2026-03-14","796.56","775.35"
"theme-parks-with-park-hopper","theme-parks","6","Park Hopper","STD_GST","Tier 7","2026-03-15","2026-03-15","795.12","773.91"
"theme-parks-with-park-hopper","theme-parks","6","Park Hopper","STD_GST","Tier 8","2026-03-16","2026-03-16","791.39","770.18"
"theme-parks-with-park-hopper","theme-parks","6","Park Hopper","STD_GST","Tier 9","2026-03-17","2026-03-17","789.95","768.74"
"theme-parks-with-park-hopper","theme-parks","6","Park Hopper","STD_GST","Tier 10","2026-03-18","2026-03-18","788.55","767.34"
"theme-parks-with-park-hopper","theme-parks","6","Park Hopper","STD_GST","Tier 11","2026-03-19","2026-03-19","789.95","768.74"
"theme-parks-with-park-hopper","theme-parks","6","Park Hopper","STD_GST","Tier 12","2026-03-20","2026-03-20","794.19","772.98"
"theme-parks-with-park-hopper","theme-parks","6","Park Hopper","STD_GST","Tier 13","2026-03-21","2026-03-24","796.1","774.89"
"theme-parks-with-park-hopper","theme-parks","6","Park Hopper","STD_GST","Tier 14","2026-03-25","2026-03-25","798.43","777.22"
"theme-parks-with-park-hopper","theme-parks","6","Park Hopper","STD_GST","Tier 15","2026-03-26","2026-03-26","802.2","780.99"
"theme-parks-with-park-hopper","theme-parks","6","Park Hopper","STD_GST","Tier 16","2026-03-27","2026-03-27","805.98","784.77"
"theme-parks-with-park-hopper","theme-parks","6","Park Hopper","STD_GST","Tier 17","2026-03-28","2026-03-28","808.82","787.61"
"theme-parks-with-park-hopper","theme-parks","6","Park Hopper","STD_GST","Tier 18","2026-03-29","2026-03-29","807.38","786.17"
"theme-parks-with-park-hopper","theme-parks","6","Park Hopper","STD_GST","Tier 19","2026-03-30","2026-04-01","805.98","784.77"
"theme-parks-with-park-hopper","theme-parks","6","Park Hopper","STD_GST","Tier 20","2026-04-02","2026-04-02","807.38","786.17"
"theme-parks-with-park-hopper","theme-parks","6","Park Hopper","STD_GST","Tier 21","2026-04-03","2026-04-04","808.82","787.61"
"theme-parks-with-park-hopper","theme-parks","6","Park Hopper","STD_GST","Tier 22","2026-04-05","2026-04-05","807.38","786.17"
"theme-parks-with-park-hopper","theme-parks","6","Park Hopper","STD_GST","Tier 23","2026-04-06","2026-04-06","803.6","782.39"
"theme-parks-with-park-hopper","theme-parks","6","Park Hopper","STD_GST","Tier 24","2026-04-07","2026-04-07","801.27","780.06"
"theme-parks-with-park-hopper","theme-parks","6","Park Hopper","STD_GST","Tier 25","2026-04-08","2026-04-08","798.9","777.69"
"theme-parks-with-park-hopper","theme-parks","6","Park Hopper","STD_GST","Tier 26","2026-04-09","2026-04-09","800.34","779.13"
"theme-parks-with-park-hopper","theme-parks","6","Park Hopper","STD_GST","Tier 27","2026-04-10","2026-04-11","801.74","780.53"
"theme-parks-with-park-hopper","theme-parks","6","Park Hopper","STD_GST","Tier 28","2026-04-12","2026-04-12","800.34","779.13"
"theme-parks-with-park-hopper","theme-parks","6","Park Hopper","STD_GST","Tier 29","2026-04-13","2026-04-13","798.9","777.69"
"theme-parks-with-park-hopper","theme-parks","6","Park Hopper","STD_GST","Tier 30","2026-04-14","2026-04-15","796.56","775.35"
"theme-parks-with-park-hopper","theme-parks","6","Park Hopper","STD_GST","Tier 31","2026-04-16","2026-04-16","800.34","779.13"
"theme-parks-with-park-hopper","theme-parks","6","Park Hopper","STD_GST","Tier 32","2026-04-17","2026-04-18","804.11","782.9"
"theme-parks-with-park-hopper","theme-parks","6","Park Hopper","STD_GST","Tier 33","2026-04-19","2026-04-19","799.87","778.66"
"theme-parks-with-park-hopper","theme-parks","6","Park Hopper","STD_GST","Tier 34","2026-04-20","2026-04-20","793.25","772.04"
"theme-parks-with-park-hopper","theme-parks","6","Park Hopper","STD_GST","Tier 35","2026-04-21","2026-04-21","785.7","764.49"
"theme-parks-with-park-hopper","theme-parks","6","Park Hopper","STD_GST","Tier 36","2026-04-22","2026-04-22","780.53","759.32"
"theme-parks-with-park-hopper","theme-parks","6","Park Hopper","STD_GST","Tier 37","2026-04-23","2026-04-23","781.46","760.25"
"theme-parks-with-park-hopper","theme-parks","6","Park Hopper","STD_GST","Tier 38","2026-04-24","2026-04-24","784.77","763.56"
"theme-parks-with-park-hopper","theme-parks","6","Park Hopper","STD_GST","Tier 39","2026-04-25","2026-04-25","779.59","758.38"
"theme-parks-with-park-hopper","theme-parks","6","Park Hopper","STD_GST","Tier 40","2026-04-26","2026-04-26","779.13","757.92"
"theme-parks-with-park-hopper","theme-parks","6","Park Hopper","STD_GST","Tier 41","2026-04-27","2026-04-27","773.91","752.7"
"theme-parks-with-park-hopper","theme-parks","6","Park Hopper","STD_GST","Tier 42","2026-04-28","2026-04-28","736.5","716.13"
"theme-parks-with-park-hopper","theme-parks","6","Park Hopper","STD_GST","Tier 43","2026-04-29","2026-04-29","734.22","713.85"
"theme-parks-with-park-hopper","theme-parks","6","Park Hopper","STD_GST","Tier 44","2026-04-30","2026-04-30","742.36","721.99"
"theme-parks-with-park-hopper","theme-parks","6","Park Hopper","STD_GST","Tier 45","2026-05-01","2026-05-01","748.27","727.9"
"theme-parks-with-park-hopper","theme-parks","6","Park Hopper","STD_GST","Tier 46","2026-05-02","2026-05-02","750.51","730.14"
"theme-parks-with-park-hopper","theme-parks","6","Park Hopper","STD_GST","Tier 47","2026-05-03","2026-05-03","746.89","726.52"
"theme-parks-with-park-hopper","theme-parks","6","Park Hopper","STD_GST","Tier 48","2026-05-04","2026-05-04","776.29","755.08"
"theme-parks-with-park-hopper","theme-parks","6","Park Hopper","STD_GST","Tier 49","2026-05-05","2026-05-05","770.18","748.97"
"theme-parks-with-park-hopper","theme-parks","6","Park Hopper","STD_GST","Tier 50","2026-05-06","2026-05-06","768.74","747.53"
"theme-parks-with-park-hopper","theme-parks","6","Park Hopper","STD_GST","Tier 51","2026-05-07","2026-05-07","778.66","757.45"
"theme-parks-with-park-hopper","theme-parks","6","Park Hopper","STD_GST","Tier 52","2026-05-08","2026-05-08","786.17","764.96"
"theme-parks-with-park-hopper","theme-parks","6","Park Hopper","STD_GST","Tier 53","2026-05-09","2026-05-09","782.9","761.69"
"theme-parks-with-park-hopper","theme-parks","6","Park Hopper","STD_GST","Tier 54","2026-05-10","2026-05-10","774.42","753.21"
"theme-parks-with-park-hopper","theme-parks","6","Park Hopper","STD_GST","Tier 55","2026-05-11","2026-05-11","768.27","747.06"
"theme-parks-with-park-hopper","theme-parks","6","Park Hopper","STD_GST","Tier 56","2026-05-12","2026-05-13","765.94","744.73"
"theme-parks-with-park-hopper","theme-parks","6","Park Hopper","STD_GST","Tier 57","2026-05-14","2026-05-14","772.51","751.3"
"theme-parks-with-park-hopper","theme-parks","6","Park Hopper","STD_GST","Tier 58","2026-05-15","2026-05-15","779.13","757.92"
"theme-parks-with-park-hopper","theme-parks","6","Park Hopper","STD_GST","Tier 59","2026-05-16","2026-05-17","780.53","759.32"
"theme-parks-with-park-hopper","theme-parks","6","Park Hopper","STD_GST","Tier 60","2026-05-18","2026-05-18","782.39","761.18"
"theme-parks-with-park-hopper","theme-parks","6","Park Hopper","STD_GST","Tier 61","2026-05-19","2026-05-19","789.48","768.27"
"theme-parks-with-park-hopper","theme-parks","6","Park Hopper","STD_GST","Tier 62","2026-05-20","2026-05-20","794.19","772.98"
"theme-parks-with-park-hopper","theme-parks","6","Park Hopper","STD_GST","Tier 63","2026-05-21","2026-05-21","798.9","777.69"
"theme-parks-with-park-hopper","theme-parks","6","Park Hopper","STD_GST","Tier 64","2026-05-22","2026-05-22","801.74","780.53"
"theme-parks-with-park-hopper","theme-parks","6","Park Hopper","STD_GST","Tier 65","2026-05-23","2026-05-23","795.63","774.42"
"theme-parks-with-park-hopper","theme-parks","6","Park Hopper","STD_GST","Tier 66","2026-05-24","2026-05-24","791.39","770.18"
"theme-parks-with-park-hopper","theme-parks","6","Park Hopper","STD_GST","Tier 67","2026-05-25","2026-05-25","787.15","765.94"
"theme-parks-with-park-hopper","theme-parks","6","Park Hopper","STD_GST","Tier 68","2026-05-26","2026-05-26","781.93","760.72"
"theme-parks-with-park-hopper","theme-parks","6","Park Hopper","STD_GST","Tier 69","2026-05-27","2026-05-27","777.22","756.01"
"theme-parks-with-park-hopper","theme-parks","6","Park Hopper","STD_GST","Tier 70","2026-05-28","2026-05-28","774.89","753.68"
"theme-parks-with-park-hopper","theme-parks","6","Park Hopper","STD_GST","Tier 71","2026-05-29","2026-05-29","741.92","721.55"
"theme-parks-with-park-hopper","theme-parks","6","Park Hopper","STD_GST","Tier 72","2026-05-30","2026-05-30","739.68","719.31"
"theme-parks-with-park-hopper","theme-parks","6","Park Hopper","STD_GST","Tier 73","2026-05-31","2026-05-31","736.95","716.58"
"theme-parks-with-park-hopper","theme-parks","6","Park Hopper","STD_GST","Tier 74","2026-06-01","2026-06-01","736.5","716.13"
"theme-parks-with-park-hopper","theme-parks","6","Park Hopper","STD_GST","Tier 75","2026-06-02","2026-06-02","734.22","713.85"
"theme-parks-with-park-hopper","theme-parks","6","Park Hopper","STD_GST","Tier 76","2026-06-03","2026-06-03","731.98","711.61"
"theme-parks-with-park-hopper","theme-parks","6","Park Hopper","STD_GST","Tier 77","2026-06-04","2026-06-04","734.22","713.85"
"theme-parks-with-park-hopper","theme-parks","6","Park Hopper","STD_GST","Tier 78","2026-06-05","2026-06-06","738.74","718.37"
"theme-parks-with-park-hopper","theme-parks","6","Park Hopper","STD_GST","Tier 79","2026-06-07","2026-06-07","736.5","716.13"
"theme-parks-with-park-hopper","theme-parks","6","Park Hopper","STD_GST","Tier 80","2026-06-08","2026-06-10","734.22","713.85"
"theme-parks-with-park-hopper","theme-parks","6","Park Hopper","STD_GST","Tier 81","2026-06-11","2026-06-11","736.5","716.13"
"theme-parks-with-park-hopper","theme-parks","6","Park Hopper","STD_GST","Tier 82","2026-06-12","2026-06-13","741.02","720.65"
"theme-parks-with-park-hopper","theme-parks","6","Park Hopper","STD_GST","Tier 83","2026-06-14","2026-06-14","738.74","718.37"
"theme-parks-with-park-hopper","theme-parks","6","Park Hopper","STD_GST","Tier 84","2026-06-15","2026-06-16","736.5","716.13"
"theme-parks-with-park-hopper","theme-parks","6","Park Hopper","STD_GST","Tier 85","2026-06-17","2026-06-17","741.02","720.65"
"theme-parks-with-park-hopper","theme-parks","6","Park Hopper","STD_GST","Tier 86","2026-06-18","2026-06-18","745.99","725.62"
"theme-parks-with-park-hopper","theme-parks","6","Park Hopper","STD_GST","Tier 87","2026-06-19","2026-06-19","750.96","730.59"
"theme-parks-with-park-hopper","theme-parks","6","Park Hopper","STD_GST","Tier 88","2026-06-20","2026-06-20","753.69","733.32"
"theme-parks-with-park-hopper","theme-parks","6","Park Hopper","STD_GST","Tier 89","2026-06-21","2026-06-21","751.41","731.04"
"theme-parks-with-park-hopper","theme-parks","6","Park Hopper","STD_GST","Tier 90","2026-06-22","2026-06-22","751.9","731.53"
"theme-parks-with-park-hopper","theme-parks","6","Park Hopper","STD_GST","Tier 91","2026-06-23","2026-06-23","749.62","729.25"
"theme-parks-with-park-hopper","theme-parks","6","Park Hopper","STD_GST","Tier 92","2026-06-24","2026-06-24","750.06","729.69"
"theme-parks-with-park-hopper","theme-parks","6","Park Hopper","STD_GST","Tier 93","2026-06-25","2026-06-26","785.7","764.49"
"theme-parks-with-park-hopper","theme-parks","6","Park Hopper","STD_GST","Tier 94","2026-06-27","2026-06-27","782.9","761.69"
"theme-parks-with-park-hopper","theme-parks","6","Park Hopper","STD_GST","Tier 95","2026-06-28","2026-06-28","777.22","756.01"
"theme-parks-with-park-hopper","theme-parks","6","Park Hopper","STD_GST","Tier 96","2026-06-29","2026-06-29","768.74","747.53"
"theme-parks-with-park-hopper","theme-parks","6","Park Hopper","STD_GST","Tier 97","2026-06-30","2026-06-30","763.09","741.88"
"theme-parks-with-park-hopper","theme-parks","6","Park Hopper","STD_GST","Tier 98","2026-07-01","2026-07-01","756.94","735.73"
"theme-parks-with-park-hopper","theme-parks","6","Park Hopper","STD_GST","Tier 99","2026-07-02","2026-07-02","756.01","734.8"
"theme-parks-with-park-hopper","theme-parks","6","Park Hopper","STD_GST","Tier 100","2026-07-03","2026-07-03","754.61","733.4"
"theme-parks-with-park-hopper","theme-parks","6","Park Hopper","STD_GST","Tier 101","2026-07-04","2026-07-04","746.59","725.38"
"theme-parks-with-park-hopper","theme-parks","6","Park Hopper","STD_GST","Tier 102","2026-07-05","2026-07-05","707.08","686.71"
"theme-parks-with-park-hopper","theme-parks","6","Park Hopper","STD_GST","Tier 103","2026-07-06","2026-07-06","701.62","681.25"
"theme-parks-with-park-hopper","theme-parks","7","Park Hopper","STD_GST","Tier 1","2026-03-08","2026-03-08","827.72","805.91"
"theme-parks-with-park-hopper","theme-parks","7","Park Hopper","STD_GST","Tier 2","2026-03-09","2026-03-09","823.79","801.99"
"theme-parks-with-park-hopper","theme-parks","7","Park Hopper","STD_GST","Tier 3","2026-03-10","2026-03-10","821.18","799.37"
"theme-parks-with-park-hopper","theme-parks","7","Park Hopper","STD_GST","Tier 4","2026-03-11","2026-03-13","820.74","798.94"
"theme-parks-with-park-hopper","theme-parks","7","Park Hopper","STD_GST","Tier 5","2026-03-14","2026-03-14","819.43","797.63"
"theme-parks-with-park-hopper","theme-parks","7","Park Hopper","STD_GST","Tier 6","2026-03-15","2026-03-15","815.94","794.14"
"theme-parks-with-park-hopper","theme-parks","7","Park Hopper","STD_GST","Tier 7","2026-03-16","2026-03-16","812.45","790.65"
"theme-parks-with-park-hopper","theme-parks","7","Park Hopper","STD_GST","Tier 8","2026-03-17","2026-03-17","811.15","789.34"
"theme-parks-with-park-hopper","theme-parks","7","Park Hopper","STD_GST","Tier 9","2026-03-18","2026-03-18","810.71","788.9"
"theme-parks-with-park-hopper","theme-parks","7","Park Hopper","STD_GST","Tier 10","2026-03-19","2026-03-19","814.63","792.83"
"theme-parks-with-park-hopper","theme-parks","7","Park Hopper","STD_GST","Tier 11","2026-03-20","2026-03-20","818.56","796.75"
"theme-parks-with-park-hopper","theme-parks","7","Park Hopper","STD_GST","Tier 12","2026-03-21","2026-03-24","819","797.19"
"theme-parks-with-park-hopper","theme-parks","7","Park Hopper","STD_GST","Tier 13","2026-03-25","2026-03-25","822.48","800.68"
"theme-parks-with-park-hopper","theme-parks","7","Park Hopper","STD_GST","Tier 14","2026-03-26","2026-03-26","825.97","804.17"
"theme-parks-with-park-hopper","theme-parks","7","Park Hopper","STD_GST","Tier 15","2026-03-27","2026-03-27","829.46","807.66"
"theme-parks-with-park-hopper","theme-parks","7","Park Hopper","STD_GST","Tier 16","2026-03-28","2026-03-28","830.77","808.97"
"theme-parks-with-park-hopper","theme-parks","7","Park Hopper","STD_GST","Tier 17","2026-03-29","2026-03-29","829.46","807.66"
"theme-parks-with-park-hopper","theme-parks","7","Park Hopper","STD_GST","Tier 18","2026-03-30","2026-03-31","828.15","806.35"
"theme-parks-with-park-hopper","theme-parks","7","Park Hopper","STD_GST","Tier 19","2026-04-01","2026-04-01","829.46","807.66"
"theme-parks-with-park-hopper","theme-parks","7","Park Hopper","STD_GST","Tier 20","2026-04-02","2026-04-02","830.77","808.97"
"theme-parks-with-park-hopper","theme-parks","7","Park Hopper","STD_GST","Tier 21","2026-04-03","2026-04-03","832.08","810.27"
"theme-parks-with-park-hopper","theme-parks","7","Park Hopper","STD_GST","Tier 22","2026-04-04","2026-04-04","830.77","808.97"
"theme-parks-with-park-hopper","theme-parks","7","Park Hopper","STD_GST","Tier 23","2026-04-05","2026-04-05","827.28","805.48"
"theme-parks-with-park-hopper","theme-parks","7","Park Hopper","STD_GST","Tier 24","2026-04-06","2026-04-06","823.79","801.99"
"theme-parks-with-park-hopper","theme-parks","7","Park Hopper","STD_GST","Tier 25","2026-04-07","2026-04-07","821.61","799.81"
"theme-parks-with-park-hopper","theme-parks","7","Park Hopper","STD_GST","Tier 26","2026-04-08","2026-04-08","822.92","801.12"
"theme-parks-with-park-hopper","theme-parks","7","Park Hopper","STD_GST","Tier 27","2026-04-09","2026-04-09","824.23","802.42"
"theme-parks-with-park-hopper","theme-parks","7","Park Hopper","STD_GST","Tier 28","2026-04-10","2026-04-10","825.54","803.73"
"theme-parks-with-park-hopper","theme-parks","7","Park Hopper","STD_GST","Tier 29","2026-04-11","2026-04-11","824.23","802.42"
"theme-parks-with-park-hopper","theme-parks","7","Park Hopper","STD_GST","Tier 30","2026-04-12","2026-04-12","822.92","801.12"
"theme-parks-with-park-hopper","theme-parks","7","Park Hopper","STD_GST","Tier 31","2026-04-13","2026-04-13","819.43","797.63"
"theme-parks-with-park-hopper","theme-parks","7","Park Hopper","STD_GST","Tier 32","2026-04-14","2026-04-14","817.25","795.45"
"theme-parks-with-park-hopper","theme-parks","7","Park Hopper","STD_GST","Tier 33","2026-04-15","2026-04-15","820.74","798.94"
"theme-parks-with-park-hopper","theme-parks","7","Park Hopper","STD_GST","Tier 34","2026-04-16","2026-04-16","824.23","802.42"
"theme-parks-with-park-hopper","theme-parks","7","Park Hopper","STD_GST","Tier 35","2026-04-17","2026-04-17","827.72","805.91"
"theme-parks-with-park-hopper","theme-parks","7","Park Hopper","STD_GST","Tier 36","2026-04-18","2026-04-18","823.79","801.99"
"theme-parks-with-park-hopper","theme-parks","7","Park Hopper","STD_GST","Tier 37","2026-04-19","2026-04-19","817.69","795.88"
"theme-parks-with-park-hopper","theme-parks","7","Park Hopper","STD_GST","Tier 38","2026-04-20","2026-04-20","809.4","787.6"
"theme-parks-with-park-hopper","theme-parks","7","Park Hopper","STD_GST","Tier 39","2026-04-21","2026-04-21","804.6","782.8"
"theme-parks-with-park-hopper","theme-parks","7","Park Hopper","STD_GST","Tier 40","2026-04-22","2026-04-22","803.3","781.49"
"theme-parks-with-park-hopper","theme-parks","7","Park Hopper","STD_GST","Tier 41","2026-04-23","2026-04-23","806.35","784.54"
"theme-parks-with-park-hopper","theme-parks","7","Park Hopper","STD_GST","Tier 42","2026-04-24","2026-04-24","805.04","783.24"
"theme-parks-with-park-hopper","theme-parks","7","Park Hopper","STD_GST","Tier 43","2026-04-25","2026-04-25","804.6","782.8"
"theme-parks-with-park-hopper","theme-parks","7","Park Hopper","STD_GST","Tier 44","2026-04-26","2026-04-26","799.81","778"
"theme-parks-with-park-hopper","theme-parks","7","Park Hopper","STD_GST","Tier 45","2026-04-27","2026-04-27","789.34","767.54"
"theme-parks-with-park-hopper","theme-parks","7","Park Hopper","STD_GST","Tier 46","2026-04-28","2026-04-28","757.26","736.22"
"theme-parks-with-park-hopper","theme-parks","7","Park Hopper","STD_GST","Tier 47","2026-04-29","2026-04-29","762.73","741.69"
"theme-parks-with-park-hopper","theme-parks","7","Park Hopper","STD_GST","Tier 48","2026-04-30","2026-04-30","770.3","749.27"
"theme-parks-with-park-hopper","theme-parks","7","Park Hopper","STD_GST","Tier 49","2026-05-01","2026-05-01","775.77","754.74"
"theme-parks-with-park-hopper","theme-parks","7","Park Hopper","STD_GST","Tier 50","2026-05-02","2026-05-02","774.51","753.47"
"theme-parks-with-park-hopper","theme-parks","7","Park Hopper","STD_GST","Tier 51","2026-05-03","2026-05-03","769.04","748"
"theme-parks-with-park-hopper","theme-parks","7","Park Hopper","STD_GST","Tier 52","2026-05-04","2026-05-04","795.88","774.08"
"theme-parks-with-park-hopper","theme-parks","7","Park Hopper","STD_GST","Tier 53","2026-05-05","2026-05-05","790.21","768.41"
"theme-parks-with-park-hopper","theme-parks","7","Park Hopper","STD_GST","Tier 54","2026-05-06","2026-05-06","793.7","771.9"
"theme-parks-with-park-hopper","theme-parks","7","Park Hopper","STD_GST","Tier 55","2026-05-07","2026-05-07","802.86","781.06"
"theme-parks-with-park-hopper","theme-parks","7","Park Hopper","STD_GST","Tier 56","2026-05-08","2026-05-08","807.66","785.85"
"theme-parks-with-park-hopper","theme-parks","7","Park Hopper","STD_GST","Tier 57","2026-05-09","2026-05-09","799.81","778"
"theme-parks-with-park-hopper","theme-parks","7","Park Hopper","STD_GST","Tier 58","2026-05-10","2026-05-10","794.14","772.33"
"theme-parks-with-park-hopper","theme-parks","7","Park Hopper","STD_GST","Tier 59","2026-05-11","2026-05-11","788.47","766.66"
"theme-parks-with-park-hopper","theme-parks","7","Park Hopper","STD_GST","Tier 60","2026-05-12","2026-05-12","786.29","764.48"
"theme-parks-with-park-hopper","theme-parks","7","Park Hopper","STD_GST","Tier 61","2026-05-13","2026-05-13","792.39","770.59"
"theme-parks-with-park-hopper","theme-parks","7","Park Hopper","STD_GST","Tier 62","2026-05-14","2026-05-14","798.5","776.69"
"theme-parks-with-park-hopper","theme-parks","7","Park Hopper","STD_GST","Tier 63","2026-05-15","2026-05-16","804.6","782.8"
"theme-parks-with-park-hopper","theme-parks","7","Park Hopper","STD_GST","Tier 64","2026-05-17","2026-05-17","804.17","782.36"
"theme-parks-with-park-hopper","theme-parks","7","Park Hopper","STD_GST","Tier 65","2026-05-18","2026-05-18","805.91","784.11"
"theme-parks-with-park-hopper","theme-parks","7","Park Hopper","STD_GST","Tier 66","2026-05-19","2026-05-19","812.45","790.65"
"theme-parks-with-park-hopper","theme-parks","7","Park Hopper","STD_GST","Tier 67","2026-05-20","2026-05-20","816.82","795.01"
"theme-parks-with-park-hopper","theme-parks","7","Park Hopper","STD_GST","Tier 68","2026-05-21","2026-05-21","819.43","797.63"
"theme-parks-with-park-hopper","theme-parks","7","Park Hopper","STD_GST","Tier 69","2026-05-22","2026-05-22","819.87","798.06"
"theme-parks-with-park-hopper","theme-parks","7","Park Hopper","STD_GST","Tier 70","2026-05-23","2026-05-23","815.94","794.14"
"theme-parks-with-park-hopper","theme-parks","7","Park Hopper","STD_GST","Tier 71","2026-05-24","2026-05-24","812.02","790.21"
"theme-parks-with-park-hopper","theme-parks","7","Park Hopper","STD_GST","Tier 72","2026-05-25","2026-05-25","805.91","784.11"
"theme-parks-with-park-hopper","theme-parks","7","Park Hopper","STD_GST","Tier 73","2026-05-26","2026-05-26","801.12","779.31"
"theme-parks-with-park-hopper","theme-parks","7","Park Hopper","STD_GST","Tier 74","2026-05-27","2026-05-27","798.94","777.13"
"theme-parks-with-park-hopper","theme-parks","7","Park Hopper","STD_GST","Tier 75","2026-05-28","2026-05-28","796.75","774.95"
"theme-parks-with-park-hopper","theme-parks","7","Park Hopper","STD_GST","Tier 76","2026-05-29","2026-05-29","766.52","745.48"
"theme-parks-with-park-hopper","theme-parks","7","Park Hopper","STD_GST","Tier 77","2026-05-30","2026-05-30","762.31","741.27"
"theme-parks-with-park-hopper","theme-parks","7","Park Hopper","STD_GST","Tier 78","2026-05-31","2026-05-31","759.78","738.75"
"theme-parks-with-park-hopper","theme-parks","7","Park Hopper","STD_GST","Tier 79","2026-06-01","2026-06-01","759.36","738.33"
"theme-parks-with-park-hopper","theme-parks","7","Park Hopper","STD_GST","Tier 80","2026-06-02","2026-06-03","757.26","736.22"
"theme-parks-with-park-hopper","theme-parks","7","Park Hopper","STD_GST","Tier 81","2026-06-04","2026-06-04","761.47","740.43"
"theme-parks-with-park-hopper","theme-parks","7","Park Hopper","STD_GST","Tier 82","2026-06-05","2026-06-05","763.57","742.54"
"theme-parks-with-park-hopper","theme-parks","7","Park Hopper","STD_GST","Tier 83","2026-06-06","2026-06-06","761.47","740.43"
"theme-parks-with-park-hopper","theme-parks","7","Park Hopper","STD_GST","Tier 84","2026-06-07","2026-06-07","759.36","738.33"
"theme-parks-with-park-hopper","theme-parks","7","Park Hopper","STD_GST","Tier 85","2026-06-08","2026-06-09","757.26","736.22"
"theme-parks-with-park-hopper","theme-parks","7","Park Hopper","STD_GST","Tier 86","2026-06-10","2026-06-10","759.36","738.33"
"theme-parks-with-park-hopper","theme-parks","7","Park Hopper","STD_GST","Tier 87","2026-06-11","2026-06-11","763.57","742.54"
"theme-parks-with-park-hopper","theme-parks","7","Park Hopper","STD_GST","Tier 88","2026-06-12","2026-06-13","765.67","744.64"
"theme-parks-with-park-hopper","theme-parks","7","Park Hopper","STD_GST","Tier 89","2026-06-14","2026-06-14","761.47","740.43"
"theme-parks-with-park-hopper","theme-parks","7","Park Hopper","STD_GST","Tier 90","2026-06-15","2026-06-15","759.36","738.33"
"theme-parks-with-park-hopper","theme-parks","7","Park Hopper","STD_GST","Tier 91","2026-06-16","2026-06-16","763.57","742.54"
"theme-parks-with-park-hopper","theme-parks","7","Park Hopper","STD_GST","Tier 92","2026-06-17","2026-06-17","768.2","747.16"
"theme-parks-with-park-hopper","theme-parks","7","Park Hopper","STD_GST","Tier 93","2026-06-18","2026-06-18","772.83","751.79"
"theme-parks-with-park-hopper","theme-parks","7","Park Hopper","STD_GST","Tier 94","2026-06-19","2026-06-20","777.45","756.42"
"theme-parks-with-park-hopper","theme-parks","7","Park Hopper","STD_GST","Tier 95","2026-06-21","2026-06-21","775.77","754.74"
"theme-parks-with-park-hopper","theme-parks","7","Park Hopper","STD_GST","Tier 96","2026-06-22","2026-06-22","773.67","752.63"
"theme-parks-with-park-hopper","theme-parks","7","Park Hopper","STD_GST","Tier 97","2026-06-23","2026-06-23","771.98","750.95"
"theme-parks-with-park-hopper","theme-parks","7","Park Hopper","STD_GST","Tier 98","2026-06-24","2026-06-24","776.19","755.16"
"theme-parks-with-park-hopper","theme-parks","7","Park Hopper","STD_GST","Tier 99","2026-06-25","2026-06-25","808.97","787.16"
"theme-parks-with-park-hopper","theme-parks","7","Park Hopper","STD_GST","Tier 100","2026-06-26","2026-06-26","806.78","784.98"
"theme-parks-with-park-hopper","theme-parks","7","Park Hopper","STD_GST","Tier 101","2026-06-27","2026-06-27","801.55","779.75"
"theme-parks-with-park-hopper","theme-parks","7","Park Hopper","STD_GST","Tier 102","2026-06-28","2026-06-28","793.7","771.9"
"theme-parks-with-park-hopper","theme-parks","7","Park Hopper","STD_GST","Tier 103","2026-06-29","2026-06-29","785.85","764.05"
"theme-parks-with-park-hopper","theme-parks","7","Park Hopper","STD_GST","Tier 104","2026-06-30","2026-06-30","780.62","758.81"
"theme-parks-with-park-hopper","theme-parks","7","Park Hopper","STD_GST","Tier 105","2026-07-01","2026-07-01","777.13","755.33"
"theme-parks-with-park-hopper","theme-parks","7","Park Hopper","STD_GST","Tier 106","2026-07-02","2026-07-02","776.26","754.45"
"theme-parks-with-park-hopper","theme-parks","7","Park Hopper","STD_GST","Tier 107","2026-07-03","2026-07-03","772.77","750.96"
"theme-parks-with-park-hopper","theme-parks","7","Park Hopper","STD_GST","Tier 108","2026-07-04","2026-07-04","763.17","741.37"
"theme-parks-with-park-hopper","theme-parks","7","Park Hopper","STD_GST","Tier 109","2026-07-05","2026-07-05","729.07","708.04"
"theme-parks-with-park-hopper","theme-parks","7","Park Hopper","STD_GST","Tier 110","2026-07-06","2026-07-06","724.02","702.99"
"theme-parks-with-park-hopper","theme-parks","8","Park Hopper","STD_GST","Tier 1","2026-03-08","2026-03-08","849.77","827.25"
"theme-parks-with-park-hopper","theme-parks","8","Park Hopper","STD_GST","Tier 2","2026-03-09","2026-03-12","848.24","825.72"
"theme-parks-with-park-hopper","theme-parks","8","Park Hopper","STD_GST","Tier 3","2026-03-13","2026-03-13","846.39","823.87"
"theme-parks-with-park-hopper","theme-parks","8","Park Hopper","STD_GST","Tier 4","2026-03-14","2026-03-14","843.37","820.85"
"theme-parks-with-park-hopper","theme-parks","8","Park Hopper","STD_GST","Tier 5","2026-03-15","2026-03-15","840.36","817.84"
"theme-parks-with-park-hopper","theme-parks","8","Park Hopper","STD_GST","Tier 6","2026-03-16","2026-03-16","838.1","815.58"
"theme-parks-with-park-hopper","theme-parks","8","Park Hopper","STD_GST","Tier 7","2026-03-17","2026-03-17","840","817.48"
"theme-parks-with-park-hopper","theme-parks","8","Park Hopper","STD_GST","Tier 8","2026-03-18","2026-03-18","841.89","819.37"
"theme-parks-with-park-hopper","theme-parks","8","Park Hopper","STD_GST","Tier 9","2026-03-19","2026-03-19","844.14","821.62"
"theme-parks-with-park-hopper","theme-parks","8","Park Hopper","STD_GST","Tier 10","2026-03-20","2026-03-20","846.39","823.87"
"theme-parks-with-park-hopper","theme-parks","8","Park Hopper","STD_GST","Tier 11","2026-03-21","2026-03-22","846.75","824.23"
"theme-parks-with-park-hopper","theme-parks","8","Park Hopper","STD_GST","Tier 12","2026-03-23","2026-03-23","847.88","825.36"
"theme-parks-with-park-hopper","theme-parks","8","Park Hopper","STD_GST","Tier 13","2026-03-24","2026-03-24","849","826.48"
"theme-parks-with-park-hopper","theme-parks","8","Park Hopper","STD_GST","Tier 14","2026-03-25","2026-03-25","852.02","829.5"
"theme-parks-with-park-hopper","theme-parks","8","Park Hopper","STD_GST","Tier 15","2026-03-26","2026-03-26","853.87","831.35"
"theme-parks-with-park-hopper","theme-parks","8","Park Hopper","STD_GST","Tier 16","2026-03-27","2026-03-27","855.76","833.24"
"theme-parks-with-park-hopper","theme-parks","8","Park Hopper","STD_GST","Tier 17","2026-03-28","2026-03-28","856.89","834.37"
"theme-parks-with-park-hopper","theme-parks","8","Park Hopper","STD_GST","Tier 18","2026-03-29","2026-03-30","855.76","833.24"
"theme-parks-with-park-hopper","theme-parks","8","Park Hopper","STD_GST","Tier 19","2026-03-31","2026-03-31","856.89","834.37"
"theme-parks-with-park-hopper","theme-parks","8","Park Hopper","STD_GST","Tier 20","2026-04-01","2026-04-02","858.01","835.49"
"theme-parks-with-park-hopper","theme-parks","8","Park Hopper","STD_GST","Tier 21","2026-04-03","2026-04-03","856.12","833.6"
"theme-parks-with-park-hopper","theme-parks","8","Park Hopper","STD_GST","Tier 22","2026-04-04","2026-04-04","853.15","830.63"
"theme-parks-with-park-hopper","theme-parks","8","Park Hopper","STD_GST","Tier 23","2026-04-05","2026-04-06","850.13","827.61"
"theme-parks-with-park-hopper","theme-parks","8","Park Hopper","STD_GST","Tier 24","2026-04-07","2026-04-07","851.26","828.74"
"theme-parks-with-park-hopper","theme-parks","8","Park Hopper","STD_GST","Tier 25","2026-04-08","2026-04-10","852.38","829.86"
"theme-parks-with-park-hopper","theme-parks","8","Park Hopper","STD_GST","Tier 26","2026-04-11","2026-04-11","849.36","826.84"
"theme-parks-with-park-hopper","theme-parks","8","Park Hopper","STD_GST","Tier 27","2026-04-12","2026-04-13","846.39","823.87"
"theme-parks-with-park-hopper","theme-parks","8","Park Hopper","STD_GST","Tier 28","2026-04-14","2026-04-14","847.52","825"
"theme-parks-with-park-hopper","theme-parks","8","Park Hopper","STD_GST","Tier 29","2026-04-15","2026-04-15","850.49","827.97"
"theme-parks-with-park-hopper","theme-parks","8","Park Hopper","STD_GST","Tier 30","2026-04-16","2026-04-16","850.13","827.61"
"theme-parks-with-park-hopper","theme-parks","8","Park Hopper","STD_GST","Tier 31","2026-04-17","2026-04-17","847.88","825.36"
"theme-parks-with-park-hopper","theme-parks","8","Park Hopper","STD_GST","Tier 32","2026-04-18","2026-04-18","840.76","818.24"
"theme-parks-with-park-hopper","theme-parks","8","Park Hopper","STD_GST","Tier 33","2026-04-19","2026-04-19","835.49","812.97"
"theme-parks-with-park-hopper","theme-parks","8","Park Hopper","STD_GST","Tier 34","2026-04-20","2026-04-20","833.24","810.72"
"theme-parks-with-park-hopper","theme-parks","8","Park Hopper","STD_GST","Tier 35","2026-04-21","2026-04-21","834.01","811.49"
"theme-parks-with-park-hopper","theme-parks","8","Park Hopper","STD_GST","Tier 36","2026-04-22","2026-04-22","830.99","808.47"
"theme-parks-with-park-hopper","theme-parks","8","Park Hopper","STD_GST","Tier 37","2026-04-23","2026-04-23","833.6","811.08"
"theme-parks-with-park-hopper","theme-parks","8","Park Hopper","STD_GST","Tier 38","2026-04-24","2026-04-24","832.47","809.95"
"theme-parks-with-park-hopper","theme-parks","8","Park Hopper","STD_GST","Tier 39","2026-04-25","2026-04-25","823.47","800.95"
"theme-parks-with-park-hopper","theme-parks","8","Park Hopper","STD_GST","Tier 40","2026-04-26","2026-04-26","816.35","793.83"
"theme-parks-with-park-hopper","theme-parks","8","Park Hopper","STD_GST","Tier 41","2026-04-27","2026-04-27","815.99","793.47"
"theme-parks-with-park-hopper","theme-parks","8","Park Hopper","STD_GST","Tier 42","2026-04-28","2026-04-28","795.69","773.81"
"theme-parks-with-park-hopper","theme-parks","8","Park Hopper","STD_GST","Tier 43","2026-04-29","2026-04-29","800.46","778.58"
"theme-parks-with-park-hopper","theme-parks","8","Park Hopper","STD_GST","Tier 44","2026-04-30","2026-05-01","804.09","782.21"
"theme-parks-with-park-hopper","theme-parks","8","Park Hopper","STD_GST","Tier 45","2026-05-02","2026-05-02","801.16","779.28"
"theme-parks-with-park-hopper","theme-parks","8","Park Hopper","STD_GST","Tier 46","2026-05-03","2026-05-03","796.43","774.55"
"theme-parks-with-park-hopper","theme-parks","8","Park Hopper","STD_GST","Tier 47","2026-05-04","2026-05-04","822.75","800.23"
"theme-parks-with-park-hopper","theme-parks","8","Park Hopper","STD_GST","Tier 48","2026-05-05","2026-05-05","821.98","799.46"
"theme-parks-with-park-hopper","theme-parks","8","Park Hopper","STD_GST","Tier 49","2026-05-06","2026-05-06","823.11","800.59"
"theme-parks-with-park-hopper","theme-parks","8","Park Hopper","STD_GST","Tier 50","2026-05-07","2026-05-07","825","802.48"
"theme-parks-with-park-hopper","theme-parks","8","Park Hopper","STD_GST","Tier 51","2026-05-08","2026-05-08","826.84","804.32"
"theme-parks-with-park-hopper","theme-parks","8","Park Hopper","STD_GST","Tier 52","2026-05-09","2026-05-09","821.98","799.46"
"theme-parks-with-park-hopper","theme-parks","8","Park Hopper","STD_GST","Tier 53","2026-05-10","2026-05-10","817.12","794.6"
"theme-parks-with-park-hopper","theme-parks","8","Park Hopper","STD_GST","Tier 54","2026-05-11","2026-05-11","817.48","794.96"
"theme-parks-with-park-hopper","theme-parks","8","Park Hopper","STD_GST","Tier 55","2026-05-12","2026-05-12","820.85","798.33"
"theme-parks-with-park-hopper","theme-parks","8","Park Hopper","STD_GST","Tier 56","2026-05-13","2026-05-13","826.12","803.6"
"theme-parks-with-park-hopper","theme-parks","8","Park Hopper","STD_GST","Tier 57","2026-05-14","2026-05-14","830.22","807.7"
"theme-parks-with-park-hopper","theme-parks","8","Park Hopper","STD_GST","Tier 58","2026-05-15","2026-05-15","834.01","811.49"
"theme-parks-with-park-hopper","theme-parks","8","Park Hopper","STD_GST","Tier 59","2026-05-16","2026-05-16","833.6","811.08"
"theme-parks-with-park-hopper","theme-parks","8","Park Hopper","STD_GST","Tier 60","2026-05-17","2026-05-17","833.24","810.72"
"theme-parks-with-park-hopper","theme-parks","8","Park Hopper","STD_GST","Tier 61","2026-05-18","2026-05-18","834.73","812.21"
"theme-parks-with-park-hopper","theme-parks","8","Park Hopper","STD_GST","Tier 62","2026-05-19","2026-05-19","838.87","816.35"
"theme-parks-with-park-hopper","theme-parks","8","Park Hopper","STD_GST","Tier 63","2026-05-20","2026-05-20","839.23","816.71"
"theme-parks-with-park-hopper","theme-parks","8","Park Hopper","STD_GST","Tier 64","2026-05-21","2026-05-21","841.12","818.6"
"theme-parks-with-park-hopper","theme-parks","8","Park Hopper","STD_GST","Tier 65","2026-05-22","2026-05-22","843.01","820.49"
"theme-parks-with-park-hopper","theme-parks","8","Park Hopper","STD_GST","Tier 66","2026-05-23","2026-05-23","837.74","815.22"
"theme-parks-with-park-hopper","theme-parks","8","Park Hopper","STD_GST","Tier 67","2026-05-24","2026-05-24","832.47","809.95"
"theme-parks-with-park-hopper","theme-parks","8","Park Hopper","STD_GST","Tier 68","2026-05-25","2026-05-25","829.1","806.58"
"theme-parks-with-park-hopper","theme-parks","8","Park Hopper","STD_GST","Tier 69","2026-05-26","2026-05-26","826.84","804.32"
"theme-parks-with-park-hopper","theme-parks","8","Park Hopper","STD_GST","Tier 70","2026-05-27","2026-05-27","825","802.48"
"theme-parks-with-park-hopper","theme-parks","8","Park Hopper","STD_GST","Tier 71","2026-05-28","2026-05-28","821.21","798.69"
"theme-parks-with-park-hopper","theme-parks","8","Park Hopper","STD_GST","Tier 72","2026-05-29","2026-05-29","794.24","772.36"
"theme-parks-with-park-hopper","theme-parks","8","Park Hopper","STD_GST","Tier 73","2026-05-30","2026-05-30","790.61","768.73"
"theme-parks-with-park-hopper","theme-parks","8","Park Hopper","STD_GST","Tier 74","2026-05-31","2026-05-31","788.42","766.54"
"theme-parks-with-park-hopper","theme-parks","8","Park Hopper","STD_GST","Tier 75","2026-06-01","2026-06-01","789.87","767.99"
"theme-parks-with-park-hopper","theme-parks","8","Park Hopper","STD_GST","Tier 76","2026-06-02","2026-06-05","791.71","769.83"
"theme-parks-with-park-hopper","theme-parks","8","Park Hopper","STD_GST","Tier 77","2026-06-06","2026-06-06","789.87","767.99"
"theme-parks-with-park-hopper","theme-parks","8","Park Hopper","STD_GST","Tier 78","2026-06-07","2026-06-08","788.03","766.15"
"theme-parks-with-park-hopper","theme-parks","8","Park Hopper","STD_GST","Tier 79","2026-06-09","2026-06-09","791.71","769.83"
"theme-parks-with-park-hopper","theme-parks","8","Park Hopper","STD_GST","Tier 80","2026-06-10","2026-06-10","793.5","771.62"
"theme-parks-with-park-hopper","theme-parks","8","Park Hopper","STD_GST","Tier 81","2026-06-11","2026-06-12","795.34","773.46"
"theme-parks-with-park-hopper","theme-parks","8","Park Hopper","STD_GST","Tier 82","2026-06-13","2026-06-14","793.5","771.62"
"theme-parks-with-park-hopper","theme-parks","8","Park Hopper","STD_GST","Tier 83","2026-06-15","2026-06-15","795.69","773.81"
"theme-parks-with-park-hopper","theme-parks","8","Park Hopper","STD_GST","Tier 84","2026-06-16","2026-06-16","799.71","777.83"
"theme-parks-with-park-hopper","theme-parks","8","Park Hopper","STD_GST","Tier 85","2026-06-17","2026-06-17","803.74","781.86"
"theme-parks-with-park-hopper","theme-parks","8","Park Hopper","STD_GST","Tier 86","2026-06-18","2026-06-18","805.53","783.65"
"theme-parks-with-park-hopper","theme-parks","8","Park Hopper","STD_GST","Tier 87","2026-06-19","2026-06-19","807.72","785.84"
"theme-parks-with-park-hopper","theme-parks","8","Park Hopper","STD_GST","Tier 88","2026-06-20","2026-06-20","805.93","784.05"
"theme-parks-with-park-hopper","theme-parks","8","Park Hopper","STD_GST","Tier 89","2026-06-21","2026-06-21","802.65","780.77"
"theme-parks-with-park-hopper","theme-parks","8","Park Hopper","STD_GST","Tier 90","2026-06-22","2026-06-22","804.44","782.56"
"theme-parks-with-park-hopper","theme-parks","8","Park Hopper","STD_GST","Tier 91","2026-06-23","2026-06-23","806.28","784.4"
"theme-parks-with-park-hopper","theme-parks","8","Park Hopper","STD_GST","Tier 92","2026-06-24","2026-06-24","808.12","786.24"
"theme-parks-with-park-hopper","theme-parks","8","Park Hopper","STD_GST","Tier 93","2026-06-25","2026-06-25","831.35","808.83"
"theme-parks-with-park-hopper","theme-parks","8","Park Hopper","STD_GST","Tier 94","2026-06-26","2026-06-26","825","802.48"
"theme-parks-with-park-hopper","theme-parks","8","Park Hopper","STD_GST","Tier 95","2026-06-27","2026-06-27","818.24","795.72"
"theme-parks-with-park-hopper","theme-parks","8","Park Hopper","STD_GST","Tier 96","2026-06-28","2026-06-28","811.49","788.97"
"theme-parks-with-park-hopper","theme-parks","8","Park Hopper","STD_GST","Tier 97","2026-06-29","2026-06-29","806.58","784.06"
"theme-parks-with-park-hopper","theme-parks","8","Park Hopper","STD_GST","Tier 98","2026-06-30","2026-06-30","803.96","781.44"
"theme-parks-with-park-hopper","theme-parks","8","Park Hopper","STD_GST","Tier 99","2026-07-01","2026-07-01","799.1","776.58"
"theme-parks-with-park-hopper","theme-parks","8","Park Hopper","STD_GST","Tier 100","2026-07-02","2026-07-02","794.6","772.08"
"theme-parks-with-park-hopper","theme-parks","8","Park Hopper","STD_GST","Tier 101","2026-07-03","2026-07-03","791.58","769.06"
"theme-parks-with-park-hopper","theme-parks","8","Park Hopper","STD_GST","Tier 102","2026-07-04","2026-07-04","785.18","762.66"
"theme-parks-with-park-hopper","theme-parks","8","Park Hopper","STD_GST","Tier 103","2026-07-05","2026-07-05","754.86","732.98"
"theme-parks-with-park-hopper","theme-parks","8","Park Hopper","STD_GST","Tier 104","2026-07-06","2026-07-06","752.32","730.44"
"theme-parks-with-park-hopper","theme-parks","9","Park Hopper","STD_GST","Tier 1","2026-03-08","2026-03-08","869.16","846.12"
"theme-parks-with-park-hopper","theme-parks","9","Park Hopper","STD_GST","Tier 2","2026-03-09","2026-03-11","868.06","845.02"
"theme-parks-with-park-hopper","theme-parks","9","Park Hopper","STD_GST","Tier 3","2026-03-12","2026-03-12","866.3","843.26"
"theme-parks-with-park-hopper","theme-parks","9","Park Hopper","STD_GST","Tier 4","2026-03-13","2026-03-13","864.55","841.51"
"theme-parks-with-park-hopper","theme-parks","9","Park Hopper","STD_GST","Tier 5","2026-03-14","2026-03-14","861.7","838.66"
"theme-parks-with-park-hopper","theme-parks","9","Park Hopper","STD_GST","Tier 6","2026-03-15","2026-03-16","859.58","836.54"
"theme-parks-with-park-hopper","theme-parks","9","Park Hopper","STD_GST","Tier 7","2026-03-17","2026-03-17","861.33","838.29"
"theme-parks-with-park-hopper","theme-parks","9","Park Hopper","STD_GST","Tier 8","2026-03-18","2026-03-18","862.06","839.02"
"theme-parks-with-park-hopper","theme-parks","9","Park Hopper","STD_GST","Tier 9","2026-03-19","2026-03-19","864.18","841.14"
"theme-parks-with-park-hopper","theme-parks","9","Park Hopper","STD_GST","Tier 10","2026-03-20","2026-03-20","866.3","843.26"
"theme-parks-with-park-hopper","theme-parks","9","Park Hopper","STD_GST","Tier 11","2026-03-21","2026-03-21","866.67","843.63"
"theme-parks-with-park-hopper","theme-parks","9","Park Hopper","STD_GST","Tier 12","2026-03-22","2026-03-22","867.73","844.69"
"theme-parks-with-park-hopper","theme-parks","9","Park Hopper","STD_GST","Tier 13","2026-03-23","2026-03-23","868.79","845.75"
"theme-parks-with-park-hopper","theme-parks","9","Park Hopper","STD_GST","Tier 14","2026-03-24","2026-03-24","869.85","846.81"
"theme-parks-with-park-hopper","theme-parks","9","Park Hopper","STD_GST","Tier 15","2026-03-25","2026-03-25","871.6","848.56"
"theme-parks-with-park-hopper","theme-parks","9","Park Hopper","STD_GST","Tier 16","2026-03-26","2026-03-26","873.4","850.36"
"theme-parks-with-park-hopper","theme-parks","9","Park Hopper","STD_GST","Tier 17","2026-03-27","2026-03-27","875.15","852.11"
"theme-parks-with-park-hopper","theme-parks","9","Park Hopper","STD_GST","Tier 18","2026-03-28","2026-03-30","876.21","853.17"
"theme-parks-with-park-hopper","theme-parks","9","Park Hopper","STD_GST","Tier 19","2026-03-31","2026-04-01","877.27","854.23"
"theme-parks-with-park-hopper","theme-parks","9","Park Hopper","STD_GST","Tier 20","2026-04-02","2026-04-02","875.52","852.48"
"theme-parks-with-park-hopper","theme-parks","9","Park Hopper","STD_GST","Tier 21","2026-04-03","2026-04-03","873.77","850.73"
"theme-parks-with-park-hopper","theme-parks","9","Park Hopper","STD_GST","Tier 22","2026-04-04","2026-04-06","870.91","847.87"
"theme-parks-with-park-hopper","theme-parks","9","Park Hopper","STD_GST","Tier 23","2026-04-07","2026-04-09","871.97","848.93"
"theme-parks-with-park-hopper","theme-parks","9","Park Hopper","STD_GST","Tier 24","2026-04-10","2026-04-10","870.22","847.18"
"theme-parks-with-park-hopper","theme-parks","9","Park Hopper","STD_GST","Tier 25","2026-04-11","2026-04-13","867.36","844.32"
"theme-parks-with-park-hopper","theme-parks","9","Park Hopper","STD_GST","Tier 26","2026-04-14","2026-04-14","868.42","845.38"
"theme-parks-with-park-hopper","theme-parks","9","Park Hopper","STD_GST","Tier 27","2026-04-15","2026-04-15","868.06","845.02"
"theme-parks-with-park-hopper","theme-parks","9","Park Hopper","STD_GST","Tier 28","2026-04-16","2026-04-16","865.94","842.9"
"theme-parks-with-park-hopper","theme-parks","9","Park Hopper","STD_GST","Tier 29","2026-04-17","2026-04-17","862.06","839.02"
"theme-parks-with-park-hopper","theme-parks","9","Park Hopper","STD_GST","Tier 30","2026-04-18","2026-04-18","857.09","834.05"
"theme-parks-with-park-hopper","theme-parks","9","Park Hopper","STD_GST","Tier 31","2026-04-19","2026-04-19","854.97","831.93"
"theme-parks-with-park-hopper","theme-parks","9","Park Hopper","STD_GST","Tier 32","2026-04-20","2026-04-20","854.6","831.56"
"theme-parks-with-park-hopper","theme-parks","9","Park Hopper","STD_GST","Tier 33","2026-04-21","2026-04-21","851.79","828.75"
"theme-parks-with-park-hopper","theme-parks","9","Park Hopper","STD_GST","Tier 34","2026-04-22","2026-04-22","852.48","829.44"
"theme-parks-with-park-hopper","theme-parks","9","Park Hopper","STD_GST","Tier 35","2026-04-23","2026-04-23","851.42","828.38"
"theme-parks-with-park-hopper","theme-parks","9","Park Hopper","STD_GST","Tier 36","2026-04-24","2026-04-24","845.75","822.71"
"theme-parks-with-park-hopper","theme-parks","9","Park Hopper","STD_GST","Tier 37","2026-04-25","2026-04-25","839.02","815.98"
"theme-parks-with-park-hopper","theme-parks","9","Park Hopper","STD_GST","Tier 38","2026-04-26","2026-04-26","838.66","815.62"
"theme-parks-with-park-hopper","theme-parks","9","Park Hopper","STD_GST","Tier 39","2026-04-27","2026-04-27","820.28","797.73"
"theme-parks-with-park-hopper","theme-parks","9","Park Hopper","STD_GST","Tier 40","2026-04-28","2026-04-28","823.07","800.53"
"theme-parks-with-park-hopper","theme-parks","9","Park Hopper","STD_GST","Tier 41","2026-04-29","2026-04-29","824.79","802.24"
"theme-parks-with-park-hopper","theme-parks","9","Park Hopper","STD_GST","Tier 42","2026-04-30","2026-05-01","826.54","804"
"theme-parks-with-park-hopper","theme-parks","9","Park Hopper","STD_GST","Tier 43","2026-05-02","2026-05-02","823.75","801.2"
"theme-parks-with-park-hopper","theme-parks","9","Park Hopper","STD_GST","Tier 44","2026-05-03","2026-05-03","823.07","800.53"
"theme-parks-with-park-hopper","theme-parks","9","Park Hopper","STD_GST","Tier 45","2026-05-04","2026-05-04","843.96","820.92"
"theme-parks-with-park-hopper","theme-parks","9","Park Hopper","STD_GST","Tier 46","2026-05-05","2026-05-05","841.51","818.47"
"theme-parks-with-park-hopper","theme-parks","9","Park Hopper","STD_GST","Tier 47","2026-05-06","2026-05-06","838.66","815.62"
"theme-parks-with-park-hopper","theme-parks","9","Park Hopper","STD_GST","Tier 48","2026-05-07","2026-05-07","842.2","819.16"
"theme-parks-with-park-hopper","theme-parks","9","Park Hopper","STD_GST","Tier 49","2026-05-08","2026-05-08","843.96","820.92"
"theme-parks-with-park-hopper","theme-parks","9","Park Hopper","STD_GST","Tier 50","2026-05-09","2026-05-09","839.35","816.31"
"theme-parks-with-park-hopper","theme-parks","9","Park Hopper","STD_GST","Tier 51","2026-05-10","2026-05-10","839.72","816.68"
"theme-parks-with-park-hopper","theme-parks","9","Park Hopper","STD_GST","Tier 52","2026-05-11","2026-05-11","840.08","817.04"
"theme-parks-with-park-hopper","theme-parks","9","Park Hopper","STD_GST","Tier 53","2026-05-12","2026-05-12","843.26","820.22"
"theme-parks-with-park-hopper","theme-parks","9","Park Hopper","STD_GST","Tier 54","2026-05-13","2026-05-13","847.18","824.14"
"theme-parks-with-park-hopper","theme-parks","9","Park Hopper","STD_GST","Tier 55","2026-05-14","2026-05-14","850.73","827.69"
"theme-parks-with-park-hopper","theme-parks","9","Park Hopper","STD_GST","Tier 56","2026-05-15","2026-05-15","854.23","831.19"
"theme-parks-with-park-hopper","theme-parks","9","Park Hopper","STD_GST","Tier 57","2026-05-16","2026-05-16","853.91","830.87"
"theme-parks-with-park-hopper","theme-parks","9","Park Hopper","STD_GST","Tier 58","2026-05-17","2026-05-18","853.54","830.5"
"theme-parks-with-park-hopper","theme-parks","9","Park Hopper","STD_GST","Tier 59","2026-05-19","2026-05-19","855.66","832.62"
"theme-parks-with-park-hopper","theme-parks","9","Park Hopper","STD_GST","Tier 60","2026-05-20","2026-05-20","857.46","834.42"
"theme-parks-with-park-hopper","theme-parks","9","Park Hopper","STD_GST","Tier 61","2026-05-21","2026-05-22","859.21","836.17"
"theme-parks-with-park-hopper","theme-parks","9","Park Hopper","STD_GST","Tier 62","2026-05-23","2026-05-23","854.23","831.19"
"theme-parks-with-park-hopper","theme-parks","9","Park Hopper","STD_GST","Tier 63","2026-05-24","2026-05-24","851.05","828.01"
"theme-parks-with-park-hopper","theme-parks","9","Park Hopper","STD_GST","Tier 64","2026-05-25","2026-05-25","847.87","824.83"
"theme-parks-with-park-hopper","theme-parks","9","Park Hopper","STD_GST","Tier 65","2026-05-26","2026-05-26","845.75","822.71"
"theme-parks-with-park-hopper","theme-parks","9","Park Hopper","STD_GST","Tier 66","2026-05-27","2026-05-27","842.2","819.16"
"theme-parks-with-park-hopper","theme-parks","9","Park Hopper","STD_GST","Tier 67","2026-05-28","2026-05-28","838.66","815.62"
"theme-parks-with-park-hopper","theme-parks","9","Park Hopper","STD_GST","Tier 68","2026-05-29","2026-05-29","817.17","794.62"
"theme-parks-with-park-hopper","theme-parks","9","Park Hopper","STD_GST","Tier 69","2026-05-30","2026-05-30","813.69","791.15"
"theme-parks-with-park-hopper","theme-parks","9","Park Hopper","STD_GST","Tier 70","2026-05-31","2026-05-31","813.33","790.79"
"theme-parks-with-park-hopper","theme-parks","9","Park Hopper","STD_GST","Tier 71","2026-06-01","2026-06-02","816.49","793.94"
"theme-parks-with-park-hopper","theme-parks","9","Park Hopper","STD_GST","Tier 72","2026-06-03","2026-06-05","814.73","792.19"
"theme-parks-with-park-hopper","theme-parks","9","Park Hopper","STD_GST","Tier 73","2026-06-06","2026-06-07","813.02","790.47"
"theme-parks-with-park-hopper","theme-parks","9","Park Hopper","STD_GST","Tier 74","2026-06-08","2026-06-08","814.73","792.19"
"theme-parks-with-park-hopper","theme-parks","9","Park Hopper","STD_GST","Tier 75","2026-06-09","2026-06-09","816.49","793.94"
"theme-parks-with-park-hopper","theme-parks","9","Park Hopper","STD_GST","Tier 76","2026-06-10","2026-06-12","818.2","795.66"
"theme-parks-with-park-hopper","theme-parks","9","Park Hopper","STD_GST","Tier 77","2026-06-13","2026-06-13","819.96","797.42"
"theme-parks-with-park-hopper","theme-parks","9","Park Hopper","STD_GST","Tier 78","2026-06-14","2026-06-14","820.28","797.73"
"theme-parks-with-park-hopper","theme-parks","9","Park Hopper","STD_GST","Tier 79","2026-06-15","2026-06-15","822.35","799.81"
"theme-parks-with-park-hopper","theme-parks","9","Park Hopper","STD_GST","Tier 80","2026-06-16","2026-06-16","826.18","803.64"
"theme-parks-with-park-hopper","theme-parks","9","Park Hopper","STD_GST","Tier 81","2026-06-17","2026-06-17","827.94","805.4"
"theme-parks-with-park-hopper","theme-parks","9","Park Hopper","STD_GST","Tier 82","2026-06-18","2026-06-19","830.02","807.47"
"theme-parks-with-park-hopper","theme-parks","9","Park Hopper","STD_GST","Tier 83","2026-06-20","2026-06-21","828.62","806.07"
"theme-parks-with-park-hopper","theme-parks","9","Park Hopper","STD_GST","Tier 84","2026-06-22","2026-06-23","830.33","807.79"
"theme-parks-with-park-hopper","theme-parks","9","Park Hopper","STD_GST","Tier 85","2026-06-24","2026-06-24","830.02","807.47"
"theme-parks-with-park-hopper","theme-parks","9","Park Hopper","STD_GST","Tier 86","2026-06-25","2026-06-25","845.75","822.71"
"theme-parks-with-park-hopper","theme-parks","9","Park Hopper","STD_GST","Tier 87","2026-06-26","2026-06-26","839.72","816.68"
"theme-parks-with-park-hopper","theme-parks","9","Park Hopper","STD_GST","Tier 88","2026-06-27","2026-06-27","833.36","810.32"
"theme-parks-with-park-hopper","theme-parks","9","Park Hopper","STD_GST","Tier 89","2026-06-28","2026-06-28","828.75","805.71"
"theme-parks-with-park-hopper","theme-parks","9","Park Hopper","STD_GST","Tier 90","2026-06-29","2026-06-29","824.14","801.1"
"theme-parks-with-park-hopper","theme-parks","9","Park Hopper","STD_GST","Tier 91","2026-06-30","2026-06-30","819.86","796.82"
"theme-parks-with-park-hopper","theme-parks","9","Park Hopper","STD_GST","Tier 92","2026-07-01","2026-07-01","813.5","790.46"
"theme-parks-with-park-hopper","theme-parks","9","Park Hopper","STD_GST","Tier 93","2026-07-02","2026-07-02","811.01","787.97"
"theme-parks-with-park-hopper","theme-parks","9","Park Hopper","STD_GST","Tier 94","2026-07-03","2026-07-03","808.15","785.11"
"theme-parks-with-park-hopper","theme-parks","9","Park Hopper","STD_GST","Tier 95","2026-07-04","2026-07-04","800.36","777.32"
"theme-parks-with-park-hopper","theme-parks","9","Park Hopper","STD_GST","Tier 96","2026-07-05","2026-07-05","779.02","756.47"
"theme-parks-with-park-hopper","theme-parks","9","Park Hopper","STD_GST","Tier 97","2026-07-06","2026-07-06","776.59","754.04"
"theme-parks-with-park-hopper","theme-parks","10","Park Hopper","STD_GST","Tier 1","2026-03-08","2026-03-08","890.38","866.78"
"theme-parks-with-park-hopper","theme-parks","10","Park Hopper","STD_GST","Tier 2","2026-03-09","2026-03-10","889.39","865.79"
"theme-parks-with-park-hopper","theme-parks","10","Park Hopper","STD_GST","Tier 3","2026-03-11","2026-03-11","887.69","864.09"
"theme-parks-with-park-hopper","theme-parks","10","Park Hopper","STD_GST","Tier 4","2026-03-12","2026-03-12","885.99","862.39"
"theme-parks-with-park-hopper","theme-parks","10","Park Hopper","STD_GST","Tier 5","2026-03-13","2026-03-13","884.34","860.74"
"theme-parks-with-park-hopper","theme-parks","10","Park Hopper","STD_GST","Tier 6","2026-03-14","2026-03-16","882.31","858.71"
"theme-parks-with-park-hopper","theme-parks","10","Park Hopper","STD_GST","Tier 7","2026-03-17","2026-03-17","882.97","859.37"
"theme-parks-with-park-hopper","theme-parks","10","Park Hopper","STD_GST","Tier 8","2026-03-18","2026-03-18","883.63","860.03"
"theme-parks-with-park-hopper","theme-parks","10","Park Hopper","STD_GST","Tier 9","2026-03-19","2026-03-19","885.66","862.06"
"theme-parks-with-park-hopper","theme-parks","10","Park Hopper","STD_GST","Tier 10","2026-03-20","2026-03-20","887.69","864.09"
"theme-parks-with-park-hopper","theme-parks","10","Park Hopper","STD_GST","Tier 11","2026-03-21","2026-03-21","889.06","865.46"
"theme-parks-with-park-hopper","theme-parks","10","Park Hopper","STD_GST","Tier 12","2026-03-22","2026-03-22","890.05","866.45"
"theme-parks-with-park-hopper","theme-parks","10","Park Hopper","STD_GST","Tier 13","2026-03-23","2026-03-24","891.09","867.49"
"theme-parks-with-park-hopper","theme-parks","10","Park Hopper","STD_GST","Tier 14","2026-03-25","2026-03-25","892.74","869.14"
"theme-parks-with-park-hopper","theme-parks","10","Park Hopper","STD_GST","Tier 15","2026-03-26","2026-03-26","894.44","870.84"
"theme-parks-with-park-hopper","theme-parks","10","Park Hopper","STD_GST","Tier 16","2026-03-27","2026-03-27","896.14","872.54"
"theme-parks-with-park-hopper","theme-parks","10","Park Hopper","STD_GST","Tier 17","2026-03-28","2026-03-31","898.17","874.57"
"theme-parks-with-park-hopper","theme-parks","10","Park Hopper","STD_GST","Tier 18","2026-04-01","2026-04-01","896.47","872.87"
"theme-parks-with-park-hopper","theme-parks","10","Park Hopper","STD_GST","Tier 19","2026-04-02","2026-04-02","894.77","871.17"
"theme-parks-with-park-hopper","theme-parks","10","Park Hopper","STD_GST","Tier 20","2026-04-03","2026-04-08","893.07","869.47"
"theme-parks-with-park-hopper","theme-parks","10","Park Hopper","STD_GST","Tier 21","2026-04-09","2026-04-09","891.42","867.82"
"theme-parks-with-park-hopper","theme-parks","10","Park Hopper","STD_GST","Tier 22","2026-04-10","2026-04-13","889.72","866.12"
"theme-parks-with-park-hopper","theme-parks","10","Park Hopper","STD_GST","Tier 23","2026-04-14","2026-04-14","887.69","864.09"
"theme-parks-with-park-hopper","theme-parks","10","Park Hopper","STD_GST","Tier 24","2026-04-15","2026-04-15","885.66","862.06"
"theme-parks-with-park-hopper","theme-parks","10","Park Hopper","STD_GST","Tier 25","2026-04-16","2026-04-16","881.98","858.38"
"theme-parks-with-park-hopper","theme-parks","10","Park Hopper","STD_GST","Tier 26","2026-04-17","2026-04-17","879.95","856.35"
"theme-parks-with-park-hopper","theme-parks","10","Park Hopper","STD_GST","Tier 27","2026-04-18","2026-04-18","877.92","854.32"
"theme-parks-with-park-hopper","theme-parks","10","Park Hopper","STD_GST","Tier 28","2026-04-19","2026-04-19","877.59","853.99"
"theme-parks-with-park-hopper","theme-parks","10","Park Hopper","STD_GST","Tier 29","2026-04-20","2026-04-20","873.86","850.26"
"theme-parks-with-park-hopper","theme-parks","10","Park Hopper","STD_GST","Tier 30","2026-04-21","2026-04-21","874.57","850.97"
"theme-parks-with-park-hopper","theme-parks","10","Park Hopper","STD_GST","Tier 31","2026-04-22","2026-04-22","871.83","848.23"
"theme-parks-with-park-hopper","theme-parks","10","Park Hopper","STD_GST","Tier 32","2026-04-23","2026-04-23","866.45","842.85"
"theme-parks-with-park-hopper","theme-parks","10","Park Hopper","STD_GST","Tier 33","2026-04-24","2026-04-24","862.77","839.17"
"theme-parks-with-park-hopper","theme-parks","10","Park Hopper","STD_GST","Tier 34","2026-04-25","2026-04-25","862.39","838.79"
"theme-parks-with-park-hopper","theme-parks","10","Park Hopper","STD_GST","Tier 35","2026-04-26","2026-04-26","862.06","838.46"
"theme-parks-with-park-hopper","theme-parks","10","Park Hopper","STD_GST","Tier 36","2026-04-27","2026-04-29","843.47","820.37"
"theme-parks-with-park-hopper","theme-parks","10","Park Hopper","STD_GST","Tier 37","2026-04-30","2026-05-01","845.14","822.04"
"theme-parks-with-park-hopper","theme-parks","10","Park Hopper","STD_GST","Tier 38","2026-05-02","2026-05-02","846.11","823.01"
"theme-parks-with-park-hopper","theme-parks","10","Park Hopper","STD_GST","Tier 39","2026-05-03","2026-05-03","845.46","822.36"
"theme-parks-with-park-hopper","theme-parks","10","Park Hopper","STD_GST","Tier 40","2026-05-04","2026-05-04","864.75","841.15"
"theme-parks-with-park-hopper","theme-parks","10","Park Hopper","STD_GST","Tier 41","2026-05-05","2026-05-05","858.71","835.11"
"theme-parks-with-park-hopper","theme-parks","10","Park Hopper","STD_GST","Tier 42","2026-05-06","2026-05-06","857.67","834.07"
"theme-parks-with-park-hopper","theme-parks","10","Park Hopper","STD_GST","Tier 43","2026-05-07","2026-05-07","861.07","837.47"
"theme-parks-with-park-hopper","theme-parks","10","Park Hopper","STD_GST","Tier 44","2026-05-08","2026-05-08","862.77","839.17"
"theme-parks-with-park-hopper","theme-parks","10","Park Hopper","STD_GST","Tier 45","2026-05-09","2026-05-09","863.1","839.5"
"theme-parks-with-park-hopper","theme-parks","10","Park Hopper","STD_GST","Tier 46","2026-05-10","2026-05-10","863.43","839.83"
"theme-parks-with-park-hopper","theme-parks","10","Park Hopper","STD_GST","Tier 47","2026-05-11","2026-05-11","863.76","840.16"
"theme-parks-with-park-hopper","theme-parks","10","Park Hopper","STD_GST","Tier 48","2026-05-12","2026-05-12","865.79","842.19"
"theme-parks-with-park-hopper","theme-parks","10","Park Hopper","STD_GST","Tier 49","2026-05-13","2026-05-13","869.14","845.54"
"theme-parks-with-park-hopper","theme-parks","10","Park Hopper","STD_GST","Tier 50","2026-05-14","2026-05-14","872.54","848.94"
"theme-parks-with-park-hopper","theme-parks","10","Park Hopper","STD_GST","Tier 51","2026-05-15","2026-05-15","875.89","852.29"
"theme-parks-with-park-hopper","theme-parks","10","Park Hopper","STD_GST","Tier 52","2026-05-16","2026-05-16","875.56","851.96"
"theme-parks-with-park-hopper","theme-parks","10","Park Hopper","STD_GST","Tier 53","2026-05-17","2026-05-17","873.86","850.26"
"theme-parks-with-park-hopper","theme-parks","10","Park Hopper","STD_GST","Tier 54","2026-05-18","2026-05-18","872.21","848.61"
"theme-parks-with-park-hopper","theme-parks","10","Park Hopper","STD_GST","Tier 55","2026-05-19","2026-05-19","875.56","851.96"
"theme-parks-with-park-hopper","theme-parks","10","Park Hopper","STD_GST","Tier 56","2026-05-20","2026-05-22","877.26","853.66"
"theme-parks-with-park-hopper","theme-parks","10","Park Hopper","STD_GST","Tier 57","2026-05-23","2026-05-23","874.19","850.59"
"theme-parks-with-park-hopper","theme-parks","10","Park Hopper","STD_GST","Tier 58","2026-05-24","2026-05-24","871.17","847.57"
"theme-parks-with-park-hopper","theme-parks","10","Park Hopper","STD_GST","Tier 59","2026-05-25","2026-05-25","868.15","844.55"
"theme-parks-with-park-hopper","theme-parks","10","Park Hopper","STD_GST","Tier 60","2026-05-26","2026-05-26","864.42","840.82"
"theme-parks-with-park-hopper","theme-parks","10","Park Hopper","STD_GST","Tier 61","2026-05-27","2026-05-27","861.07","837.47"
"theme-parks-with-park-hopper","theme-parks","10","Park Hopper","STD_GST","Tier 62","2026-05-28","2026-05-28","839.5","816.4"
"theme-parks-with-park-hopper","theme-parks","10","Park Hopper","STD_GST","Tier 63","2026-05-29","2026-05-29","836.22","813.12"
"theme-parks-with-park-hopper","theme-parks","10","Park Hopper","STD_GST","Tier 64","2026-05-30","2026-05-30","834.56","811.46"
"theme-parks-with-park-hopper","theme-parks","10","Park Hopper","STD_GST","Tier 65","2026-05-31","2026-05-31","835.9","812.8"
"theme-parks-with-park-hopper","theme-parks","10","Park Hopper","STD_GST","Tier 66","2026-06-01","2026-06-01","837.19","814.09"
"theme-parks-with-park-hopper","theme-parks","10","Park Hopper","STD_GST","Tier 67","2026-06-02","2026-06-02","835.57","812.47"
"theme-parks-with-park-hopper","theme-parks","10","Park Hopper","STD_GST","Tier 68","2026-06-03","2026-06-06","833.91","810.81"
"theme-parks-with-park-hopper","theme-parks","10","Park Hopper","STD_GST","Tier 69","2026-06-07","2026-06-08","835.57","812.47"
"theme-parks-with-park-hopper","theme-parks","10","Park Hopper","STD_GST","Tier 70","2026-06-09","2026-06-11","837.19","814.09"
"theme-parks-with-park-hopper","theme-parks","10","Park Hopper","STD_GST","Tier 71","2026-06-12","2026-06-12","840.52","817.42"
"theme-parks-with-park-hopper","theme-parks","10","Park Hopper","STD_GST","Tier 72","2026-06-13","2026-06-13","842.5","819.4"
"theme-parks-with-park-hopper","theme-parks","10","Park Hopper","STD_GST","Tier 73","2026-06-14","2026-06-14","842.83","819.73"
"theme-parks-with-park-hopper","theme-parks","10","Park Hopper","STD_GST","Tier 74","2026-06-15","2026-06-15","844.81","821.71"
"theme-parks-with-park-hopper","theme-parks","10","Park Hopper","STD_GST","Tier 75","2026-06-16","2026-06-16","846.43","823.33"
"theme-parks-with-park-hopper","theme-parks","10","Park Hopper","STD_GST","Tier 76","2026-06-17","2026-06-18","848.42","825.32"
"theme-parks-with-park-hopper","theme-parks","10","Park Hopper","STD_GST","Tier 77","2026-06-19","2026-06-19","848.74","825.64"
"theme-parks-with-park-hopper","theme-parks","10","Park Hopper","STD_GST","Tier 78","2026-06-20","2026-06-22","850.4","827.3"
"theme-parks-with-park-hopper","theme-parks","10","Park Hopper","STD_GST","Tier 79","2026-06-23","2026-06-23","848.42","825.32"
"theme-parks-with-park-hopper","theme-parks","10","Park Hopper","STD_GST","Tier 80","2026-06-24","2026-06-24","846.11","823.01"
"theme-parks-with-park-hopper","theme-parks","10","Park Hopper","STD_GST","Tier 81","2026-06-25","2026-06-25","862.06","838.46"
"theme-parks-with-park-hopper","theme-parks","10","Park Hopper","STD_GST","Tier 82","2026-06-26","2026-06-26","856.35","832.75"
"theme-parks-with-park-hopper","theme-parks","10","Park Hopper","STD_GST","Tier 83","2026-06-27","2026-06-27","851.96","828.36"
"theme-parks-with-park-hopper","theme-parks","10","Park Hopper","STD_GST","Tier 84","2026-06-28","2026-06-28","847.57","823.97"
"theme-parks-with-park-hopper","theme-parks","10","Park Hopper","STD_GST","Tier 85","2026-06-29","2026-06-29","841.53","817.93"
"theme-parks-with-park-hopper","theme-parks","10","Park Hopper","STD_GST","Tier 86","2026-06-30","2026-06-30","835.77","812.17"
"theme-parks-with-park-hopper","theme-parks","10","Park Hopper","STD_GST","Tier 87","2026-07-01","2026-07-01","831.38","807.78"
"theme-parks-with-park-hopper","theme-parks","10","Park Hopper","STD_GST","Tier 88","2026-07-02","2026-07-02","829.02","805.42"
"theme-parks-with-park-hopper","theme-parks","10","Park Hopper","STD_GST","Tier 89","2026-07-03","2026-07-03","824.63","801.03"
"theme-parks-with-park-hopper","theme-parks","10","Park Hopper","STD_GST","Tier 90","2026-07-04","2026-07-04","820.62","797.02"
"theme-parks-with-park-hopper","theme-parks","10","Park Hopper","STD_GST","Tier 91","2026-07-05","2026-07-05","799.26","776.16"
"theme-parks-with-park-hopper","theme-parks","10","Park Hopper","STD_GST","Tier 92","2026-07-06","2026-07-06","795.29","772.19"
"theme-parks","theme-parks","1","","STD_GST","Tier 1","2026-03-08","2026-03-15","179","174"
"theme-parks","theme-parks","1","","STD_GST","Tier 2","2026-03-16","2026-03-17","174","169"
"theme-parks","theme-parks","1","","STD_GST","Tier 3","2026-03-18","2026-03-19","169","164"
"theme-parks","theme-parks","1","","STD_GST","Tier 4","2026-03-20","2026-03-27","174","169"
"theme-parks","theme-parks","1","","STD_GST","Tier 5","2026-03-28","2026-04-13","179","174"
"theme-parks","theme-parks","1","","STD_GST","Tier 6","2026-04-14","2026-04-16","174","169"
"theme-parks","theme-parks","1","","STD_GST","Tier 7","2026-04-17","2026-04-21","179","174"
"theme-parks","theme-parks","1","","STD_GST","Tier 8","2026-04-22","2026-04-23","174","169"
"theme-parks","theme-parks","1","","STD_GST","Tier 9","2026-04-24","2026-04-26","179","174"
"theme-parks","theme-parks","1","","STD_GST","Tier 10","2026-04-27","2026-04-27","169","164"
"theme-parks","theme-parks","1","","STD_GST","Tier 11","2026-04-28","2026-04-28","164","159"
"theme-parks","theme-parks","1","","STD_GST","Tier 12","2026-04-29","2026-04-29","159","154"
"theme-parks","theme-parks","1","","STD_GST","Tier 13","2026-04-30","2026-04-30","164","159"
"theme-parks","theme-parks","1","","STD_GST","Tier 14","2026-05-01","2026-05-01","169","164"
"theme-parks","theme-parks","1","","STD_GST","Tier 15","2026-05-02","2026-05-02","174","169"
"theme-parks","theme-parks","1","","STD_GST","Tier 16","2026-05-03","2026-05-03","164","159"
"theme-parks","theme-parks","1","","STD_GST","Tier 17","2026-05-04","2026-05-04","174","169"
"theme-parks","theme-parks","1","","STD_GST","Tier 18","2026-05-05","2026-05-05","164","159"
"theme-parks","theme-parks","1","","STD_GST","Tier 19","2026-05-06","2026-05-06","154","149"
"theme-parks","theme-parks","1","","STD_GST","Tier 20","2026-05-07","2026-05-07","159","154"
"theme-parks","theme-parks","1","","STD_GST","Tier 21","2026-05-08","2026-05-10","174","169"
"theme-parks","theme-parks","1","","STD_GST","Tier 22","2026-05-11","2026-05-11","169","164"
"theme-parks","theme-parks","1","","STD_GST","Tier 23","2026-05-12","2026-05-14","164","159"
"theme-parks","theme-parks","1","","STD_GST","Tier 24","2026-05-15","2026-05-16","174","169"
"theme-parks","theme-parks","1","","STD_GST","Tier 25","2026-05-17","2026-05-17","169","164"
"theme-parks","theme-parks","1","","STD_GST","Tier 26","2026-05-18","2026-05-18","159","154"
"theme-parks","theme-parks","1","","STD_GST","Tier 27","2026-05-19","2026-05-21","164","159"
"theme-parks","theme-parks","1","","STD_GST","Tier 28","2026-05-22","2026-05-25","179","174"
"theme-parks","theme-parks","1","","STD_GST","Tier 29","2026-05-26","2026-05-28","174","169"
"theme-parks","theme-parks","1","","STD_GST","Tier 30","2026-05-29","2026-05-30","169","164"
"theme-parks","theme-parks","1","","STD_GST","Tier 31","2026-05-31","2026-05-31","164","159"
"theme-parks","theme-parks","1","","STD_GST","Tier 32","2026-06-01","2026-06-02","169","164"
"theme-parks","theme-parks","1","","STD_GST","Tier 33","2026-06-03","2026-06-04","164","159"
"theme-parks","theme-parks","1","","STD_GST","Tier 34","2026-06-05","2026-06-07","169","164"
"theme-parks","theme-parks","1","","STD_GST","Tier 35","2026-06-08","2026-06-11","164","159"
"theme-parks","theme-parks","1","","STD_GST","Tier 36","2026-06-12","2026-06-12","169","164"
"theme-parks","theme-parks","1","","STD_GST","Tier 37","2026-06-13","2026-06-13","174","169"
"theme-parks","theme-parks","1","","STD_GST","Tier 38","2026-06-14","2026-06-14","169","164"
"theme-parks","theme-parks","1","","STD_GST","Tier 39","2026-06-15","2026-06-18","164","159"
"theme-parks","theme-parks","1","","STD_GST","Tier 40","2026-06-19","2026-06-19","169","164"
"theme-parks","theme-parks","1","","STD_GST","Tier 41","2026-06-20","2026-06-20","174","169"
"theme-parks","theme-parks","1","","STD_GST","Tier 42","2026-06-21","2026-06-22","169","164"
"theme-parks","theme-parks","1","","STD_GST","Tier 43","2026-06-23","2026-06-24","164","159"
"theme-parks","theme-parks","1","","STD_GST","Tier 44","2026-06-25","2026-06-28","174","169"
"theme-parks","theme-parks","1","","STD_GST","Tier 45","2026-06-29","2026-06-30","169","164"
"theme-parks","theme-parks","1","","STD_GST","Tier 46","2026-07-01","2026-07-02","164","159"
"theme-parks","theme-parks","1","","STD_GST","Tier 47","2026-07-03","2026-07-05","169","164"
"theme-parks","theme-parks","1","","STD_GST","Tier 48","2026-07-06","2026-07-06","164","159"
"theme-parks","theme-parks","2","","STD_GST","Tier 1","2026-03-08","2026-03-08","360.9","351.39"
"theme-parks","theme-parks","2","","STD_GST","Tier 2","2026-03-09","2026-03-09","359.48","349.97"
"theme-parks","theme-parks","2","","STD_GST","Tier 3","2026-03-10","2026-03-10","360.9","351.39"
"theme-parks","theme-parks","2","","STD_GST","Tier 4","2026-03-11","2026-03-11","362.33","352.82"
"theme-parks","theme-parks","2","","STD_GST","Tier 5","2026-03-12","2026-03-12","363.76","354.25"
"theme-parks","theme-parks","2","","STD_GST","Tier 6","2026-03-13","2026-03-13","362.81","353.3"
"theme-parks","theme-parks","2","","STD_GST","Tier 7","2026-03-14","2026-03-14","360.43","350.92"
"theme-parks","theme-parks","2","","STD_GST","Tier 8","2026-03-15","2026-03-15","356.15","346.64"
"theme-parks","theme-parks","2","","STD_GST","Tier 9","2026-03-16","2026-03-16","351.87","342.36"
"theme-parks","theme-parks","2","","STD_GST","Tier 10","2026-03-17","2026-03-17","352.35","342.84"
"theme-parks","theme-parks","2","","STD_GST","Tier 11","2026-03-18","2026-03-18","353.3","343.79"
"theme-parks","theme-parks","2","","STD_GST","Tier 12","2026-03-19","2026-03-19","356.15","346.64"
"theme-parks","theme-parks","2","","STD_GST","Tier 13","2026-03-20","2026-03-20","359","349.49"
"theme-parks","theme-parks","2","","STD_GST","Tier 14","2026-03-21","2026-03-21","357.1","347.59"
"theme-parks","theme-parks","2","","STD_GST","Tier 15","2026-03-22","2026-03-22","354.72","345.21"
"theme-parks","theme-parks","2","","STD_GST","Tier 16","2026-03-23","2026-03-23","352.35","342.84"
"theme-parks","theme-parks","2","","STD_GST","Tier 17","2026-03-24","2026-03-24","350.92","341.41"
"theme-parks","theme-parks","2","","STD_GST","Tier 18","2026-03-25","2026-03-25","354.72","345.21"
"theme-parks","theme-parks","2","","STD_GST","Tier 19","2026-03-26","2026-03-26","358.53","349.02"
"theme-parks","theme-parks","2","","STD_GST","Tier 20","2026-03-27","2026-03-27","360.9","351.39"
"theme-parks","theme-parks","2","","STD_GST","Tier 21","2026-03-28","2026-03-28","362.33","352.82"
"theme-parks","theme-parks","2","","STD_GST","Tier 22","2026-03-29","2026-03-29","360.9","351.39"
"theme-parks","theme-parks","2","","STD_GST","Tier 23","2026-03-30","2026-03-30","359.48","349.97"
"theme-parks","theme-parks","2","","STD_GST","Tier 24","2026-03-31","2026-03-31","360.9","351.39"
"theme-parks","theme-parks","2","","STD_GST","Tier 25","2026-04-01","2026-04-01","362.33","352.82"
"theme-parks","theme-parks","2","","STD_GST","Tier 26","2026-04-02","2026-04-03","363.76","354.25"
"theme-parks","theme-parks","2","","STD_GST","Tier 27","2026-04-04","2026-04-04","362.33","352.82"
"theme-parks","theme-parks","2","","STD_GST","Tier 28","2026-04-05","2026-04-05","360.9","351.39"
"theme-parks","theme-parks","2","","STD_GST","Tier 29","2026-04-06","2026-04-06","359.48","349.97"
"theme-parks","theme-parks","2","","STD_GST","Tier 30","2026-04-07","2026-04-07","360.9","351.39"
"theme-parks","theme-parks","2","","STD_GST","Tier 31","2026-04-08","2026-04-08","362.33","352.82"
"theme-parks","theme-parks","2","","STD_GST","Tier 32","2026-04-09","2026-04-10","363.76","354.25"
"theme-parks","theme-parks","2","","STD_GST","Tier 33","2026-04-11","2026-04-11","359.95","350.44"
"theme-parks","theme-parks","2","","STD_GST","Tier 34","2026-04-12","2026-04-12","356.15","346.64"
"theme-parks","theme-parks","2","","STD_GST","Tier 35","2026-04-13","2026-04-13","352.35","342.84"
"theme-parks","theme-parks","2","","STD_GST","Tier 36","2026-04-14","2026-04-14","353.77","344.26"
"theme-parks","theme-parks","2","","STD_GST","Tier 37","2026-04-15","2026-04-15","357.58","348.07"
"theme-parks","theme-parks","2","","STD_GST","Tier 38","2026-04-16","2026-04-16","361.38","351.87"
"theme-parks","theme-parks","2","","STD_GST","Tier 39","2026-04-17","2026-04-17","363.76","354.25"
"theme-parks","theme-parks","2","","STD_GST","Tier 40","2026-04-18","2026-04-18","362.33","352.82"
"theme-parks","theme-parks","2","","STD_GST","Tier 41","2026-04-19","2026-04-19","358.53","349.02"
"theme-parks","theme-parks","2","","STD_GST","Tier 42","2026-04-20","2026-04-20","354.72","345.21"
"theme-parks","theme-parks","2","","STD_GST","Tier 43","2026-04-21","2026-04-21","356.15","346.64"
"theme-parks","theme-parks","2","","STD_GST","Tier 44","2026-04-22","2026-04-22","357.58","348.07"
"theme-parks","theme-parks","2","","STD_GST","Tier 45","2026-04-23","2026-04-23","361.38","351.87"
"theme-parks","theme-parks","2","","STD_GST","Tier 46","2026-04-24","2026-04-24","360.9","351.39"
"theme-parks","theme-parks","2","","STD_GST","Tier 47","2026-04-25","2026-04-25","354.25","344.74"
"theme-parks","theme-parks","2","","STD_GST","Tier 48","2026-04-26","2026-04-26","345.21","335.7"
"theme-parks","theme-parks","2","","STD_GST","Tier 49","2026-04-27","2026-04-27","338.56","329.05"
"theme-parks","theme-parks","2","","STD_GST","Tier 50","2026-04-28","2026-04-28","339.98","330.47"
"theme-parks","theme-parks","2","","STD_GST","Tier 51","2026-04-29","2026-04-29","343.98","334.53"
"theme-parks","theme-parks","2","","STD_GST","Tier 52","2026-04-30","2026-04-30","349.97","340.46"
"theme-parks","theme-parks","2","","STD_GST","Tier 53","2026-05-01","2026-05-01","353.9","344.45"
"theme-parks","theme-parks","2","","STD_GST","Tier 54","2026-05-02","2026-05-02","353.77","344.26"
"theme-parks","theme-parks","2","","STD_GST","Tier 55","2026-05-03","2026-05-03","340.67","331.22"
"theme-parks","theme-parks","2","","STD_GST","Tier 56","2026-05-04","2026-05-05","339.03","329.52"
"theme-parks","theme-parks","2","","STD_GST","Tier 57","2026-05-06","2026-05-06","343.79","334.28"
"theme-parks","theme-parks","2","","STD_GST","Tier 58","2026-05-07","2026-05-07","354.72","345.21"
"theme-parks","theme-parks","2","","STD_GST","Tier 59","2026-05-08","2026-05-08","359.48","349.97"
"theme-parks","theme-parks","2","","STD_GST","Tier 60","2026-05-09","2026-05-09","353.3","343.79"
"theme-parks","theme-parks","2","","STD_GST","Tier 61","2026-05-10","2026-05-10","347.11","337.6"
"theme-parks","theme-parks","2","","STD_GST","Tier 62","2026-05-11","2026-05-11","340.93","331.42"
"theme-parks","theme-parks","2","","STD_GST","Tier 63","2026-05-12","2026-05-12","343.79","334.28"
"theme-parks","theme-parks","2","","STD_GST","Tier 64","2026-05-13","2026-05-13","349.02","339.51"
"theme-parks","theme-parks","2","","STD_GST","Tier 65","2026-05-14","2026-05-14","351.87","342.36"
"theme-parks","theme-parks","2","","STD_GST","Tier 66","2026-05-15","2026-05-15","349.49","339.98"
"theme-parks","theme-parks","2","","STD_GST","Tier 67","2026-05-16","2026-05-16","344.26","334.75"
"theme-parks","theme-parks","2","","STD_GST","Tier 68","2026-05-17","2026-05-17","339.03","329.52"
"theme-parks","theme-parks","2","","STD_GST","Tier 69","2026-05-18","2026-05-18","336.18","326.67"
"theme-parks","theme-parks","2","","STD_GST","Tier 70","2026-05-19","2026-05-19","345.21","335.7"
"theme-parks","theme-parks","2","","STD_GST","Tier 71","2026-05-20","2026-05-20","351.87","342.36"
"theme-parks","theme-parks","2","","STD_GST","Tier 72","2026-05-21","2026-05-21","358.53","349.02"
"theme-parks","theme-parks","2","","STD_GST","Tier 73","2026-05-22","2026-05-22","363.76","354.25"
"theme-parks","theme-parks","2","","STD_GST","Tier 74","2026-05-23","2026-05-23","361.86","352.35"
"theme-parks","theme-parks","2","","STD_GST","Tier 75","2026-05-24","2026-05-24","359.95","350.44"
"theme-parks","theme-parks","2","","STD_GST","Tier 76","2026-05-25","2026-05-25","358.05","348.54"
"theme-parks","theme-parks","2","","STD_GST","Tier 77","2026-05-26","2026-05-26","357.58","348.07"
"theme-parks","theme-parks","2","","STD_GST","Tier 78","2026-05-27","2026-05-27","355.67","346.16"
"theme-parks","theme-parks","2","","STD_GST","Tier 79","2026-05-28","2026-05-28","351.39","341.88"
"theme-parks","theme-parks","2","","STD_GST","Tier 80","2026-05-29","2026-05-29","349.02","339.51"
"theme-parks","theme-parks","2","","STD_GST","Tier 81","2026-05-30","2026-05-30","344.45","335"
"theme-parks","theme-parks","2","","STD_GST","Tier 82","2026-05-31","2026-05-31","341.62","332.17"
"theme-parks","theme-parks","2","","STD_GST","Tier 83","2026-06-01","2026-06-03","341.14","331.69"
"theme-parks","theme-parks","2","","STD_GST","Tier 84","2026-06-04","2026-06-04","343.51","334.06"
"theme-parks","theme-parks","2","","STD_GST","Tier 85","2026-06-05","2026-06-05","345.69","336.18"
"theme-parks","theme-parks","2","","STD_GST","Tier 86","2026-06-06","2026-06-06","341.14","331.69"
"theme-parks","theme-parks","2","","STD_GST","Tier 87","2026-06-07","2026-06-07","340.93","331.42"
"theme-parks","theme-parks","2","","STD_GST","Tier 88","2026-06-08","2026-06-08","336.42","326.97"
"theme-parks","theme-parks","2","","STD_GST","Tier 89","2026-06-09","2026-06-09","338.78","329.33"
"theme-parks","theme-parks","2","","STD_GST","Tier 90","2026-06-10","2026-06-10","343.51","334.06"
"theme-parks","theme-parks","2","","STD_GST","Tier 91","2026-06-11","2026-06-12","345.87","336.42"
"theme-parks","theme-parks","2","","STD_GST","Tier 92","2026-06-13","2026-06-13","343.51","334.06"
"theme-parks","theme-parks","2","","STD_GST","Tier 93","2026-06-14","2026-06-14","338.78","329.33"
"theme-parks","theme-parks","2","","STD_GST","Tier 94","2026-06-15","2026-06-15","336.42","326.97"
"theme-parks","theme-parks","2","","STD_GST","Tier 95","2026-06-16","2026-06-16","338.78","329.33"
"theme-parks","theme-parks","2","","STD_GST","Tier 96","2026-06-17","2026-06-17","343.51","334.06"
"theme-parks","theme-parks","2","","STD_GST","Tier 97","2026-06-18","2026-06-18","345.87","336.42"
"theme-parks","theme-parks","2","","STD_GST","Tier 98","2026-06-19","2026-06-19","348.23","338.78"
"theme-parks","theme-parks","2","","STD_GST","Tier 99","2026-06-20","2026-06-20","345.87","336.42"
"theme-parks","theme-parks","2","","STD_GST","Tier 100","2026-06-21","2026-06-21","341.14","331.69"
"theme-parks","theme-parks","2","","STD_GST","Tier 101","2026-06-22","2026-06-22","343.51","334.06"
"theme-parks","theme-parks","2","","STD_GST","Tier 102","2026-06-23","2026-06-23","346.34","336.89"
"theme-parks","theme-parks","2","","STD_GST","Tier 103","2026-06-24","2026-06-24","351.54","342.09"
"theme-parks","theme-parks","2","","STD_GST","Tier 104","2026-06-25","2026-06-25","356.74","347.29"
"theme-parks","theme-parks","2","","STD_GST","Tier 105","2026-06-26","2026-06-26","356.62","347.11"
"theme-parks","theme-parks","2","","STD_GST","Tier 106","2026-06-27","2026-06-27","354.25","344.74"
"theme-parks","theme-parks","2","","STD_GST","Tier 107","2026-06-28","2026-06-28","349.02","339.51"
"theme-parks","theme-parks","2","","STD_GST","Tier 108","2026-06-29","2026-06-29","344.26","334.75"
"theme-parks","theme-parks","2","","STD_GST","Tier 109","2026-06-30","2026-06-30","346.64","337.13"
"theme-parks","theme-parks","2","","STD_GST","Tier 110","2026-07-01","2026-07-01","348.54","339.03"
"theme-parks","theme-parks","2","","STD_GST","Tier 111","2026-07-02","2026-07-02","350.92","341.41"
"theme-parks","theme-parks","2","","STD_GST","Tier 112","2026-07-03","2026-07-03","349.97","340.46"
"theme-parks","theme-parks","2","","STD_GST","Tier 113","2026-07-04","2026-07-04","341.88","332.37"
"theme-parks","theme-parks","2","","STD_GST","Tier 114","2026-07-05","2026-07-05","333.8","324.29"
"theme-parks","theme-parks","2","","STD_GST","Tier 115","2026-07-06","2026-07-06","328.09","318.58"
"theme-parks","theme-parks","3","","STD_GST","Tier 1","2026-03-08","2026-03-09","531.26","517.25"
"theme-parks","theme-parks","3","","STD_GST","Tier 2","2026-03-10","2026-03-10","532.94","518.93"
"theme-parks","theme-parks","3","","STD_GST","Tier 3","2026-03-11","2026-03-11","534.62","520.61"
"theme-parks","theme-parks","3","","STD_GST","Tier 4","2026-03-12","2026-03-12","533.5","519.49"
"theme-parks","theme-parks","3","","STD_GST","Tier 5","2026-03-13","2026-03-13","532.38","518.37"
"theme-parks","theme-parks","3","","STD_GST","Tier 6","2026-03-14","2026-03-14","527.34","513.33"
"theme-parks","theme-parks","3","","STD_GST","Tier 7","2026-03-15","2026-03-15","522.29","508.28"
"theme-parks","theme-parks","3","","STD_GST","Tier 8","2026-03-16","2026-03-16","520.05","506.04"
"theme-parks","theme-parks","3","","STD_GST","Tier 9","2026-03-17","2026-03-17","521.17","507.16"
"theme-parks","theme-parks","3","","STD_GST","Tier 10","2026-03-18","2026-03-18","522.29","508.28"
"theme-parks","theme-parks","3","","STD_GST","Tier 11","2026-03-19","2026-03-19","525.66","511.65"
"theme-parks","theme-parks","3","","STD_GST","Tier 12","2026-03-20","2026-03-20","526.22","512.21"
"theme-parks","theme-parks","3","","STD_GST","Tier 13","2026-03-21","2026-03-21","523.97","509.96"
"theme-parks","theme-parks","3","","STD_GST","Tier 14","2026-03-22","2026-03-22","521.17","507.16"
"theme-parks","theme-parks","3","","STD_GST","Tier 15","2026-03-23","2026-03-23","519.49","505.48"
"theme-parks","theme-parks","3","","STD_GST","Tier 16","2026-03-24","2026-03-24","521.17","507.16"
"theme-parks","theme-parks","3","","STD_GST","Tier 17","2026-03-25","2026-03-25","525.66","511.65"
"theme-parks","theme-parks","3","","STD_GST","Tier 18","2026-03-26","2026-03-26","528.46","514.45"
"theme-parks","theme-parks","3","","STD_GST","Tier 19","2026-03-27","2026-03-27","531.26","517.25"
"theme-parks","theme-parks","3","","STD_GST","Tier 20","2026-03-28","2026-03-28","532.94","518.93"
"theme-parks","theme-parks","3","","STD_GST","Tier 21","2026-03-29","2026-03-30","531.26","517.25"
"theme-parks","theme-parks","3","","STD_GST","Tier 22","2026-03-31","2026-03-31","532.94","518.93"
"theme-parks","theme-parks","3","","STD_GST","Tier 23","2026-04-01","2026-04-03","534.62","520.61"
"theme-parks","theme-parks","3","","STD_GST","Tier 24","2026-04-04","2026-04-04","532.94","518.93"
"theme-parks","theme-parks","3","","STD_GST","Tier 25","2026-04-05","2026-04-06","531.26","517.25"
"theme-parks","theme-parks","3","","STD_GST","Tier 26","2026-04-07","2026-04-07","532.94","518.93"
"theme-parks","theme-parks","3","","STD_GST","Tier 27","2026-04-08","2026-04-09","534.62","520.61"
"theme-parks","theme-parks","3","","STD_GST","Tier 28","2026-04-10","2026-04-10","531.82","517.81"
"theme-parks","theme-parks","3","","STD_GST","Tier 29","2026-04-11","2026-04-11","527.34","513.33"
"theme-parks","theme-parks","3","","STD_GST","Tier 30","2026-04-12","2026-04-13","522.85","508.84"
"theme-parks","theme-parks","3","","STD_GST","Tier 31","2026-04-14","2026-04-14","524.53","510.52"
"theme-parks","theme-parks","3","","STD_GST","Tier 32","2026-04-15","2026-04-15","529.02","515.01"
"theme-parks","theme-parks","3","","STD_GST","Tier 33","2026-04-16","2026-04-16","531.82","517.81"
"theme-parks","theme-parks","3","","STD_GST","Tier 34","2026-04-17","2026-04-17","534.62","520.61"
"theme-parks","theme-parks","3","","STD_GST","Tier 35","2026-04-18","2026-04-18","530.14","516.13"
"theme-parks","theme-parks","3","","STD_GST","Tier 36","2026-04-19","2026-04-20","525.66","511.65"
"theme-parks","theme-parks","3","","STD_GST","Tier 37","2026-04-21","2026-04-21","527.34","513.33"
"theme-parks","theme-parks","3","","STD_GST","Tier 38","2026-04-22","2026-04-22","529.02","515.01"
"theme-parks","theme-parks","3","","STD_GST","Tier 39","2026-04-23","2026-04-23","528.46","514.45"
"theme-parks","theme-parks","3","","STD_GST","Tier 40","2026-04-24","2026-04-24","525.09","511.08"
"theme-parks","theme-parks","3","","STD_GST","Tier 41","2026-04-25","2026-04-25","514.45","500.44"
"theme-parks","theme-parks","3","","STD_GST","Tier 42","2026-04-26","2026-04-26","506.6","492.59"
"theme-parks","theme-parks","3","","STD_GST","Tier 43","2026-04-27","2026-04-27","503.24","489.23"
"theme-parks","theme-parks","3","","STD_GST","Tier 44","2026-04-28","2026-04-28","507.72","493.71"
"theme-parks","theme-parks","3","","STD_GST","Tier 45","2026-04-29","2026-04-29","502.86","489.03"
"theme-parks","theme-parks","3","","STD_GST","Tier 46","2026-04-30","2026-04-30","519.49","505.48"
"theme-parks","theme-parks","3","","STD_GST","Tier 47","2026-05-01","2026-05-01","514.48","500.65"
"theme-parks","theme-parks","3","","STD_GST","Tier 48","2026-05-02","2026-05-02","511.08","497.07"
"theme-parks","theme-parks","3","","STD_GST","Tier 49","2026-05-03","2026-05-03","494.56","480.73"
"theme-parks","theme-parks","3","","STD_GST","Tier 50","2026-05-04","2026-05-05","506.6","492.59"
"theme-parks","theme-parks","3","","STD_GST","Tier 51","2026-05-06","2026-05-06","512.21","498.2"
"theme-parks","theme-parks","3","","STD_GST","Tier 52","2026-05-07","2026-05-07","520.61","506.6"
"theme-parks","theme-parks","3","","STD_GST","Tier 53","2026-05-08","2026-05-08","523.41","509.4"
"theme-parks","theme-parks","3","","STD_GST","Tier 54","2026-05-09","2026-05-09","516.13","502.12"
"theme-parks","theme-parks","3","","STD_GST","Tier 55","2026-05-10","2026-05-10","508.84","494.83"
"theme-parks","theme-parks","3","","STD_GST","Tier 56","2026-05-11","2026-05-11","507.72","493.71"
"theme-parks","theme-parks","3","","STD_GST","Tier 57","2026-05-12","2026-05-12","511.08","497.07"
"theme-parks","theme-parks","3","","STD_GST","Tier 58","2026-05-13","2026-05-13","514.45","500.44"
"theme-parks","theme-parks","3","","STD_GST","Tier 59","2026-05-14","2026-05-15","511.65","497.64"
"theme-parks","theme-parks","3","","STD_GST","Tier 60","2026-05-16","2026-05-16","505.48","491.47"
"theme-parks","theme-parks","3","","STD_GST","Tier 61","2026-05-17","2026-05-17","499.32","485.31"
"theme-parks","theme-parks","3","","STD_GST","Tier 62","2026-05-18","2026-05-18","503.8","489.79"
"theme-parks","theme-parks","3","","STD_GST","Tier 63","2026-05-19","2026-05-19","514.45","500.44"
"theme-parks","theme-parks","3","","STD_GST","Tier 64","2026-05-20","2026-05-20","522.29","508.28"
"theme-parks","theme-parks","3","","STD_GST","Tier 65","2026-05-21","2026-05-21","528.46","514.45"
"theme-parks","theme-parks","3","","STD_GST","Tier 66","2026-05-22","2026-05-22","534.06","520.05"
"theme-parks","theme-parks","3","","STD_GST","Tier 67","2026-05-23","2026-05-23","531.82","517.81"
"theme-parks","theme-parks","3","","STD_GST","Tier 68","2026-05-24","2026-05-24","529.58","515.57"
"theme-parks","theme-parks","3","","STD_GST","Tier 69","2026-05-25","2026-05-25","527.34","513.33"
"theme-parks","theme-parks","3","","STD_GST","Tier 70","2026-05-26","2026-05-26","524.53","510.52"
"theme-parks","theme-parks","3","","STD_GST","Tier 71","2026-05-27","2026-05-27","519.49","505.48"
"theme-parks","theme-parks","3","","STD_GST","Tier 72","2026-05-28","2026-05-28","516.69","502.68"
"theme-parks","theme-parks","3","","STD_GST","Tier 73","2026-05-29","2026-05-29","513.89","499.88"
"theme-parks","theme-parks","3","","STD_GST","Tier 74","2026-05-30","2026-05-30","501.75","487.92"
"theme-parks","theme-parks","3","","STD_GST","Tier 75","2026-05-31","2026-05-31","498.43","484.6"
"theme-parks","theme-parks","3","","STD_GST","Tier 76","2026-06-01","2026-06-04","500.65","486.82"
"theme-parks","theme-parks","3","","STD_GST","Tier 77","2026-06-05","2026-06-05","507.16","493.15"
"theme-parks","theme-parks","3","","STD_GST","Tier 78","2026-06-06","2026-06-06","497.88","484.05"
"theme-parks","theme-parks","3","","STD_GST","Tier 79","2026-06-07","2026-06-07","501.56","487.55"
"theme-parks","theme-parks","3","","STD_GST","Tier 80","2026-06-08","2026-06-08","495.11","481.28"
"theme-parks","theme-parks","3","","STD_GST","Tier 81","2026-06-09","2026-06-09","500.65","486.82"
"theme-parks","theme-parks","3","","STD_GST","Tier 82","2026-06-10","2026-06-12","503.41","489.58"
"theme-parks","theme-parks","3","","STD_GST","Tier 83","2026-06-13","2026-06-13","500.65","486.82"
"theme-parks","theme-parks","3","","STD_GST","Tier 84","2026-06-14","2026-06-15","495.11","481.28"
"theme-parks","theme-parks","3","","STD_GST","Tier 85","2026-06-16","2026-06-16","500.65","486.82"
"theme-parks","theme-parks","3","","STD_GST","Tier 86","2026-06-17","2026-06-17","503.41","489.58"
"theme-parks","theme-parks","3","","STD_GST","Tier 87","2026-06-18","2026-06-19","506.18","492.35"
"theme-parks","theme-parks","3","","STD_GST","Tier 88","2026-06-20","2026-06-21","503.41","489.58"
"theme-parks","theme-parks","3","","STD_GST","Tier 89","2026-06-22","2026-06-22","506.73","492.9"
"theme-parks","theme-parks","3","","STD_GST","Tier 90","2026-06-23","2026-06-23","510.05","496.22"
"theme-parks","theme-parks","3","","STD_GST","Tier 91","2026-06-24","2026-06-24","516.14","502.31"
"theme-parks","theme-parks","3","","STD_GST","Tier 92","2026-06-25","2026-06-25","518.9","505.07"
"theme-parks","theme-parks","3","","STD_GST","Tier 93","2026-06-26","2026-06-26","523.41","509.4"
"theme-parks","theme-parks","3","","STD_GST","Tier 94","2026-06-27","2026-06-27","517.25","503.24"
"theme-parks","theme-parks","3","","STD_GST","Tier 95","2026-06-28","2026-06-28","511.65","497.64"
"theme-parks","theme-parks","3","","STD_GST","Tier 96","2026-06-29","2026-06-29","511.08","497.07"
"theme-parks","theme-parks","3","","STD_GST","Tier 97","2026-06-30","2026-06-30","513.89","499.88"
"theme-parks","theme-parks","3","","STD_GST","Tier 98","2026-07-01","2026-07-01","513.33","499.32"
"theme-parks","theme-parks","3","","STD_GST","Tier 99","2026-07-02","2026-07-02","512.77","498.76"
"theme-parks","theme-parks","3","","STD_GST","Tier 100","2026-07-03","2026-07-03","508.28","494.27"
"theme-parks","theme-parks","3","","STD_GST","Tier 101","2026-07-04","2026-07-04","498.76","484.75"
"theme-parks","theme-parks","3","","STD_GST","Tier 102","2026-07-05","2026-07-05","489.23","475.22"
"theme-parks","theme-parks","3","","STD_GST","Tier 103","2026-07-06","2026-07-06","485.31","471.3"
"theme-parks","theme-parks","4","","STD_GST","Tier 1","2026-03-08","2026-03-09","679.72","661.86"
"theme-parks","theme-parks","4","","STD_GST","Tier 2","2026-03-10","2026-03-10","678.68","660.82"
"theme-parks","theme-parks","4","","STD_GST","Tier 3","2026-03-11","2026-03-11","677.64","659.78"
"theme-parks","theme-parks","4","","STD_GST","Tier 4","2026-03-12","2026-03-12","674.61","656.75"
"theme-parks","theme-parks","4","","STD_GST","Tier 5","2026-03-13","2026-03-13","671.54","653.68"
"theme-parks","theme-parks","4","","STD_GST","Tier 6","2026-03-14","2026-03-14","669.5","651.64"
"theme-parks","theme-parks","4","","STD_GST","Tier 7","2026-03-15","2026-03-15","667.96","650.1"
"theme-parks","theme-parks","4","","STD_GST","Tier 8","2026-03-16","2026-03-16","666.43","648.57"
"theme-parks","theme-parks","4","","STD_GST","Tier 9","2026-03-17","2026-03-17","667.46","649.6"
"theme-parks","theme-parks","4","","STD_GST","Tier 10","2026-03-18","2026-03-18","665.93","648.07"
"theme-parks","theme-parks","4","","STD_GST","Tier 11","2026-03-19","2026-03-19","666.43","648.57"
"theme-parks","theme-parks","4","","STD_GST","Tier 12","2026-03-20","2026-03-20","666.93","649.07"
"theme-parks","theme-parks","4","","STD_GST","Tier 13","2026-03-21","2026-03-21","665.93","648.07"
"theme-parks","theme-parks","4","","STD_GST","Tier 14","2026-03-22","2026-03-22","667.46","649.6"
"theme-parks","theme-parks","4","","STD_GST","Tier 15","2026-03-23","2026-03-24","669","651.14"
"theme-parks","theme-parks","4","","STD_GST","Tier 16","2026-03-25","2026-03-25","671.54","653.68"
"theme-parks","theme-parks","4","","STD_GST","Tier 17","2026-03-26","2026-03-26","674.07","656.21"
"theme-parks","theme-parks","4","","STD_GST","Tier 18","2026-03-27","2026-03-27","676.64","658.78"
"theme-parks","theme-parks","4","","STD_GST","Tier 19","2026-03-28","2026-04-07","679.72","661.86"
"theme-parks","theme-parks","4","","STD_GST","Tier 20","2026-04-08","2026-04-08","677.14","659.28"
"theme-parks","theme-parks","4","","STD_GST","Tier 21","2026-04-09","2026-04-09","674.61","656.75"
"theme-parks","theme-parks","4","","STD_GST","Tier 22","2026-04-10","2026-04-14","672.04","654.18"
"theme-parks","theme-parks","4","","STD_GST","Tier 23","2026-04-15","2026-04-20","674.61","656.75"
"theme-parks","theme-parks","4","","STD_GST","Tier 24","2026-04-21","2026-04-21","671.54","653.68"
"theme-parks","theme-parks","4","","STD_GST","Tier 25","2026-04-22","2026-04-22","665.93","648.07"
"theme-parks","theme-parks","4","","STD_GST","Tier 26","2026-04-23","2026-04-23","660.32","642.46"
"theme-parks","theme-parks","4","","STD_GST","Tier 27","2026-04-24","2026-04-24","657.25","639.39"
"theme-parks","theme-parks","4","","STD_GST","Tier 28","2026-04-25","2026-04-25","654.18","636.32"
"theme-parks","theme-parks","4","","STD_GST","Tier 29","2026-04-26","2026-04-26","653.68","635.82"
"theme-parks","theme-parks","4","","STD_GST","Tier 30","2026-04-27","2026-04-27","648.07","630.21"
"theme-parks","theme-parks","4","","STD_GST","Tier 31","2026-04-28","2026-04-28","652.14","634.28"
"theme-parks","theme-parks","4","","STD_GST","Tier 32","2026-04-29","2026-04-29","649.28","631.54"
"theme-parks","theme-parks","4","","STD_GST","Tier 33","2026-04-30","2026-04-30","651.14","633.28"
"theme-parks","theme-parks","4","","STD_GST","Tier 34","2026-05-01","2026-05-01","644.21","626.47"
"theme-parks","theme-parks","4","","STD_GST","Tier 35","2026-05-02","2026-05-02","651.14","633.28"
"theme-parks","theme-parks","4","","STD_GST","Tier 36","2026-05-03","2026-05-03","646.76","629.02"
"theme-parks","theme-parks","4","","STD_GST","Tier 37","2026-05-04","2026-05-04","656.21","638.35"
"theme-parks","theme-parks","4","","STD_GST","Tier 38","2026-05-05","2026-05-05","652.14","634.28"
"theme-parks","theme-parks","4","","STD_GST","Tier 39","2026-05-06","2026-05-06","650.6","632.74"
"theme-parks","theme-parks","4","","STD_GST","Tier 40","2026-05-07","2026-05-07","655.71","637.85"
"theme-parks","theme-parks","4","","STD_GST","Tier 41","2026-05-08","2026-05-08","658.28","640.42"
"theme-parks","theme-parks","4","","STD_GST","Tier 42","2026-05-09","2026-05-09","657.25","639.39"
"theme-parks","theme-parks","4","","STD_GST","Tier 43","2026-05-10","2026-05-10","656.21","638.35"
"theme-parks","theme-parks","4","","STD_GST","Tier 44","2026-05-11","2026-05-11","652.64","634.78"
"theme-parks","theme-parks","4","","STD_GST","Tier 45","2026-05-12","2026-05-15","647.57","629.71"
"theme-parks","theme-parks","4","","STD_GST","Tier 46","2026-05-16","2026-05-16","649.07","631.21"
"theme-parks","theme-parks","4","","STD_GST","Tier 47","2026-05-17","2026-05-17","650.6","632.74"
"theme-parks","theme-parks","4","","STD_GST","Tier 48","2026-05-18","2026-05-18","654.71","636.85"
"theme-parks","theme-parks","4","","STD_GST","Tier 49","2026-05-19","2026-05-19","662.86","645"
"theme-parks","theme-parks","4","","STD_GST","Tier 50","2026-05-20","2026-05-20","667.96","650.1"
"theme-parks","theme-parks","4","","STD_GST","Tier 51","2026-05-21","2026-05-21","673.07","655.21"
"theme-parks","theme-parks","4","","STD_GST","Tier 52","2026-05-22","2026-05-22","678.18","660.32"
"theme-parks","theme-parks","4","","STD_GST","Tier 53","2026-05-23","2026-05-23","676.14","658.28"
"theme-parks","theme-parks","4","","STD_GST","Tier 54","2026-05-24","2026-05-24","672.04","654.18"
"theme-parks","theme-parks","4","","STD_GST","Tier 55","2026-05-25","2026-05-25","665.43","647.57"
"theme-parks","theme-parks","4","","STD_GST","Tier 56","2026-05-26","2026-05-26","662.36","644.5"
"theme-parks","theme-parks","4","","STD_GST","Tier 57","2026-05-27","2026-05-27","659.78","641.92"
"theme-parks","theme-parks","4","","STD_GST","Tier 58","2026-05-28","2026-05-28","654.71","636.85"
"theme-parks","theme-parks","4","","STD_GST","Tier 59","2026-05-29","2026-05-29","649.6","631.74"
"theme-parks","theme-parks","4","","STD_GST","Tier 60","2026-05-30","2026-05-30","642.68","624.94"
"theme-parks","theme-parks","4","","STD_GST","Tier 61","2026-05-31","2026-05-31","642.19","624.45"
"theme-parks","theme-parks","4","","STD_GST","Tier 62","2026-06-01","2026-06-01","644.21","626.47"
"theme-parks","theme-parks","4","","STD_GST","Tier 63","2026-06-02","2026-06-02","641.69","623.95"
"theme-parks","theme-parks","4","","STD_GST","Tier 64","2026-06-03","2026-06-04","639.14","621.4"
"theme-parks","theme-parks","4","","STD_GST","Tier 65","2026-06-05","2026-06-05","643.46","625.6"
"theme-parks","theme-parks","4","","STD_GST","Tier 66","2026-06-06","2026-06-06","639.14","621.4"
"theme-parks","theme-parks","4","","STD_GST","Tier 67","2026-06-07","2026-06-07","646.03","628.17"
"theme-parks","theme-parks","4","","STD_GST","Tier 68","2026-06-08","2026-06-15","641.69","623.95"
"theme-parks","theme-parks","4","","STD_GST","Tier 69","2026-06-16","2026-06-18","644.21","626.47"
"theme-parks","theme-parks","4","","STD_GST","Tier 70","2026-06-19","2026-06-19","649.28","631.54"
"theme-parks","theme-parks","4","","STD_GST","Tier 71","2026-06-20","2026-06-20","652.34","634.6"
"theme-parks","theme-parks","4","","STD_GST","Tier 72","2026-06-21","2026-06-21","652.83","635.09"
"theme-parks","theme-parks","4","","STD_GST","Tier 73","2026-06-22","2026-06-23","655.88","638.14"
"theme-parks","theme-parks","4","","STD_GST","Tier 74","2026-06-24","2026-06-25","658.9","641.16"
"theme-parks","theme-parks","4","","STD_GST","Tier 75","2026-06-26","2026-06-26","658.78","640.92"
"theme-parks","theme-parks","4","","STD_GST","Tier 76","2026-06-27","2026-06-27","658.28","640.42"
"theme-parks","theme-parks","4","","STD_GST","Tier 77","2026-06-28","2026-06-28","657.75","639.89"
"theme-parks","theme-parks","4","","STD_GST","Tier 78","2026-06-29","2026-06-29","654.71","636.85"
"theme-parks","theme-parks","4","","STD_GST","Tier 79","2026-06-30","2026-06-30","651.64","633.78"
"theme-parks","theme-parks","4","","STD_GST","Tier 80","2026-07-01","2026-07-01","645","627.14"
"theme-parks","theme-parks","4","","STD_GST","Tier 81","2026-07-02","2026-07-02","641.42","623.56"
"theme-parks","theme-parks","4","","STD_GST","Tier 82","2026-07-03","2026-07-03","637.35","619.49"
"theme-parks","theme-parks","4","","STD_GST","Tier 83","2026-07-04","2026-07-04","631.21","613.35"
"theme-parks","theme-parks","4","","STD_GST","Tier 84","2026-07-05","2026-07-05","625.1","607.24"
"theme-parks","theme-parks","4","","STD_GST","Tier 85","2026-07-06","2026-07-06","618.99","601.13"
"theme-parks","theme-parks","5","","STD_GST","Tier 1","2026-03-08","2026-03-08","762.95","742.93"
"theme-parks","theme-parks","5","","STD_GST","Tier 2","2026-03-09","2026-03-09","760.47","740.44"
"theme-parks","theme-parks","5","","STD_GST","Tier 3","2026-03-10","2026-03-10","759.47","739.44"
"theme-parks","theme-parks","5","","STD_GST","Tier 4","2026-03-11","2026-03-11","756.46","736.44"
"theme-parks","theme-parks","5","","STD_GST","Tier 5","2026-03-12","2026-03-12","753.46","733.44"
"theme-parks","theme-parks","5","","STD_GST","Tier 6","2026-03-13","2026-03-13","752.94","732.91"
"theme-parks","theme-parks","5","","STD_GST","Tier 7","2026-03-14","2026-03-14","751.46","731.43"
"theme-parks","theme-parks","5","","STD_GST","Tier 8","2026-03-15","2026-03-15","749.94","729.91"
"theme-parks","theme-parks","5","","STD_GST","Tier 9","2026-03-16","2026-03-16","748.45","728.43"
"theme-parks","theme-parks","5","","STD_GST","Tier 10","2026-03-17","2026-03-17","746.93","726.91"
"theme-parks","theme-parks","5","","STD_GST","Tier 11","2026-03-18","2026-03-18","745.45","725.43"
"theme-parks","theme-parks","5","","STD_GST","Tier 12","2026-03-19","2026-03-19","745.93","725.91"
"theme-parks","theme-parks","5","","STD_GST","Tier 13","2026-03-20","2026-03-20","747.45","727.43"
"theme-parks","theme-parks","5","","STD_GST","Tier 14","2026-03-21","2026-03-21","749.46","729.43"
"theme-parks","theme-parks","5","","STD_GST","Tier 15","2026-03-22","2026-03-24","750.94","730.91"
"theme-parks","theme-parks","5","","STD_GST","Tier 16","2026-03-25","2026-03-25","753.46","733.44"
"theme-parks","theme-parks","5","","STD_GST","Tier 17","2026-03-26","2026-03-26","755.94","735.92"
"theme-parks","theme-parks","5","","STD_GST","Tier 18","2026-03-27","2026-03-27","759.95","739.92"
"theme-parks","theme-parks","5","","STD_GST","Tier 19","2026-03-28","2026-03-29","762.95","742.93"
"theme-parks","theme-parks","5","","STD_GST","Tier 20","2026-03-30","2026-04-02","761.47","741.45"
"theme-parks","theme-parks","5","","STD_GST","Tier 21","2026-04-03","2026-04-05","762.95","742.93"
"theme-parks","theme-parks","5","","STD_GST","Tier 22","2026-04-06","2026-04-06","761.47","741.45"
"theme-parks","theme-parks","5","","STD_GST","Tier 23","2026-04-07","2026-04-07","758.95","738.92"
"theme-parks","theme-parks","5","","STD_GST","Tier 24","2026-04-08","2026-04-08","756.46","736.44"
"theme-parks","theme-parks","5","","STD_GST","Tier 25","2026-04-09","2026-04-09","753.94","733.92"
"theme-parks","theme-parks","5","","STD_GST","Tier 26","2026-04-10","2026-04-12","755.46","735.44"
"theme-parks","theme-parks","5","","STD_GST","Tier 27","2026-04-13","2026-04-16","753.94","733.92"
"theme-parks","theme-parks","5","","STD_GST","Tier 28","2026-04-17","2026-04-19","757.95","737.92"
"theme-parks","theme-parks","5","","STD_GST","Tier 29","2026-04-20","2026-04-20","753.46","733.44"
"theme-parks","theme-parks","5","","STD_GST","Tier 30","2026-04-21","2026-04-21","747.93","727.91"
"theme-parks","theme-parks","5","","STD_GST","Tier 31","2026-04-22","2026-04-22","739.92","719.9"
"theme-parks","theme-parks","5","","STD_GST","Tier 32","2026-04-23","2026-04-23","736.92","716.89"
"theme-parks","theme-parks","5","","STD_GST","Tier 33","2026-04-24","2026-04-24","737.92","717.9"
"theme-parks","theme-parks","5","","STD_GST","Tier 34","2026-04-25","2026-04-25","737.44","717.42"
"theme-parks","theme-parks","5","","STD_GST","Tier 35","2026-04-26","2026-04-26","731.91","711.89"
"theme-parks","theme-parks","5","","STD_GST","Tier 36","2026-04-27","2026-04-27","731.43","711.41"
"theme-parks","theme-parks","5","","STD_GST","Tier 37","2026-04-28","2026-04-28","714.93","695.33"
"theme-parks","theme-parks","5","","STD_GST","Tier 38","2026-04-29","2026-04-30","710.03","690.43"
"theme-parks","theme-parks","5","","STD_GST","Tier 39","2026-05-01","2026-05-01","716.38","696.78"
"theme-parks","theme-parks","5","","STD_GST","Tier 40","2026-05-02","2026-05-03","718.85","699.25"
"theme-parks","theme-parks","5","","STD_GST","Tier 41","2026-05-04","2026-05-04","735.44","715.41"
"theme-parks","theme-parks","5","","STD_GST","Tier 42","2026-05-05","2026-05-05","728.91","708.88"
"theme-parks","theme-parks","5","","STD_GST","Tier 43","2026-05-06","2026-05-06","727.43","707.4"
"theme-parks","theme-parks","5","","STD_GST","Tier 44","2026-05-07","2026-05-07","732.43","712.41"
"theme-parks","theme-parks","5","","STD_GST","Tier 45","2026-05-08","2026-05-08","740.44","720.42"
"theme-parks","theme-parks","5","","STD_GST","Tier 46","2026-05-09","2026-05-09","739.44","719.42"
"theme-parks","theme-parks","5","","STD_GST","Tier 47","2026-05-10","2026-05-10","735.92","715.89"
"theme-parks","theme-parks","5","","STD_GST","Tier 48","2026-05-11","2026-05-11","726.91","706.88"
"theme-parks","theme-parks","5","","STD_GST","Tier 49","2026-05-12","2026-05-14","724.42","704.4"
"theme-parks","theme-parks","5","","STD_GST","Tier 50","2026-05-15","2026-05-15","731.43","711.41"
"theme-parks","theme-parks","5","","STD_GST","Tier 51","2026-05-16","2026-05-16","732.91","712.89"
"theme-parks","theme-parks","5","","STD_GST","Tier 52","2026-05-17","2026-05-17","734.44","714.41"
"theme-parks","theme-parks","5","","STD_GST","Tier 53","2026-05-18","2026-05-18","736.92","716.89"
"theme-parks","theme-parks","5","","STD_GST","Tier 54","2026-05-19","2026-05-19","744.45","724.42"
"theme-parks","theme-parks","5","","STD_GST","Tier 55","2026-05-20","2026-05-20","749.46","729.43"
"theme-parks","theme-parks","5","","STD_GST","Tier 56","2026-05-21","2026-05-21","754.46","734.44"
"theme-parks","theme-parks","5","","STD_GST","Tier 57","2026-05-22","2026-05-22","759.47","739.44"
"theme-parks","theme-parks","5","","STD_GST","Tier 58","2026-05-23","2026-05-23","755.46","735.44"
"theme-parks","theme-parks","5","","STD_GST","Tier 59","2026-05-24","2026-05-24","748.93","728.91"
"theme-parks","theme-parks","5","","STD_GST","Tier 60","2026-05-25","2026-05-25","744.45","724.42"
"theme-parks","theme-parks","5","","STD_GST","Tier 61","2026-05-26","2026-05-26","741.45","721.42"
"theme-parks","theme-parks","5","","STD_GST","Tier 62","2026-05-27","2026-05-27","736.44","716.41"
"theme-parks","theme-parks","5","","STD_GST","Tier 63","2026-05-28","2026-05-28","731.43","711.41"
"theme-parks","theme-parks","5","","STD_GST","Tier 64","2026-05-29","2026-05-29","713.44","693.84"
"theme-parks","theme-parks","5","","STD_GST","Tier 65","2026-05-30","2026-05-30","711.01","691.41"
"theme-parks","theme-parks","5","","STD_GST","Tier 66","2026-05-31","2026-05-31","710.5","690.9"
"theme-parks","theme-parks","5","","STD_GST","Tier 67","2026-06-01","2026-06-01","710.03","690.43"
"theme-parks","theme-parks","5","","STD_GST","Tier 68","2026-06-02","2026-06-02","707.56","687.96"
"theme-parks","theme-parks","5","","STD_GST","Tier 69","2026-06-03","2026-06-04","705.13","685.53"
"theme-parks","theme-parks","5","","STD_GST","Tier 70","2026-06-05","2026-06-05","707.56","687.96"
"theme-parks","theme-parks","5","","STD_GST","Tier 71","2026-06-06","2026-06-07","710.03","690.43"
"theme-parks","theme-parks","5","","STD_GST","Tier 72","2026-06-08","2026-06-11","707.56","687.96"
"theme-parks","theme-parks","5","","STD_GST","Tier 73","2026-06-12","2026-06-12","710.03","690.43"
"theme-parks","theme-parks","5","","STD_GST","Tier 74","2026-06-13","2026-06-13","712.46","692.86"
"theme-parks","theme-parks","5","","STD_GST","Tier 75","2026-06-14","2026-06-17","710.03","690.43"
"theme-parks","theme-parks","5","","STD_GST","Tier 76","2026-06-18","2026-06-18","714.93","695.33"
"theme-parks","theme-parks","5","","STD_GST","Tier 77","2026-06-19","2026-06-19","720.3","700.7"
"theme-parks","theme-parks","5","","STD_GST","Tier 78","2026-06-20","2026-06-20","723.24","703.64"
"theme-parks","theme-parks","5","","STD_GST","Tier 79","2026-06-21","2026-06-22","723.75","704.15"
"theme-parks","theme-parks","5","","STD_GST","Tier 80","2026-06-23","2026-06-24","724.22","704.62"
"theme-parks","theme-parks","5","","STD_GST","Tier 81","2026-06-25","2026-06-26","740.44","720.42"
"theme-parks","theme-parks","5","","STD_GST","Tier 82","2026-06-27","2026-06-27","739.92","719.9"
"theme-parks","theme-parks","5","","STD_GST","Tier 83","2026-06-28","2026-06-28","736.92","716.89"
"theme-parks","theme-parks","5","","STD_GST","Tier 84","2026-06-29","2026-06-29","730.91","710.89"
"theme-parks","theme-parks","5","","STD_GST","Tier 85","2026-06-30","2026-06-30","724.9","704.88"
"theme-parks","theme-parks","5","","STD_GST","Tier 86","2026-07-01","2026-07-01","718.42","698.39"
"theme-parks","theme-parks","5","","STD_GST","Tier 87","2026-07-02","2026-07-02","714.89","694.87"
"theme-parks","theme-parks","5","","STD_GST","Tier 88","2026-07-03","2026-07-03","713.41","693.39"
"theme-parks","theme-parks","5","","STD_GST","Tier 89","2026-07-04","2026-07-04","707.4","687.38"
"theme-parks","theme-parks","5","","STD_GST","Tier 90","2026-07-05","2026-07-05","684.04","664.44"
"theme-parks","theme-parks","5","","STD_GST","Tier 91","2026-07-06","2026-07-06","675.73","656.13"
"theme-parks","theme-parks","6","","STD_GST","Tier 1","2026-03-08","2026-03-08","806.45","785.24"
"theme-parks","theme-parks","6","","STD_GST","Tier 2","2026-03-09","2026-03-09","804.11","782.9"
"theme-parks","theme-parks","6","","STD_GST","Tier 3","2026-03-10","2026-03-10","801.27","780.06"
"theme-parks","theme-parks","6","","STD_GST","Tier 4","2026-03-11","2026-03-11","798.43","777.22"
"theme-parks","theme-parks","6","","STD_GST","Tier 5","2026-03-12","2026-03-13","797.96","776.75"
"theme-parks","theme-parks","6","","STD_GST","Tier 6","2026-03-14","2026-03-14","796.56","775.35"
"theme-parks","theme-parks","6","","STD_GST","Tier 7","2026-03-15","2026-03-15","795.12","773.91"
"theme-parks","theme-parks","6","","STD_GST","Tier 8","2026-03-16","2026-03-16","791.39","770.18"
"theme-parks","theme-parks","6","","STD_GST","Tier 9","2026-03-17","2026-03-17","789.95","768.74"
"theme-parks","theme-parks","6","","STD_GST","Tier 10","2026-03-18","2026-03-18","788.55","767.34"
"theme-parks","theme-parks","6","","STD_GST","Tier 11","2026-03-19","2026-03-19","789.95","768.74"
"theme-parks","theme-parks","6","","STD_GST","Tier 12","2026-03-20","2026-03-20","794.19","772.98"
"theme-parks","theme-parks","6","","STD_GST","Tier 13","2026-03-21","2026-03-24","796.1","774.89"
"theme-parks","theme-parks","6","","STD_GST","Tier 14","2026-03-25","2026-03-25","798.43","777.22"
"theme-parks","theme-parks","6","","STD_GST","Tier 15","2026-03-26","2026-03-26","802.2","780.99"
"theme-parks","theme-parks","6","","STD_GST","Tier 16","2026-03-27","2026-03-27","805.98","784.77"
"theme-parks","theme-parks","6","","STD_GST","Tier 17","2026-03-28","2026-03-28","808.82","787.61"
"theme-parks","theme-parks","6","","STD_GST","Tier 18","2026-03-29","2026-03-29","807.38","786.17"
"theme-parks","theme-parks","6","","STD_GST","Tier 19","2026-03-30","2026-04-01","805.98","784.77"
"theme-parks","theme-parks","6","","STD_GST","Tier 20","2026-04-02","2026-04-02","807.38","786.17"
"theme-parks","theme-parks","6","","STD_GST","Tier 21","2026-04-03","2026-04-04","808.82","787.61"
"theme-parks","theme-parks","6","","STD_GST","Tier 22","2026-04-05","2026-04-05","807.38","786.17"
"theme-parks","theme-parks","6","","STD_GST","Tier 23","2026-04-06","2026-04-06","803.6","782.39"
"theme-parks","theme-parks","6","","STD_GST","Tier 24","2026-04-07","2026-04-07","801.27","780.06"
"theme-parks","theme-parks","6","","STD_GST","Tier 25","2026-04-08","2026-04-08","798.9","777.69"
"theme-parks","theme-parks","6","","STD_GST","Tier 26","2026-04-09","2026-04-09","800.34","779.13"
"theme-parks","theme-parks","6","","STD_GST","Tier 27","2026-04-10","2026-04-11","801.74","780.53"
"theme-parks","theme-parks","6","","STD_GST","Tier 28","2026-04-12","2026-04-12","800.34","779.13"
"theme-parks","theme-parks","6","","STD_GST","Tier 29","2026-04-13","2026-04-13","798.9","777.69"
"theme-parks","theme-parks","6","","STD_GST","Tier 30","2026-04-14","2026-04-15","796.56","775.35"
"theme-parks","theme-parks","6","","STD_GST","Tier 31","2026-04-16","2026-04-16","800.34","779.13"
"theme-parks","theme-parks","6","","STD_GST","Tier 32","2026-04-17","2026-04-18","804.11","782.9"
"theme-parks","theme-parks","6","","STD_GST","Tier 33","2026-04-19","2026-04-19","799.87","778.66"
"theme-parks","theme-parks","6","","STD_GST","Tier 34","2026-04-20","2026-04-20","793.25","772.04"
"theme-parks","theme-parks","6","","STD_GST","Tier 35","2026-04-21","2026-04-21","785.7","764.49"
"theme-parks","theme-parks","6","","STD_GST","Tier 36","2026-04-22","2026-04-22","780.53","759.32"
"theme-parks","theme-parks","6","","STD_GST","Tier 37","2026-04-23","2026-04-23","781.46","760.25"
"theme-parks","theme-parks","6","","STD_GST","Tier 38","2026-04-24","2026-04-24","784.77","763.56"
"theme-parks","theme-parks","6","","STD_GST","Tier 39","2026-04-25","2026-04-25","779.59","758.38"
"theme-parks","theme-parks","6","","STD_GST","Tier 40","2026-04-26","2026-04-26","779.13","757.92"
"theme-parks","theme-parks","6","","STD_GST","Tier 41","2026-04-27","2026-04-27","773.91","752.7"
"theme-parks","theme-parks","6","","STD_GST","Tier 42","2026-04-28","2026-04-28","736.5","716.13"
"theme-parks","theme-parks","6","","STD_GST","Tier 43","2026-04-29","2026-04-29","734.22","713.85"
"theme-parks","theme-parks","6","","STD_GST","Tier 44","2026-04-30","2026-04-30","742.36","721.99"
"theme-parks","theme-parks","6","","STD_GST","Tier 45","2026-05-01","2026-05-01","748.27","727.9"
"theme-parks","theme-parks","6","","STD_GST","Tier 46","2026-05-02","2026-05-02","750.51","730.14"
"theme-parks","theme-parks","6","","STD_GST","Tier 47","2026-05-03","2026-05-03","746.89","726.52"
"theme-parks","theme-parks","6","","STD_GST","Tier 48","2026-05-04","2026-05-04","776.29","755.08"
"theme-parks","theme-parks","6","","STD_GST","Tier 49","2026-05-05","2026-05-05","770.18","748.97"
"theme-parks","theme-parks","6","","STD_GST","Tier 50","2026-05-06","2026-05-06","768.74","747.53"
"theme-parks","theme-parks","6","","STD_GST","Tier 51","2026-05-07","2026-05-07","778.66","757.45"
"theme-parks","theme-parks","6","","STD_GST","Tier 52","2026-05-08","2026-05-08","786.17","764.96"
"theme-parks","theme-parks","6","","STD_GST","Tier 53","2026-05-09","2026-05-09","782.9","761.69"
"theme-parks","theme-parks","6","","STD_GST","Tier 54","2026-05-10","2026-05-10","774.42","753.21"
"theme-parks","theme-parks","6","","STD_GST","Tier 55","2026-05-11","2026-05-11","768.27","747.06"
"theme-parks","theme-parks","6","","STD_GST","Tier 56","2026-05-12","2026-05-13","765.94","744.73"
"theme-parks","theme-parks","6","","STD_GST","Tier 57","2026-05-14","2026-05-14","772.51","751.3"
"theme-parks","theme-parks","6","","STD_GST","Tier 58","2026-05-15","2026-05-15","779.13","757.92"
"theme-parks","theme-parks","6","","STD_GST","Tier 59","2026-05-16","2026-05-17","780.53","759.32"
"theme-parks","theme-parks","6","","STD_GST","Tier 60","2026-05-18","2026-05-18","782.39","761.18"
"theme-parks","theme-parks","6","","STD_GST","Tier 61","2026-05-19","2026-05-19","789.48","768.27"
"theme-parks","theme-parks","6","","STD_GST","Tier 62","2026-05-20","2026-05-20","794.19","772.98"
"theme-parks","theme-parks","6","","STD_GST","Tier 63","2026-05-21","2026-05-21","798.9","777.69"
"theme-parks","theme-parks","6","","STD_GST","Tier 64","2026-05-22","2026-05-22","801.74","780.53"
"theme-parks","theme-parks","6","","STD_GST","Tier 65","2026-05-23","2026-05-23","795.63","774.42"
"theme-parks","theme-parks","6","","STD_GST","Tier 66","2026-05-24","2026-05-24","791.39","770.18"
"theme-parks","theme-parks","6","","STD_GST","Tier 67","2026-05-25","2026-05-25","787.15","765.94"
"theme-parks","theme-parks","6","","STD_GST","Tier 68","2026-05-26","2026-05-26","781.93","760.72"
"theme-parks","theme-parks","6","","STD_GST","Tier 69","2026-05-27","2026-05-27","777.22","756.01"
"theme-parks","theme-parks","6","","STD_GST","Tier 70","2026-05-28","2026-05-28","774.89","753.68"
"theme-parks","theme-parks","6","","STD_GST","Tier 71","2026-05-29","2026-05-29","741.92","721.55"
"theme-parks","theme-parks","6","","STD_GST","Tier 72","2026-05-30","2026-05-30","739.68","719.31"
"theme-parks","theme-parks","6","","STD_GST","Tier 73","2026-05-31","2026-05-31","736.95","716.58"
"theme-parks","theme-parks","6","","STD_GST","Tier 74","2026-06-01","2026-06-01","736.5","716.13"
"theme-parks","theme-parks","6","","STD_GST","Tier 75","2026-06-02","2026-06-02","734.22","713.85"
"theme-parks","theme-parks","6","","STD_GST","Tier 76","2026-06-03","2026-06-03","731.98","711.61"
"theme-parks","theme-parks","6","","STD_GST","Tier 77","2026-06-04","2026-06-04","734.22","713.85"
"theme-parks","theme-parks","6","","STD_GST","Tier 78","2026-06-05","2026-06-06","738.74","718.37"
"theme-parks","theme-parks","6","","STD_GST","Tier 79","2026-06-07","2026-06-07","736.5","716.13"
"theme-parks","theme-parks","6","","STD_GST","Tier 80","2026-06-08","2026-06-10","734.22","713.85"
"theme-parks","theme-parks","6","","STD_GST","Tier 81","2026-06-11","2026-06-11","736.5","716.13"
"theme-parks","theme-parks","6","","STD_GST","Tier 82","2026-06-12","2026-06-13","741.02","720.65"
"theme-parks","theme-parks","6","","STD_GST","Tier 83","2026-06-14","2026-06-14","738.74","718.37"
"theme-parks","theme-parks","6","","STD_GST","Tier 84","2026-06-15","2026-06-16","736.5","716.13"
"theme-parks","theme-parks","6","","STD_GST","Tier 85","2026-06-17","2026-06-17","741.02","720.65"
"theme-parks","theme-parks","6","","STD_GST","Tier 86","2026-06-18","2026-06-18","745.99","725.62"
"theme-parks","theme-parks","6","","STD_GST","Tier 87","2026-06-19","2026-06-19","750.96","730.59"
"theme-parks","theme-parks","6","","STD_GST","Tier 88","2026-06-20","2026-06-20","753.69","733.32"
"theme-parks","theme-parks","6","","STD_GST","Tier 89","2026-06-21","2026-06-21","751.41","731.04"
"theme-parks","theme-parks","6","","STD_GST","Tier 90","2026-06-22","2026-06-22","751.9","731.53"
"theme-parks","theme-parks","6","","STD_GST","Tier 91","2026-06-23","2026-06-23","749.62","729.25"
"theme-parks","theme-parks","6","","STD_GST","Tier 92","2026-06-24","2026-06-24","750.06","729.69"
"theme-parks","theme-parks","6","","STD_GST","Tier 93","2026-06-25","2026-06-26","785.7","764.49"
"theme-parks","theme-parks","6","","STD_GST","Tier 94","2026-06-27","2026-06-27","782.9","761.69"
"theme-parks","theme-parks","6","","STD_GST","Tier 95","2026-06-28","2026-06-28","777.22","756.01"
"theme-parks","theme-parks","6","","STD_GST","Tier 96","2026-06-29","2026-06-29","768.74","747.53"
"theme-parks","theme-parks","6","","STD_GST","Tier 97","2026-06-30","2026-06-30","763.09","741.88"
"theme-parks","theme-parks","6","","STD_GST","Tier 98","2026-07-01","2026-07-01","756.94","735.73"
"theme-parks","theme-parks","6","","STD_GST","Tier 99","2026-07-02","2026-07-02","756.01","734.8"
"theme-parks","theme-parks","6","","STD_GST","Tier 100","2026-07-03","2026-07-03","754.61","733.4"
"theme-parks","theme-parks","6","","STD_GST","Tier 101","2026-07-04","2026-07-04","746.59","725.38"
"theme-parks","theme-parks","6","","STD_GST","Tier 102","2026-07-05","2026-07-05","707.08","686.71"
"theme-parks","theme-parks","6","","STD_GST","Tier 103","2026-07-06","2026-07-06","701.62","681.25"
"theme-parks","theme-parks","7","","STD_GST","Tier 1","2026-03-08","2026-03-08","827.72","805.91"
"theme-parks","theme-parks","7","","STD_GST","Tier 2","2026-03-09","2026-03-09","823.79","801.99"
"theme-parks","theme-parks","7","","STD_GST","Tier 3","2026-03-10","2026-03-10","821.18","799.37"
"theme-parks","theme-parks","7","","STD_GST","Tier 4","2026-03-11","2026-03-13","820.74","798.94"
"theme-parks","theme-parks","7","","STD_GST","Tier 5","2026-03-14","2026-03-14","819.43","797.63"
"theme-parks","theme-parks","7","","STD_GST","Tier 6","2026-03-15","2026-03-15","815.94","794.14"
"theme-parks","theme-parks","7","","STD_GST","Tier 7","2026-03-16","2026-03-16","812.45","790.65"
"theme-parks","theme-parks","7","","STD_GST","Tier 8","2026-03-17","2026-03-17","811.15","789.34"
"theme-parks","theme-parks","7","","STD_GST","Tier 9","2026-03-18","2026-03-18","810.71","788.9"
"theme-parks","theme-parks","7","","STD_GST","Tier 10","2026-03-19","2026-03-19","814.63","792.83"
"theme-parks","theme-parks","7","","STD_GST","Tier 11","2026-03-20","2026-03-20","818.56","796.75"
"theme-parks","theme-parks","7","","STD_GST","Tier 12","2026-03-21","2026-03-24","819","797.19"
"theme-parks","theme-parks","7","","STD_GST","Tier 13","2026-03-25","2026-03-25","822.48","800.68"
"theme-parks","theme-parks","7","","STD_GST","Tier 14","2026-03-26","2026-03-26","825.97","804.17"
"theme-parks","theme-parks","7","","STD_GST","Tier 15","2026-03-27","2026-03-27","829.46","807.66"
"theme-parks","theme-parks","7","","STD_GST","Tier 16","2026-03-28","2026-03-28","830.77","808.97"
"theme-parks","theme-parks","7","","STD_GST","Tier 17","2026-03-29","2026-03-29","829.46","807.66"
"theme-parks","theme-parks","7","","STD_GST","Tier 18","2026-03-30","2026-03-31","828.15","806.35"
"theme-parks","theme-parks","7","","STD_GST","Tier 19","2026-04-01","2026-04-01","829.46","807.66"
"theme-parks","theme-parks","7","","STD_GST","Tier 20","2026-04-02","2026-04-02","830.77","808.97"
"theme-parks","theme-parks","7","","STD_GST","Tier 21","2026-04-03","2026-04-03","832.08","810.27"
"theme-parks","theme-parks","7","","STD_GST","Tier 22","2026-04-04","2026-04-04","830.77","808.97"
"theme-parks","theme-parks","7","","STD_GST","Tier 23","2026-04-05","2026-04-05","827.28","805.48"
"theme-parks","theme-parks","7","","STD_GST","Tier 24","2026-04-06","2026-04-06","823.79","801.99"
"theme-parks","theme-parks","7","","STD_GST","Tier 25","2026-04-07","2026-04-07","821.61","799.81"
"theme-parks","theme-parks","7","","STD_GST","Tier 26","2026-04-08","2026-04-08","822.92","801.12"
"theme-parks","theme-parks","7","","STD_GST","Tier 27","2026-04-09","2026-04-09","824.23","802.42"
"theme-parks","theme-parks","7","","STD_GST","Tier 28","2026-04-10","2026-04-10","825.54","803.73"
"theme-parks","theme-parks","7","","STD_GST","Tier 29","2026-04-11","2026-04-11","824.23","802.42"
"theme-parks","theme-parks","7","","STD_GST","Tier 30","2026-04-12","2026-04-12","822.92","801.12"
"theme-parks","theme-parks","7","","STD_GST","Tier 31","2026-04-13","2026-04-13","819.43","797.63"
"theme-parks","theme-parks","7","","STD_GST","Tier 32","2026-04-14","2026-04-14","817.25","795.45"
"theme-parks","theme-parks","7","","STD_GST","Tier 33","2026-04-15","2026-04-15","820.74","798.94"
"theme-parks","theme-parks","7","","STD_GST","Tier 34","2026-04-16","2026-04-16","824.23","802.42"
"theme-parks","theme-parks","7","","STD_GST","Tier 35","2026-04-17","2026-04-17","827.72","805.91"
"theme-parks","theme-parks","7","","STD_GST","Tier 36","2026-04-18","2026-04-18","823.79","801.99"
"theme-parks","theme-parks","7","","STD_GST","Tier 37","2026-04-19","2026-04-19","817.69","795.88"
"theme-parks","theme-parks","7","","STD_GST","Tier 38","2026-04-20","2026-04-20","809.4","787.6"
"theme-parks","theme-parks","7","","STD_GST","Tier 39","2026-04-21","2026-04-21","804.6","782.8"
"theme-parks","theme-parks","7","","STD_GST","Tier 40","2026-04-22","2026-04-22","803.3","781.49"
"theme-parks","theme-parks","7","","STD_GST","Tier 41","2026-04-23","2026-04-23","806.35","784.54"
"theme-parks","theme-parks","7","","STD_GST","Tier 42","2026-04-24","2026-04-24","805.04","783.24"
"theme-parks","theme-parks","7","","STD_GST","Tier 43","2026-04-25","2026-04-25","804.6","782.8"
"theme-parks","theme-parks","7","","STD_GST","Tier 44","2026-04-26","2026-04-26","799.81","778"
"theme-parks","theme-parks","7","","STD_GST","Tier 45","2026-04-27","2026-04-27","789.34","767.54"
"theme-parks","theme-parks","7","","STD_GST","Tier 46","2026-04-28","2026-04-28","757.26","736.22"
"theme-parks","theme-parks","7","","STD_GST","Tier 47","2026-04-29","2026-04-29","762.73","741.69"
"theme-parks","theme-parks","7","","STD_GST","Tier 48","2026-04-30","2026-04-30","770.3","749.27"
"theme-parks","theme-parks","7","","STD_GST","Tier 49","2026-05-01","2026-05-01","775.77","754.74"
"theme-parks","theme-parks","7","","STD_GST","Tier 50","2026-05-02","2026-05-02","774.51","753.47"
"theme-parks","theme-parks","7","","STD_GST","Tier 51","2026-05-03","2026-05-03","769.04","748"
"theme-parks","theme-parks","7","","STD_GST","Tier 52","2026-05-04","2026-05-04","795.88","774.08"
"theme-parks","theme-parks","7","","STD_GST","Tier 53","2026-05-05","2026-05-05","790.21","768.41"
"theme-parks","theme-parks","7","","STD_GST","Tier 54","2026-05-06","2026-05-06","793.7","771.9"
"theme-parks","theme-parks","7","","STD_GST","Tier 55","2026-05-07","2026-05-07","802.86","781.06"
"theme-parks","theme-parks","7","","STD_GST","Tier 56","2026-05-08","2026-05-08","807.66","785.85"
"theme-parks","theme-parks","7","","STD_GST","Tier 57","2026-05-09","2026-05-09","799.81","778"
"theme-parks","theme-parks","7","","STD_GST","Tier 58","2026-05-10","2026-05-10","794.14","772.33"
"theme-parks","theme-parks","7","","STD_GST","Tier 59","2026-05-11","2026-05-11","788.47","766.66"
"theme-parks","theme-parks","7","","STD_GST","Tier 60","2026-05-12","2026-05-12","786.29","764.48"
"theme-parks","theme-parks","7","","STD_GST","Tier 61","2026-05-13","2026-05-13","792.39","770.59"
"theme-parks","theme-parks","7","","STD_GST","Tier 62","2026-05-14","2026-05-14","798.5","776.69"
"theme-parks","theme-parks","7","","STD_GST","Tier 63","2026-05-15","2026-05-16","804.6","782.8"
"theme-parks","theme-parks","7","","STD_GST","Tier 64","2026-05-17","2026-05-17","804.17","782.36"
"theme-parks","theme-parks","7","","STD_GST","Tier 65","2026-05-18","2026-05-18","805.91","784.11"
"theme-parks","theme-parks","7","","STD_GST","Tier 66","2026-05-19","2026-05-19","812.45","790.65"
"theme-parks","theme-parks","7","","STD_GST","Tier 67","2026-05-20","2026-05-20","816.82","795.01"
"theme-parks","theme-parks","7","","STD_GST","Tier 68","2026-05-21","2026-05-21","819.43","797.63"
"theme-parks","theme-parks","7","","STD_GST","Tier 69","2026-05-22","2026-05-22","819.87","798.06"
"theme-parks","theme-parks","7","","STD_GST","Tier 70","2026-05-23","2026-05-23","815.94","794.14"
"theme-parks","theme-parks","7","","STD_GST","Tier 71","2026-05-24","2026-05-24","812.02","790.21"
"theme-parks","theme-parks","7","","STD_GST","Tier 72","2026-05-25","2026-05-25","805.91","784.11"
"theme-parks","theme-parks","7","","STD_GST","Tier 73","2026-05-26","2026-05-26","801.12","779.31"
"theme-parks","theme-parks","7","","STD_GST","Tier 74","2026-05-27","2026-05-27","798.94","777.13"
"theme-parks","theme-parks","7","","STD_GST","Tier 75","2026-05-28","2026-05-28","796.75","774.95"
"theme-parks","theme-parks","7","","STD_GST","Tier 76","2026-05-29","2026-05-29","766.52","745.48"
"theme-parks","theme-parks","7","","STD_GST","Tier 77","2026-05-30","2026-05-30","762.31","741.27"
"theme-parks","theme-parks","7","","STD_GST","Tier 78","2026-05-31","2026-05-31","759.78","738.75"
"theme-parks","theme-parks","7","","STD_GST","Tier 79","2026-06-01","2026-06-01","759.36","738.33"
"theme-parks","theme-parks","7","","STD_GST","Tier 80","2026-06-02","2026-06-03","757.26","736.22"
"theme-parks","theme-parks","7","","STD_GST","Tier 81","2026-06-04","2026-06-04","761.47","740.43"
"theme-parks","theme-parks","7","","STD_GST","Tier 82","2026-06-05","2026-06-05","763.57","742.54"
"theme-parks","theme-parks","7","","STD_GST","Tier 83","2026-06-06","2026-06-06","761.47","740.43"
"theme-parks","theme-parks","7","","STD_GST","Tier 84","2026-06-07","2026-06-07","759.36","738.33"
"theme-parks","theme-parks","7","","STD_GST","Tier 85","2026-06-08","2026-06-09","757.26","736.22"
"theme-parks","theme-parks","7","","STD_GST","Tier 86","2026-06-10","2026-06-10","759.36","738.33"
"theme-parks","theme-parks","7","","STD_GST","Tier 87","2026-06-11","2026-06-11","763.57","742.54"
"theme-parks","theme-parks","7","","STD_GST","Tier 88","2026-06-12","2026-06-13","765.67","744.64"
"theme-parks","theme-parks","7","","STD_GST","Tier 89","2026-06-14","2026-06-14","761.47","740.43"
"theme-parks","theme-parks","7","","STD_GST","Tier 90","2026-06-15","2026-06-15","759.36","738.33"
"theme-parks","theme-parks","7","","STD_GST","Tier 91","2026-06-16","2026-06-16","763.57","742.54"
"theme-parks","theme-parks","7","","STD_GST","Tier 92","2026-06-17","2026-06-17","768.2","747.16"
"theme-parks","theme-parks","7","","STD_GST","Tier 93","2026-06-18","2026-06-18","772.83","751.79"
"theme-parks","theme-parks","7","","STD_GST","Tier 94","2026-06-19","2026-06-20","777.45","756.42"
"theme-parks","theme-parks","7","","STD_GST","Tier 95","2026-06-21","2026-06-21","775.77","754.74"
"theme-parks","theme-parks","7","","STD_GST","Tier 96","2026-06-22","2026-06-22","773.67","752.63"
"theme-parks","theme-parks","7","","STD_GST","Tier 97","2026-06-23","2026-06-23","771.98","750.95"
"theme-parks","theme-parks","7","","STD_GST","Tier 98","2026-06-24","2026-06-24","776.19","755.16"
"theme-parks","theme-parks","7","","STD_GST","Tier 99","2026-06-25","2026-06-25","808.97","787.16"
"theme-parks","theme-parks","7","","STD_GST","Tier 100","2026-06-26","2026-06-26","806.78","784.98"
"theme-parks","theme-parks","7","","STD_GST","Tier 101","2026-06-27","2026-06-27","801.55","779.75"
"theme-parks","theme-parks","7","","STD_GST","Tier 102","2026-06-28","2026-06-28","793.7","771.9"
"theme-parks","theme-parks","7","","STD_GST","Tier 103","2026-06-29","2026-06-29","785.85","764.05"
"theme-parks","theme-parks","7","","STD_GST","Tier 104","2026-06-30","2026-06-30","780.62","758.81"
"theme-parks","theme-parks","7","","STD_GST","Tier 105","2026-07-01","2026-07-01","777.13","755.33"
"theme-parks","theme-parks","7","","STD_GST","Tier 106","2026-07-02","2026-07-02","776.26","754.45"
"theme-parks","theme-parks","7","","STD_GST","Tier 107","2026-07-03","2026-07-03","772.77","750.96"
"theme-parks","theme-parks","7","","STD_GST","Tier 108","2026-07-04","2026-07-04","763.17","741.37"
"theme-parks","theme-parks","7","","STD_GST","Tier 109","2026-07-05","2026-07-05","729.07","708.04"
"theme-parks","theme-parks","7","","STD_GST","Tier 110","2026-07-06","2026-07-06","724.02","702.99"
"theme-parks","theme-parks","8","","STD_GST","Tier 1","2026-03-08","2026-03-08","849.77","827.25"
"theme-parks","theme-parks","8","","STD_GST","Tier 2","2026-03-09","2026-03-12","848.24","825.72"
"theme-parks","theme-parks","8","","STD_GST","Tier 3","2026-03-13","2026-03-13","846.39","823.87"
"theme-parks","theme-parks","8","","STD_GST","Tier 4","2026-03-14","2026-03-14","843.37","820.85"
"theme-parks","theme-parks","8","","STD_GST","Tier 5","2026-03-15","2026-03-15","840.36","817.84"
"theme-parks","theme-parks","8","","STD_GST","Tier 6","2026-03-16","2026-03-16","838.1","815.58"
"theme-parks","theme-parks","8","","STD_GST","Tier 7","2026-03-17","2026-03-17","840","817.48"
"theme-parks","theme-parks","8","","STD_GST","Tier 8","2026-03-18","2026-03-18","841.89","819.37"
"theme-parks","theme-parks","8","","STD_GST","Tier 9","2026-03-19","2026-03-19","844.14","821.62"
"theme-parks","theme-parks","8","","STD_GST","Tier 10","2026-03-20","2026-03-20","846.39","823.87"
"theme-parks","theme-parks","8","","STD_GST","Tier 11","2026-03-21","2026-03-22","846.75","824.23"
"theme-parks","theme-parks","8","","STD_GST","Tier 12","2026-03-23","2026-03-23","847.88","825.36"
"theme-parks","theme-parks","8","","STD_GST","Tier 13","2026-03-24","2026-03-24","849","826.48"
"theme-parks","theme-parks","8","","STD_GST","Tier 14","2026-03-25","2026-03-25","852.02","829.5"
"theme-parks","theme-parks","8","","STD_GST","Tier 15","2026-03-26","2026-03-26","853.87","831.35"
"theme-parks","theme-parks","8","","STD_GST","Tier 16","2026-03-27","2026-03-27","855.76","833.24"
"theme-parks","theme-parks","8","","STD_GST","Tier 17","2026-03-28","2026-03-28","856.89","834.37"
"theme-parks","theme-parks","8","","STD_GST","Tier 18","2026-03-29","2026-03-30","855.76","833.24"
"theme-parks","theme-parks","8","","STD_GST","Tier 19","2026-03-31","2026-03-31","856.89","834.37"
"theme-parks","theme-parks","8","","STD_GST","Tier 20","2026-04-01","2026-04-02","858.01","835.49"
"theme-parks","theme-parks","8","","STD_GST","Tier 21","2026-04-03","2026-04-03","856.12","833.6"
"theme-parks","theme-parks","8","","STD_GST","Tier 22","2026-04-04","2026-04-04","853.15","830.63"
"theme-parks","theme-parks","8","","STD_GST","Tier 23","2026-04-05","2026-04-06","850.13","827.61"
"theme-parks","theme-parks","8","","STD_GST","Tier 24","2026-04-07","2026-04-07","851.26","828.74"
"theme-parks","theme-parks","8","","STD_GST","Tier 25","2026-04-08","2026-04-10","852.38","829.86"
"theme-parks","theme-parks","8","","STD_GST","Tier 26","2026-04-11","2026-04-11","849.36","826.84"
"theme-parks","theme-parks","8","","STD_GST","Tier 27","2026-04-12","2026-04-13","846.39","823.87"
"theme-parks","theme-parks","8","","STD_GST","Tier 28","2026-04-14","2026-04-14","847.52","825"
"theme-parks","theme-parks","8","","STD_GST","Tier 29","2026-04-15","2026-04-15","850.49","827.97"
"theme-parks","theme-parks","8","","STD_GST","Tier 30","2026-04-16","2026-04-16","850.13","827.61"
"theme-parks","theme-parks","8","","STD_GST","Tier 31","2026-04-17","2026-04-17","847.88","825.36"
"theme-parks","theme-parks","8","","STD_GST","Tier 32","2026-04-18","2026-04-18","840.76","818.24"
"theme-parks","theme-parks","8","","STD_GST","Tier 33","2026-04-19","2026-04-19","835.49","812.97"
"theme-parks","theme-parks","8","","STD_GST","Tier 34","2026-04-20","2026-04-20","833.24","810.72"
"theme-parks","theme-parks","8","","STD_GST","Tier 35","2026-04-21","2026-04-21","834.01","811.49"
"theme-parks","theme-parks","8","","STD_GST","Tier 36","2026-04-22","2026-04-22","830.99","808.47"
"theme-parks","theme-parks","8","","STD_GST","Tier 37","2026-04-23","2026-04-23","833.6","811.08"
"theme-parks","theme-parks","8","","STD_GST","Tier 38","2026-04-24","2026-04-24","832.47","809.95"
"theme-parks","theme-parks","8","","STD_GST","Tier 39","2026-04-25","2026-04-25","823.47","800.95"
"theme-parks","theme-parks","8","","STD_GST","Tier 40","2026-04-26","2026-04-26","816.35","793.83"
"theme-parks","theme-parks","8","","STD_GST","Tier 41","2026-04-27","2026-04-27","815.99","793.47"
"theme-parks","theme-parks","8","","STD_GST","Tier 42","2026-04-28","2026-04-28","795.69","773.81"
"theme-parks","theme-parks","8","","STD_GST","Tier 43","2026-04-29","2026-04-29","800.46","778.58"
"theme-parks","theme-parks","8","","STD_GST","Tier 44","2026-04-30","2026-05-01","804.09","782.21"
"theme-parks","theme-parks","8","","STD_GST","Tier 45","2026-05-02","2026-05-02","801.16","779.28"
"theme-parks","theme-parks","8","","STD_GST","Tier 46","2026-05-03","2026-05-03","796.43","774.55"
"theme-parks","theme-parks","8","","STD_GST","Tier 47","2026-05-04","2026-05-04","822.75","800.23"
"theme-parks","theme-parks","8","","STD_GST","Tier 48","2026-05-05","2026-05-05","821.98","799.46"
"theme-parks","theme-parks","8","","STD_GST","Tier 49","2026-05-06","2026-05-06","823.11","800.59"
"theme-parks","theme-parks","8","","STD_GST","Tier 50","2026-05-07","2026-05-07","825","802.48"
"theme-parks","theme-parks","8","","STD_GST","Tier 51","2026-05-08","2026-05-08","826.84","804.32"
"theme-parks","theme-parks","8","","STD_GST","Tier 52","2026-05-09","2026-05-09","821.98","799.46"
"theme-parks","theme-parks","8","","STD_GST","Tier 53","2026-05-10","2026-05-10","817.12","794.6"
"theme-parks","theme-parks","8","","STD_GST","Tier 54","2026-05-11","2026-05-11","817.48","794.96"
"theme-parks","theme-parks","8","","STD_GST","Tier 55","2026-05-12","2026-05-12","820.85","798.33"
"theme-parks","theme-parks","8","","STD_GST","Tier 56","2026-05-13","2026-05-13","826.12","803.6"
"theme-parks","theme-parks","8","","STD_GST","Tier 57","2026-05-14","2026-05-14","830.22","807.7"
"theme-parks","theme-parks","8","","STD_GST","Tier 58","2026-05-15","2026-05-15","834.01","811.49"
"theme-parks","theme-parks","8","","STD_GST","Tier 59","2026-05-16","2026-05-16","833.6","811.08"
"theme-parks","theme-parks","8","","STD_GST","Tier 60","2026-05-17","2026-05-17","833.24","810.72"
"theme-parks","theme-parks","8","","STD_GST","Tier 61","2026-05-18","2026-05-18","834.73","812.21"
"theme-parks","theme-parks","8","","STD_GST","Tier 62","2026-05-19","2026-05-19","838.87","816.35"
"theme-parks","theme-parks","8","","STD_GST","Tier 63","2026-05-20","2026-05-20","839.23","816.71"
"theme-parks","theme-parks","8","","STD_GST","Tier 64","2026-05-21","2026-05-21","841.12","818.6"
"theme-parks","theme-parks","8","","STD_GST","Tier 65","2026-05-22","2026-05-22","843.01","820.49"
"theme-parks","theme-parks","8","","STD_GST","Tier 66","2026-05-23","2026-05-23","837.74","815.22"
"theme-parks","theme-parks","8","","STD_GST","Tier 67","2026-05-24","2026-05-24","832.47","809.95"
"theme-parks","theme-parks","8","","STD_GST","Tier 68","2026-05-25","2026-05-25","829.1","806.58"
"theme-parks","theme-parks","8","","STD_GST","Tier 69","2026-05-26","2026-05-26","826.84","804.32"
"theme-parks","theme-parks","8","","STD_GST","Tier 70","2026-05-27","2026-05-27","825","802.48"
"theme-parks","theme-parks","8","","STD_GST","Tier 71","2026-05-28","2026-05-28","821.21","798.69"
"theme-parks","theme-parks","8","","STD_GST","Tier 72","2026-05-29","2026-05-29","794.24","772.36"
"theme-parks","theme-parks","8","","STD_GST","Tier 73","2026-05-30","2026-05-30","790.61","768.73"
"theme-parks","theme-parks","8","","STD_GST","Tier 74","2026-05-31","2026-05-31","788.42","766.54"
"theme-parks","theme-parks","8","","STD_GST","Tier 75","2026-06-01","2026-06-01","789.87","767.99"
"theme-parks","theme-parks","8","","STD_GST","Tier 76","2026-06-02","2026-06-05","791.71","769.83"
"theme-parks","theme-parks","8","","STD_GST","Tier 77","2026-06-06","2026-06-06","789.87","767.99"
"theme-parks","theme-parks","8","","STD_GST","Tier 78","2026-06-07","2026-06-08","788.03","766.15"
"theme-parks","theme-parks","8","","STD_GST","Tier 79","2026-06-09","2026-06-09","791.71","769.83"
"theme-parks","theme-parks","8","","STD_GST","Tier 80","2026-06-10","2026-06-10","793.5","771.62"
"theme-parks","theme-parks","8","","STD_GST","Tier 81","2026-06-11","2026-06-12","795.34","773.46"
"theme-parks","theme-parks","8","","STD_GST","Tier 82","2026-06-13","2026-06-14","793.5","771.62"
"theme-parks","theme-parks","8","","STD_GST","Tier 83","2026-06-15","2026-06-15","795.69","773.81"
"theme-parks","theme-parks","8","","STD_GST","Tier 84","2026-06-16","2026-06-16","799.71","777.83"
"theme-parks","theme-parks","8","","STD_GST","Tier 85","2026-06-17","2026-06-17","803.74","781.86"
"theme-parks","theme-parks","8","","STD_GST","Tier 86","2026-06-18","2026-06-18","805.53","783.65"
"theme-parks","theme-parks","8","","STD_GST","Tier 87","2026-06-19","2026-06-19","807.72","785.84"
"theme-parks","theme-parks","8","","STD_GST","Tier 88","2026-06-20","2026-06-20","805.93","784.05"
"theme-parks","theme-parks","8","","STD_GST","Tier 89","2026-06-21","2026-06-21","802.65","780.77"
"theme-parks","theme-parks","8","","STD_GST","Tier 90","2026-06-22","2026-06-22","804.44","782.56"
"theme-parks","theme-parks","8","","STD_GST","Tier 91","2026-06-23","2026-06-23","806.28","784.4"
"theme-parks","theme-parks","8","","STD_GST","Tier 92","2026-06-24","2026-06-24","808.12","786.24"
"theme-parks","theme-parks","8","","STD_GST","Tier 93","2026-06-25","2026-06-25","831.35","808.83"
"theme-parks","theme-parks","8","","STD_GST","Tier 94","2026-06-26","2026-06-26","825","802.48"
"theme-parks","theme-parks","8","","STD_GST","Tier 95","2026-06-27","2026-06-27","818.24","795.72"
"theme-parks","theme-parks","8","","STD_GST","Tier 96","2026-06-28","2026-06-28","811.49","788.97"
"theme-parks","theme-parks","8","","STD_GST","Tier 97","2026-06-29","2026-06-29","806.58","784.06"
"theme-parks","theme-parks","8","","STD_GST","Tier 98","2026-06-30","2026-06-30","803.96","781.44"
"theme-parks","theme-parks","8","","STD_GST","Tier 99","2026-07-01","2026-07-01","799.1","776.58"
"theme-parks","theme-parks","8","","STD_GST","Tier 100","2026-07-02","2026-07-02","794.6","772.08"
"theme-parks","theme-parks","8","","STD_GST","Tier 101","2026-07-03","2026-07-03","791.58","769.06"
"theme-parks","theme-parks","8","","STD_GST","Tier 102","2026-07-04","2026-07-04","785.18","762.66"
"theme-parks","theme-parks","8","","STD_GST","Tier 103","2026-07-05","2026-07-05","754.86","732.98"
"theme-parks","theme-parks","8","","STD_GST","Tier 104","2026-07-06","2026-07-06","752.32","730.44"
"theme-parks","theme-parks","9","","STD_GST","Tier 1","2026-03-08","2026-03-08","869.16","846.12"
"theme-parks","theme-parks","9","","STD_GST","Tier 2","2026-03-09","2026-03-11","868.06","845.02"
"theme-parks","theme-parks","9","","STD_GST","Tier 3","2026-03-12","2026-03-12","866.3","843.26"
"theme-parks","theme-parks","9","","STD_GST","Tier 4","2026-03-13","2026-03-13","864.55","841.51"
"theme-parks","theme-parks","9","","STD_GST","Tier 5","2026-03-14","2026-03-14","861.7","838.66"
"theme-parks","theme-parks","9","","STD_GST","Tier 6","2026-03-15","2026-03-16","859.58","836.54"
"theme-parks","theme-parks","9","","STD_GST","Tier 7","2026-03-17","2026-03-17","861.33","838.29"
"theme-parks","theme-parks","9","","STD_GST","Tier 8","2026-03-18","2026-03-18","862.06","839.02"
"theme-parks","theme-parks","9","","STD_GST","Tier 9","2026-03-19","2026-03-19","864.18","841.14"
"theme-parks","theme-parks","9","","STD_GST","Tier 10","2026-03-20","2026-03-20","866.3","843.26"
"theme-parks","theme-parks","9","","STD_GST","Tier 11","2026-03-21","2026-03-21","866.67","843.63"
"theme-parks","theme-parks","9","","STD_GST","Tier 12","2026-03-22","2026-03-22","867.73","844.69"
"theme-parks","theme-parks","9","","STD_GST","Tier 13","2026-03-23","2026-03-23","868.79","845.75"
"theme-parks","theme-parks","9","","STD_GST","Tier 14","2026-03-24","2026-03-24","869.85","846.81"
"theme-parks","theme-parks","9","","STD_GST","Tier 15","2026-03-25","2026-03-25","871.6","848.56"
"theme-parks","theme-parks","9","","STD_GST","Tier 16","2026-03-26","2026-03-26","873.4","850.36"
"theme-parks","theme-parks","9","","STD_GST","Tier 17","2026-03-27","2026-03-27","875.15","852.11"
"theme-parks","theme-parks","9","","STD_GST","Tier 18","2026-03-28","2026-03-30","876.21","853.17"
"theme-parks","theme-parks","9","","STD_GST","Tier 19","2026-03-31","2026-04-01","877.27","854.23"
"theme-parks","theme-parks","9","","STD_GST","Tier 20","2026-04-02","2026-04-02","875.52","852.48"
"theme-parks","theme-parks","9","","STD_GST","Tier 21","2026-04-03","2026-04-03","873.77","850.73"
"theme-parks","theme-parks","9","","STD_GST","Tier 22","2026-04-04","2026-04-06","870.91","847.87"
"theme-parks","theme-parks","9","","STD_GST","Tier 23","2026-04-07","2026-04-09","871.97","848.93"
"theme-parks","theme-parks","9","","STD_GST","Tier 24","2026-04-10","2026-04-10","870.22","847.18"
"theme-parks","theme-parks","9","","STD_GST","Tier 25","2026-04-11","2026-04-13","867.36","844.32"
"theme-parks","theme-parks","9","","STD_GST","Tier 26","2026-04-14","2026-04-14","868.42","845.38"
"theme-parks","theme-parks","9","","STD_GST","Tier 27","2026-04-15","2026-04-15","868.06","845.02"
"theme-parks","theme-parks","9","","STD_GST","Tier 28","2026-04-16","2026-04-16","865.94","842.9"
"theme-parks","theme-parks","9","","STD_GST","Tier 29","2026-04-17","2026-04-17","862.06","839.02"
"theme-parks","theme-parks","9","","STD_GST","Tier 30","2026-04-18","2026-04-18","857.09","834.05"
"theme-parks","theme-parks","9","","STD_GST","Tier 31","2026-04-19","2026-04-19","854.97","831.93"
"theme-parks","theme-parks","9","","STD_GST","Tier 32","2026-04-20","2026-04-20","854.6","831.56"
"theme-parks","theme-parks","9","","STD_GST","Tier 33","2026-04-21","2026-04-21","851.79","828.75"
"theme-parks","theme-parks","9","","STD_GST","Tier 34","2026-04-22","2026-04-22","852.48","829.44"
"theme-parks","theme-parks","9","","STD_GST","Tier 35","2026-04-23","2026-04-23","851.42","828.38"
"theme-parks","theme-parks","9","","STD_GST","Tier 36","2026-04-24","2026-04-24","845.75","822.71"
"theme-parks","theme-parks","9","","STD_GST","Tier 37","2026-04-25","2026-04-25","839.02","815.98"
"theme-parks","theme-parks","9","","STD_GST","Tier 38","2026-04-26","2026-04-26","838.66","815.62"
"theme-parks","theme-parks","9","","STD_GST","Tier 39","2026-04-27","2026-04-27","820.28","797.73"
"theme-parks","theme-parks","9","","STD_GST","Tier 40","2026-04-28","2026-04-28","823.07","800.53"
"theme-parks","theme-parks","9","","STD_GST","Tier 41","2026-04-29","2026-04-29","824.79","802.24"
"theme-parks","theme-parks","9","","STD_GST","Tier 42","2026-04-30","2026-05-01","826.54","804"
"theme-parks","theme-parks","9","","STD_GST","Tier 43","2026-05-02","2026-05-02","823.75","801.2"
"theme-parks","theme-parks","9","","STD_GST","Tier 44","2026-05-03","2026-05-03","823.07","800.53"
"theme-parks","theme-parks","9","","STD_GST","Tier 45","2026-05-04","2026-05-04","843.96","820.92"
"theme-parks","theme-parks","9","","STD_GST","Tier 46","2026-05-05","2026-05-05","841.51","818.47"
"theme-parks","theme-parks","9","","STD_GST","Tier 47","2026-05-06","2026-05-06","838.66","815.62"
"theme-parks","theme-parks","9","","STD_GST","Tier 48","2026-05-07","2026-05-07","842.2","819.16"
"theme-parks","theme-parks","9","","STD_GST","Tier 49","2026-05-08","2026-05-08","843.96","820.92"
"theme-parks","theme-parks","9","","STD_GST","Tier 50","2026-05-09","2026-05-09","839.35","816.31"
"theme-parks","theme-parks","9","","STD_GST","Tier 51","2026-05-10","2026-05-10","839.72","816.68"
"theme-parks","theme-parks","9","","STD_GST","Tier 52","2026-05-11","2026-05-11","840.08","817.04"
"theme-parks","theme-parks","9","","STD_GST","Tier 53","2026-05-12","2026-05-12","843.26","820.22"
"theme-parks","theme-parks","9","","STD_GST","Tier 54","2026-05-13","2026-05-13","847.18","824.14"
"theme-parks","theme-parks","9","","STD_GST","Tier 55","2026-05-14","2026-05-14","850.73","827.69"
"theme-parks","theme-parks","9","","STD_GST","Tier 56","2026-05-15","2026-05-15","854.23","831.19"
"theme-parks","theme-parks","9","","STD_GST","Tier 57","2026-05-16","2026-05-16","853.91","830.87"
"theme-parks","theme-parks","9","","STD_GST","Tier 58","2026-05-17","2026-05-18","853.54","830.5"
"theme-parks","theme-parks","9","","STD_GST","Tier 59","2026-05-19","2026-05-19","855.66","832.62"
"theme-parks","theme-parks","9","","STD_GST","Tier 60","2026-05-20","2026-05-20","857.46","834.42"
"theme-parks","theme-parks","9","","STD_GST","Tier 61","2026-05-21","2026-05-22","859.21","836.17"
"theme-parks","theme-parks","9","","STD_GST","Tier 62","2026-05-23","2026-05-23","854.23","831.19"
"theme-parks","theme-parks","9","","STD_GST","Tier 63","2026-05-24","2026-05-24","851.05","828.01"
"theme-parks","theme-parks","9","","STD_GST","Tier 64","2026-05-25","2026-05-25","847.87","824.83"
"theme-parks","theme-parks","9","","STD_GST","Tier 65","2026-05-26","2026-05-26","845.75","822.71"
"theme-parks","theme-parks","9","","STD_GST","Tier 66","2026-05-27","2026-05-27","842.2","819.16"
"theme-parks","theme-parks","9","","STD_GST","Tier 67","2026-05-28","2026-05-28","838.66","815.62"
"theme-parks","theme-parks","9","","STD_GST","Tier 68","2026-05-29","2026-05-29","817.17","794.62"
"theme-parks","theme-parks","9","","STD_GST","Tier 69","2026-05-30","2026-05-30","813.69","791.15"
"theme-parks","theme-parks","9","","STD_GST","Tier 70","2026-05-31","2026-05-31","813.33","790.79"
"theme-parks","theme-parks","9","","STD_GST","Tier 71","2026-06-01","2026-06-02","816.49","793.94"
"theme-parks","theme-parks","9","","STD_GST","Tier 72","2026-06-03","2026-06-05","814.73","792.19"
"theme-parks","theme-parks","9","","STD_GST","Tier 73","2026-06-06","2026-06-07","813.02","790.47"
"theme-parks","theme-parks","9","","STD_GST","Tier 74","2026-06-08","2026-06-08","814.73","792.19"
"theme-parks","theme-parks","9","","STD_GST","Tier 75","2026-06-09","2026-06-09","816.49","793.94"
"theme-parks","theme-parks","9","","STD_GST","Tier 76","2026-06-10","2026-06-12","818.2","795.66"
"theme-parks","theme-parks","9","","STD_GST","Tier 77","2026-06-13","2026-06-13","819.96","797.42"
"theme-parks","theme-parks","9","","STD_GST","Tier 78","2026-06-14","2026-06-14","820.28","797.73"
"theme-parks","theme-parks","9","","STD_GST","Tier 79","2026-06-15","2026-06-15","822.35","799.81"
"theme-parks","theme-parks","9","","STD_GST","Tier 80","2026-06-16","2026-06-16","826.18","803.64"
"theme-parks","theme-parks","9","","STD_GST","Tier 81","2026-06-17","2026-06-17","827.94","805.4"
"theme-parks","theme-parks","9","","STD_GST","Tier 82","2026-06-18","2026-06-19","830.02","807.47"
"theme-parks","theme-parks","9","","STD_GST","Tier 83","2026-06-20","2026-06-21","828.62","806.07"
"theme-parks","theme-parks","9","","STD_GST","Tier 84","2026-06-22","2026-06-23","830.33","807.79"
"theme-parks","theme-parks","9","","STD_GST","Tier 85","2026-06-24","2026-06-24","830.02","807.47"
"theme-parks","theme-parks","9","","STD_GST","Tier 86","2026-06-25","2026-06-25","845.75","822.71"
"theme-parks","theme-parks","9","","STD_GST","Tier 87","2026-06-26","2026-06-26","839.72","816.68"
"theme-parks","theme-parks","9","","STD_GST","Tier 88","2026-06-27","2026-06-27","833.36","810.32"
"theme-parks","theme-parks","9","","STD_GST","Tier 89","2026-06-28","2026-06-28","828.75","805.71"
"theme-parks","theme-parks","9","","STD_GST","Tier 90","2026-06-29","2026-06-29","824.14","801.1"
"theme-parks","theme-parks","9","","STD_GST","Tier 91","2026-06-30","2026-06-30","819.86","796.82"
"theme-parks","theme-parks","9","","STD_GST","Tier 92","2026-07-01","2026-07-01","813.5","790.46"
"theme-parks","theme-parks","9","","STD_GST","Tier 93","2026-07-02","2026-07-02","811.01","787.97"
"theme-parks","theme-parks","9","","STD_GST","Tier 94","2026-07-03","2026-07-03","808.15","785.11"
"theme-parks","theme-parks","9","","STD_GST","Tier 95","2026-07-04","2026-07-04","800.36","777.32"
"theme-parks","theme-parks","9","","STD_GST","Tier 96","2026-07-05","2026-07-05","779.02","756.47"
"theme-parks","theme-parks","9","","STD_GST","Tier 97","2026-07-06","2026-07-06","776.59","754.04"
"theme-parks","theme-parks","10","","STD_GST","Tier 1","2026-03-08","2026-03-08","890.38","866.78"
"theme-parks","theme-parks","10","","STD_GST","Tier 2","2026-03-09","2026-03-10","889.39","865.79"
"theme-parks","theme-parks","10","","STD_GST","Tier 3","2026-03-11","2026-03-11","887.69","864.09"
"theme-parks","theme-parks","10","","STD_GST","Tier 4","2026-03-12","2026-03-12","885.99","862.39"
"theme-parks","theme-parks","10","","STD_GST","Tier 5","2026-03-13","2026-03-13","884.34","860.74"
"theme-parks","theme-parks","10","","STD_GST","Tier 6","2026-03-14","2026-03-16","882.31","858.71"
"theme-parks","theme-parks","10","","STD_GST","Tier 7","2026-03-17","2026-03-17","882.97","859.37"
"theme-parks","theme-parks","10","","STD_GST","Tier 8","2026-03-18","2026-03-18","883.63","860.03"
"theme-parks","theme-parks","10","","STD_GST","Tier 9","2026-03-19","2026-03-19","885.66","862.06"
"theme-parks","theme-parks","10","","STD_GST","Tier 10","2026-03-20","2026-03-20","887.69","864.09"
"theme-parks","theme-parks","10","","STD_GST","Tier 11","2026-03-21","2026-03-21","889.06","865.46"
"theme-parks","theme-parks","10","","STD_GST","Tier 12","2026-03-22","2026-03-22","890.05","866.45"
"theme-parks","theme-parks","10","","STD_GST","Tier 13","2026-03-23","2026-03-24","891.09","867.49"
"theme-parks","theme-parks","10","","STD_GST","Tier 14","2026-03-25","2026-03-25","892.74","869.14"
"theme-parks","theme-parks","10","","STD_GST","Tier 15","2026-03-26","2026-03-26","894.44","870.84"
"theme-parks","theme-parks","10","","STD_GST","Tier 16","2026-03-27","2026-03-27","896.14","872.54"
"theme-parks","theme-parks","10","","STD_GST","Tier 17","2026-03-28","2026-03-31","898.17","874.57"
"theme-parks","theme-parks","10","","STD_GST","Tier 18","2026-04-01","2026-04-01","896.47","872.87"
"theme-parks","theme-parks","10","","STD_GST","Tier 19","2026-04-02","2026-04-02","894.77","871.17"
"theme-parks","theme-parks","10","","STD_GST","Tier 20","2026-04-03","2026-04-08","893.07","869.47"
"theme-parks","theme-parks","10","","STD_GST","Tier 21","2026-04-09","2026-04-09","891.42","867.82"
"theme-parks","theme-parks","10","","STD_GST","Tier 22","2026-04-10","2026-04-13","889.72","866.12"
"theme-parks","theme-parks","10","","STD_GST","Tier 23","2026-04-14","2026-04-14","887.69","864.09"
"theme-parks","theme-parks","10","","STD_GST","Tier 24","2026-04-15","2026-04-15","885.66","862.06"
"theme-parks","theme-parks","10","","STD_GST","Tier 25","2026-04-16","2026-04-16","881.98","858.38"
"theme-parks","theme-parks","10","","STD_GST","Tier 26","2026-04-17","2026-04-17","879.95","856.35"
"theme-parks","theme-parks","10","","STD_GST","Tier 27","2026-04-18","2026-04-18","877.92","854.32"
"theme-parks","theme-parks","10","","STD_GST","Tier 28","2026-04-19","2026-04-19","877.59","853.99"
"theme-parks","theme-parks","10","","STD_GST","Tier 29","2026-04-20","2026-04-20","873.86","850.26"
"theme-parks","theme-parks","10","","STD_GST","Tier 30","2026-04-21","2026-04-21","874.57","850.97"
"theme-parks","theme-parks","10","","STD_GST","Tier 31","2026-04-22","2026-04-22","871.83","848.23"
"theme-parks","theme-parks","10","","STD_GST","Tier 32","2026-04-23","2026-04-23","866.45","842.85"
"theme-parks","theme-parks","10","","STD_GST","Tier 33","2026-04-24","2026-04-24","862.77","839.17"
"theme-parks","theme-parks","10","","STD_GST","Tier 34","2026-04-25","2026-04-25","862.39","838.79"
"theme-parks","theme-parks","10","","STD_GST","Tier 35","2026-04-26","2026-04-26","862.06","838.46"
"theme-parks","theme-parks","10","","STD_GST","Tier 36","2026-04-27","2026-04-29","843.47","820.37"
"theme-parks","theme-parks","10","","STD_GST","Tier 37","2026-04-30","2026-05-01","845.14","822.04"
"theme-parks","theme-parks","10","","STD_GST","Tier 38","2026-05-02","2026-05-02","846.11","823.01"
"theme-parks","theme-parks","10","","STD_GST","Tier 39","2026-05-03","2026-05-03","845.46","822.36"
"theme-parks","theme-parks","10","","STD_GST","Tier 40","2026-05-04","2026-05-04","864.75","841.15"
"theme-parks","theme-parks","10","","STD_GST","Tier 41","2026-05-05","2026-05-05","858.71","835.11"
"theme-parks","theme-parks","10","","STD_GST","Tier 42","2026-05-06","2026-05-06","857.67","834.07"
"theme-parks","theme-parks","10","","STD_GST","Tier 43","2026-05-07","2026-05-07","861.07","837.47"
"theme-parks","theme-parks","10","","STD_GST","Tier 44","2026-05-08","2026-05-08","862.77","839.17"
"theme-parks","theme-parks","10","","STD_GST","Tier 45","2026-05-09","2026-05-09","863.1","839.5"
"theme-parks","theme-parks","10","","STD_GST","Tier 46","2026-05-10","2026-05-10","863.43","839.83"
"theme-parks","theme-parks","10","","STD_GST","Tier 47","2026-05-11","2026-05-11","863.76","840.16"
"theme-parks","theme-parks","10","","STD_GST","Tier 48","2026-05-12","2026-05-12","865.79","842.19"
"theme-parks","theme-parks","10","","STD_GST","Tier 49","2026-05-13","2026-05-13","869.14","845.54"
"theme-parks","theme-parks","10","","STD_GST","Tier 50","2026-05-14","2026-05-14","872.54","848.94"
"theme-parks","theme-parks","10","","STD_GST","Tier 51","2026-05-15","2026-05-15","875.89","852.29"
"theme-parks","theme-parks","10","","STD_GST","Tier 52","2026-05-16","2026-05-16","875.56","851.96"
"theme-parks","theme-parks","10","","STD_GST","Tier 53","2026-05-17","2026-05-17","873.86","850.26"
"theme-parks","theme-parks","10","","STD_GST","Tier 54","2026-05-18","2026-05-18","872.21","848.61"
"theme-parks","theme-parks","10","","STD_GST","Tier 55","2026-05-19","2026-05-19","875.56","851.96"
"theme-parks","theme-parks","10","","STD_GST","Tier 56","2026-05-20","2026-05-22","877.26","853.66"
"theme-parks","theme-parks","10","","STD_GST","Tier 57","2026-05-23","2026-05-23","874.19","850.59"
"theme-parks","theme-parks","10","","STD_GST","Tier 58","2026-05-24","2026-05-24","871.17","847.57"
"theme-parks","theme-parks","10","","STD_GST","Tier 59","2026-05-25","2026-05-25","868.15","844.55"
"theme-parks","theme-parks","10","","STD_GST","Tier 60","2026-05-26","2026-05-26","864.42","840.82"
"theme-parks","theme-parks","10","","STD_GST","Tier 61","2026-05-27","2026-05-27","861.07","837.47"
"theme-parks","theme-parks","10","","STD_GST","Tier 62","2026-05-28","2026-05-28","839.5","816.4"
"theme-parks","theme-parks","10","","STD_GST","Tier 63","2026-05-29","2026-05-29","836.22","813.12"
"theme-parks","theme-parks","10","","STD_GST","Tier 64","2026-05-30","2026-05-30","834.56","811.46"
"theme-parks","theme-parks","10","","STD_GST","Tier 65","2026-05-31","2026-05-31","835.9","812.8"
"theme-parks","theme-parks","10","","STD_GST","Tier 66","2026-06-01","2026-06-01","837.19","814.09"
"theme-parks","theme-parks","10","","STD_GST","Tier 67","2026-06-02","2026-06-02","835.57","812.47"
"theme-parks","theme-parks","10","","STD_GST","Tier 68","2026-06-03","2026-06-06","833.91","810.81"
"theme-parks","theme-parks","10","","STD_GST","Tier 69","2026-06-07","2026-06-08","835.57","812.47"
"theme-parks","theme-parks","10","","STD_GST","Tier 70","2026-06-09","2026-06-11","837.19","814.09"
"theme-parks","theme-parks","10","","STD_GST","Tier 71","2026-06-12","2026-06-12","840.52","817.42"
"theme-parks","theme-parks","10","","STD_GST","Tier 72","2026-06-13","2026-06-13","842.5","819.4"
"theme-parks","theme-parks","10","","STD_GST","Tier 73","2026-06-14","2026-06-14","842.83","819.73"
"theme-parks","theme-parks","10","","STD_GST","Tier 74","2026-06-15","2026-06-15","844.81","821.71"
"theme-parks","theme-parks","10","","STD_GST","Tier 75","2026-06-16","2026-06-16","846.43","823.33"
"theme-parks","theme-parks","10","","STD_GST","Tier 76","2026-06-17","2026-06-18","848.42","825.32"
"theme-parks","theme-parks","10","","STD_GST","Tier 77","2026-06-19","2026-06-19","848.74","825.64"
"theme-parks","theme-parks","10","","STD_GST","Tier 78","2026-06-20","2026-06-22","850.4","827.3"
"theme-parks","theme-parks","10","","STD_GST","Tier 79","2026-06-23","2026-06-23","848.42","825.32"
"theme-parks","theme-parks","10","","STD_GST","Tier 80","2026-06-24","2026-06-24","846.11","823.01"
"theme-parks","theme-parks","10","","STD_GST","Tier 81","2026-06-25","2026-06-25","862.06","838.46"
"theme-parks","theme-parks","10","","STD_GST","Tier 82","2026-06-26","2026-06-26","856.35","832.75"
"theme-parks","theme-parks","10","","STD_GST","Tier 83","2026-06-27","2026-06-27","851.96","828.36"
"theme-parks","theme-parks","10","","STD_GST","Tier 84","2026-06-28","2026-06-28","847.57","823.97"
"theme-parks","theme-parks","10","","STD_GST","Tier 85","2026-06-29","2026-06-29","841.53","817.93"
"theme-parks","theme-parks","10","","STD_GST","Tier 86","2026-06-30","2026-06-30","835.77","812.17"
"theme-parks","theme-parks","10","","STD_GST","Tier 87","2026-07-01","2026-07-01","831.38","807.78"
"theme-parks","theme-parks","10","","STD_GST","Tier 88","2026-07-02","2026-07-02","829.02","805.42"
"theme-parks","theme-parks","10","","STD_GST","Tier 89","2026-07-03","2026-07-03","824.63","801.03"
"theme-parks","theme-parks","10","","STD_GST","Tier 90","2026-07-04","2026-07-04","820.62","797.02"
"theme-parks","theme-parks","10","","STD_GST","Tier 91","2026-07-05","2026-07-05","799.26","776.16"
"theme-parks","theme-parks","10","","STD_GST","Tier 92","2026-07-06","2026-07-06","795.29","772.19"
"theme-parks-with-park-hopper-plus","theme-parks","1","Park Hopper Plus","STD_GST","Tier 1","2026-03-08","2026-03-15","179","174"
"theme-parks-with-park-hopper-plus","theme-parks","1","Park Hopper Plus","STD_GST","Tier 2","2026-03-16","2026-03-17","174","169"
"theme-parks-with-park-hopper-plus","theme-parks","1","Park Hopper Plus","STD_GST","Tier 3","2026-03-18","2026-03-19","169","164"
"theme-parks-with-park-hopper-plus","theme-parks","1","Park Hopper Plus","STD_GST","Tier 4","2026-03-20","2026-03-27","174","169"
"theme-parks-with-park-hopper-plus","theme-parks","1","Park Hopper Plus","STD_GST","Tier 5","2026-03-28","2026-04-13","179","174"
"theme-parks-with-park-hopper-plus","theme-parks","1","Park Hopper Plus","STD_GST","Tier 6","2026-04-14","2026-04-16","174","169"
"theme-parks-with-park-hopper-plus","theme-parks","1","Park Hopper Plus","STD_GST","Tier 7","2026-04-17","2026-04-21","179","174"
"theme-parks-with-park-hopper-plus","theme-parks","1","Park Hopper Plus","STD_GST","Tier 8","2026-04-22","2026-04-23","174","169"
"theme-parks-with-park-hopper-plus","theme-parks","1","Park Hopper Plus","STD_GST","Tier 9","2026-04-24","2026-04-26","179","174"
"theme-parks-with-park-hopper-plus","theme-parks","1","Park Hopper Plus","STD_GST","Tier 10","2026-04-27","2026-04-27","169","164"
"theme-parks-with-park-hopper-plus","theme-parks","1","Park Hopper Plus","STD_GST","Tier 11","2026-04-28","2026-04-28","164","159"
"theme-parks-with-park-hopper-plus","theme-parks","1","Park Hopper Plus","STD_GST","Tier 12","2026-04-29","2026-04-29","159","154"
"theme-parks-with-park-hopper-plus","theme-parks","1","Park Hopper Plus","STD_GST","Tier 13","2026-04-30","2026-04-30","164","159"
"theme-parks-with-park-hopper-plus","theme-parks","1","Park Hopper Plus","STD_GST","Tier 14","2026-05-01","2026-05-01","169","164"
"theme-parks-with-park-hopper-plus","theme-parks","1","Park Hopper Plus","STD_GST","Tier 15","2026-05-02","2026-05-02","174","169"
"theme-parks-with-park-hopper-plus","theme-parks","1","Park Hopper Plus","STD_GST","Tier 16","2026-05-03","2026-05-03","164","159"
"theme-parks-with-park-hopper-plus","theme-parks","1","Park Hopper Plus","STD_GST","Tier 17","2026-05-04","2026-05-04","174","169"
"theme-parks-with-park-hopper-plus","theme-parks","1","Park Hopper Plus","STD_GST","Tier 18","2026-05-05","2026-05-05","164","159"
"theme-parks-with-park-hopper-plus","theme-parks","1","Park Hopper Plus","STD_GST","Tier 19","2026-05-06","2026-05-06","154","149"
"theme-parks-with-park-hopper-plus","theme-parks","1","Park Hopper Plus","STD_GST","Tier 20","2026-05-07","2026-05-07","159","154"
"theme-parks-with-park-hopper-plus","theme-parks","1","Park Hopper Plus","STD_GST","Tier 21","2026-05-08","2026-05-10","174","169"
"theme-parks-with-park-hopper-plus","theme-parks","1","Park Hopper Plus","STD_GST","Tier 22","2026-05-11","2026-05-11","169","164"
"theme-parks-with-park-hopper-plus","theme-parks","1","Park Hopper Plus","STD_GST","Tier 23","2026-05-12","2026-05-14","164","159"
"theme-parks-with-park-hopper-plus","theme-parks","1","Park Hopper Plus","STD_GST","Tier 24","2026-05-15","2026-05-16","174","169"
"theme-parks-with-park-hopper-plus","theme-parks","1","Park Hopper Plus","STD_GST","Tier 25","2026-05-17","2026-05-17","169","164"
"theme-parks-with-park-hopper-plus","theme-parks","1","Park Hopper Plus","STD_GST","Tier 26","2026-05-18","2026-05-18","159","154"
"theme-parks-with-park-hopper-plus","theme-parks","1","Park Hopper Plus","STD_GST","Tier 27","2026-05-19","2026-05-21","164","159"
"theme-parks-with-park-hopper-plus","theme-parks","1","Park Hopper Plus","STD_GST","Tier 28","2026-05-22","2026-05-25","179","174"
"theme-parks-with-park-hopper-plus","theme-parks","1","Park Hopper Plus","STD_GST","Tier 29","2026-05-26","2026-05-28","174","169"
"theme-parks-with-park-hopper-plus","theme-parks","1","Park Hopper Plus","STD_GST","Tier 30","2026-05-29","2026-05-30","169","164"
"theme-parks-with-park-hopper-plus","theme-parks","1","Park Hopper Plus","STD_GST","Tier 31","2026-05-31","2026-05-31","164","159"
"theme-parks-with-park-hopper-plus","theme-parks","1","Park Hopper Plus","STD_GST","Tier 32","2026-06-01","2026-06-02","169","164"
"theme-parks-with-park-hopper-plus","theme-parks","1","Park Hopper Plus","STD_GST","Tier 33","2026-06-03","2026-06-04","164","159"
"theme-parks-with-park-hopper-plus","theme-parks","1","Park Hopper Plus","STD_GST","Tier 34","2026-06-05","2026-06-07","169","164"
"theme-parks-with-park-hopper-plus","theme-parks","1","Park Hopper Plus","STD_GST","Tier 35","2026-06-08","2026-06-11","164","159"
"theme-parks-with-park-hopper-plus","theme-parks","1","Park Hopper Plus","STD_GST","Tier 36","2026-06-12","2026-06-12","169","164"
"theme-parks-with-park-hopper-plus","theme-parks","1","Park Hopper Plus","STD_GST","Tier 37","2026-06-13","2026-06-13","174","169"
"theme-parks-with-park-hopper-plus","theme-parks","1","Park Hopper Plus","STD_GST","Tier 38","2026-06-14","2026-06-14","169","164"
"theme-parks-with-park-hopper-plus","theme-parks","1","Park Hopper Plus","STD_GST","Tier 39","2026-06-15","2026-06-18","164","159"
"theme-parks-with-park-hopper-plus","theme-parks","1","Park Hopper Plus","STD_GST","Tier 40","2026-06-19","2026-06-19","169","164"
"theme-parks-with-park-hopper-plus","theme-parks","1","Park Hopper Plus","STD_GST","Tier 41","2026-06-20","2026-06-20","174","169"
"theme-parks-with-park-hopper-plus","theme-parks","1","Park Hopper Plus","STD_GST","Tier 42","2026-06-21","2026-06-22","169","164"
"theme-parks-with-park-hopper-plus","theme-parks","1","Park Hopper Plus","STD_GST","Tier 43","2026-06-23","2026-06-24","164","159"
"theme-parks-with-park-hopper-plus","theme-parks","1","Park Hopper Plus","STD_GST","Tier 44","2026-06-25","2026-06-28","174","169"
"theme-parks-with-park-hopper-plus","theme-parks","1","Park Hopper Plus","STD_GST","Tier 45","2026-06-29","2026-06-30","169","164"
"theme-parks-with-park-hopper-plus","theme-parks","1","Park Hopper Plus","STD_GST","Tier 46","2026-07-01","2026-07-02","164","159"
"theme-parks-with-park-hopper-plus","theme-parks","1","Park Hopper Plus","STD_GST","Tier 47","2026-07-03","2026-07-05","169","164"
"theme-parks-with-park-hopper-plus","theme-parks","1","Park Hopper Plus","STD_GST","Tier 48","2026-07-06","2026-07-06","164","159"
"theme-parks-with-park-hopper-plus","theme-parks","2","Park Hopper Plus","STD_GST","Tier 1","2026-03-08","2026-03-08","360.9","351.39"
"theme-parks-with-park-hopper-plus","theme-parks","2","Park Hopper Plus","STD_GST","Tier 2","2026-03-09","2026-03-09","359.48","349.97"
"theme-parks-with-park-hopper-plus","theme-parks","2","Park Hopper Plus","STD_GST","Tier 3","2026-03-10","2026-03-10","360.9","351.39"
"theme-parks-with-park-hopper-plus","theme-parks","2","Park Hopper Plus","STD_GST","Tier 4","2026-03-11","2026-03-11","362.33","352.82"
"theme-parks-with-park-hopper-plus","theme-parks","2","Park Hopper Plus","STD_GST","Tier 5","2026-03-12","2026-03-12","363.76","354.25"
"theme-parks-with-park-hopper-plus","theme-parks","2","Park Hopper Plus","STD_GST","Tier 6","2026-03-13","2026-03-13","362.81","353.3"
"theme-parks-with-park-hopper-plus","theme-parks","2","Park Hopper Plus","STD_GST","Tier 7","2026-03-14","2026-03-14","360.43","350.92"
"theme-parks-with-park-hopper-plus","theme-parks","2","Park Hopper Plus","STD_GST","Tier 8","2026-03-15","2026-03-15","356.15","346.64"
"theme-parks-with-park-hopper-plus","theme-parks","2","Park Hopper Plus","STD_GST","Tier 9","2026-03-16","2026-03-16","351.87","342.36"
"theme-parks-with-park-hopper-plus","theme-parks","2","Park Hopper Plus","STD_GST","Tier 10","2026-03-17","2026-03-17","352.35","342.84"
"theme-parks-with-park-hopper-plus","theme-parks","2","Park Hopper Plus","STD_GST","Tier 11","2026-03-18","2026-03-18","353.3","343.79"
"theme-parks-with-park-hopper-plus","theme-parks","2","Park Hopper Plus","STD_GST","Tier 12","2026-03-19","2026-03-19","356.15","346.64"
"theme-parks-with-park-hopper-plus","theme-parks","2","Park Hopper Plus","STD_GST","Tier 13","2026-03-20","2026-03-20","359","349.49"
"theme-parks-with-park-hopper-plus","theme-parks","2","Park Hopper Plus","STD_GST","Tier 14","2026-03-21","2026-03-21","357.1","347.59"
"theme-parks-with-park-hopper-plus","theme-parks","2","Park Hopper Plus","STD_GST","Tier 15","2026-03-22","2026-03-22","354.72","345.21"
"theme-parks-with-park-hopper-plus","theme-parks","2","Park Hopper Plus","STD_GST","Tier 16","2026-03-23","2026-03-23","352.35","342.84"
"theme-parks-with-park-hopper-plus","theme-parks","2","Park Hopper Plus","STD_GST","Tier 17","2026-03-24","2026-03-24","350.92","341.41"
"theme-parks-with-park-hopper-plus","theme-parks","2","Park Hopper Plus","STD_GST","Tier 18","2026-03-25","2026-03-25","354.72","345.21"
"theme-parks-with-park-hopper-plus","theme-parks","2","Park Hopper Plus","STD_GST","Tier 19","2026-03-26","2026-03-26","358.53","349.02"
"theme-parks-with-park-hopper-plus","theme-parks","2","Park Hopper Plus","STD_GST","Tier 20","2026-03-27","2026-03-27","360.9","351.39"
"theme-parks-with-park-hopper-plus","theme-parks","2","Park Hopper Plus","STD_GST","Tier 21","2026-03-28","2026-03-28","362.33","352.82"
"theme-parks-with-park-hopper-plus","theme-parks","2","Park Hopper Plus","STD_GST","Tier 22","2026-03-29","2026-03-29","360.9","351.39"
"theme-parks-with-park-hopper-plus","theme-parks","2","Park Hopper Plus","STD_GST","Tier 23","2026-03-30","2026-03-30","359.48","349.97"
"theme-parks-with-park-hopper-plus","theme-parks","2","Park Hopper Plus","STD_GST","Tier 24","2026-03-31","2026-03-31","360.9","351.39"
"theme-parks-with-park-hopper-plus","theme-parks","2","Park Hopper Plus","STD_GST","Tier 25","2026-04-01","2026-04-01","362.33","352.82"
"theme-parks-with-park-hopper-plus","theme-parks","2","Park Hopper Plus","STD_GST","Tier 26","2026-04-02","2026-04-03","363.76","354.25"
"theme-parks-with-park-hopper-plus","theme-parks","2","Park Hopper Plus","STD_GST","Tier 27","2026-04-04","2026-04-04","362.33","352.82"
"theme-parks-with-park-hopper-plus","theme-parks","2","Park Hopper Plus","STD_GST","Tier 28","2026-04-05","2026-04-05","360.9","351.39"
"theme-parks-with-park-hopper-plus","theme-parks","2","Park Hopper Plus","STD_GST","Tier 29","2026-04-06","2026-04-06","359.48","349.97"
"theme-parks-with-park-hopper-plus","theme-parks","2","Park Hopper Plus","STD_GST","Tier 30","2026-04-07","2026-04-07","360.9","351.39"
"theme-parks-with-park-hopper-plus","theme-parks","2","Park Hopper Plus","STD_GST","Tier 31","2026-04-08","2026-04-08","362.33","352.82"
"theme-parks-with-park-hopper-plus","theme-parks","2","Park Hopper Plus","STD_GST","Tier 32","2026-04-09","2026-04-10","363.76","354.25"
"theme-parks-with-park-hopper-plus","theme-parks","2","Park Hopper Plus","STD_GST","Tier 33","2026-04-11","2026-04-11","359.95","350.44"
"theme-parks-with-park-hopper-plus","theme-parks","2","Park Hopper Plus","STD_GST","Tier 34","2026-04-12","2026-04-12","356.15","346.64"
"theme-parks-with-park-hopper-plus","theme-parks","2","Park Hopper Plus","STD_GST","Tier 35","2026-04-13","2026-04-13","352.35","342.84"
"theme-parks-with-park-hopper-plus","theme-parks","2","Park Hopper Plus","STD_GST","Tier 36","2026-04-14","2026-04-14","353.77","344.26"
"theme-parks-with-park-hopper-plus","theme-parks","2","Park Hopper Plus","STD_GST","Tier 37","2026-04-15","2026-04-15","357.58","348.07"
"theme-parks-with-park-hopper-plus","theme-parks","2","Park Hopper Plus","STD_GST","Tier 38","2026-04-16","2026-04-16","361.38","351.87"
"theme-parks-with-park-hopper-plus","theme-parks","2","Park Hopper Plus","STD_GST","Tier 39","2026-04-17","2026-04-17","363.76","354.25"
"theme-parks-with-park-hopper-plus","theme-parks","2","Park Hopper Plus","STD_GST","Tier 40","2026-04-18","2026-04-18","362.33","352.82"
"theme-parks-with-park-hopper-plus","theme-parks","2","Park Hopper Plus","STD_GST","Tier 41","2026-04-19","2026-04-19","358.53","349.02"
"theme-parks-with-park-hopper-plus","theme-parks","2","Park Hopper Plus","STD_GST","Tier 42","2026-04-20","2026-04-20","354.72","345.21"
"theme-parks-with-park-hopper-plus","theme-parks","2","Park Hopper Plus","STD_GST","Tier 43","2026-04-21","2026-04-21","356.15","346.64"
"theme-parks-with-park-hopper-plus","theme-parks","2","Park Hopper Plus","STD_GST","Tier 44","2026-04-22","2026-04-22","357.58","348.07"
"theme-parks-with-park-hopper-plus","theme-parks","2","Park Hopper Plus","STD_GST","Tier 45","2026-04-23","2026-04-23","361.38","351.87"
"theme-parks-with-park-hopper-plus","theme-parks","2","Park Hopper Plus","STD_GST","Tier 46","2026-04-24","2026-04-24","360.9","351.39"
"theme-parks-with-park-hopper-plus","theme-parks","2","Park Hopper Plus","STD_GST","Tier 47","2026-04-25","2026-04-25","354.25","344.74"
"theme-parks-with-park-hopper-plus","theme-parks","2","Park Hopper Plus","STD_GST","Tier 48","2026-04-26","2026-04-26","345.21","335.7"
"theme-parks-with-park-hopper-plus","theme-parks","2","Park Hopper Plus","STD_GST","Tier 49","2026-04-27","2026-04-27","338.56","329.05"
"theme-parks-with-park-hopper-plus","theme-parks","2","Park Hopper Plus","STD_GST","Tier 50","2026-04-28","2026-04-28","339.98","330.47"
"theme-parks-with-park-hopper-plus","theme-parks","2","Park Hopper Plus","STD_GST","Tier 51","2026-04-29","2026-04-29","343.98","334.53"
"theme-parks-with-park-hopper-plus","theme-parks","2","Park Hopper Plus","STD_GST","Tier 52","2026-04-30","2026-04-30","349.97","340.46"
"theme-parks-with-park-hopper-plus","theme-parks","2","Park Hopper Plus","STD_GST","Tier 53","2026-05-01","2026-05-01","353.9","344.45"
"theme-parks-with-park-hopper-plus","theme-parks","2","Park Hopper Plus","STD_GST","Tier 54","2026-05-02","2026-05-02","353.77","344.26"
"theme-parks-with-park-hopper-plus","theme-parks","2","Park Hopper Plus","STD_GST","Tier 55","2026-05-03","2026-05-03","340.67","331.22"
"theme-parks-with-park-hopper-plus","theme-parks","2","Park Hopper Plus","STD_GST","Tier 56","2026-05-04","2026-05-05","339.03","329.52"
"theme-parks-with-park-hopper-plus","theme-parks","2","Park Hopper Plus","STD_GST","Tier 57","2026-05-06","2026-05-06","343.79","334.28"
"theme-parks-with-park-hopper-plus","theme-parks","2","Park Hopper Plus","STD_GST","Tier 58","2026-05-07","2026-05-07","354.72","345.21"
"theme-parks-with-park-hopper-plus","theme-parks","2","Park Hopper Plus","STD_GST","Tier 59","2026-05-08","2026-05-08","359.48","349.97"
"theme-parks-with-park-hopper-plus","theme-parks","2","Park Hopper Plus","STD_GST","Tier 60","2026-05-09","2026-05-09","353.3","343.79"
"theme-parks-with-park-hopper-plus","theme-parks","2","Park Hopper Plus","STD_GST","Tier 61","2026-05-10","2026-05-10","347.11","337.6"
"theme-parks-with-park-hopper-plus","theme-parks","2","Park Hopper Plus","STD_GST","Tier 62","2026-05-11","2026-05-11","340.93","331.42"
"theme-parks-with-park-hopper-plus","theme-parks","2","Park Hopper Plus","STD_GST","Tier 63","2026-05-12","2026-05-12","343.79","334.28"
"theme-parks-with-park-hopper-plus","theme-parks","2","Park Hopper Plus","STD_GST","Tier 64","2026-05-13","2026-05-13","349.02","339.51"
"theme-parks-with-park-hopper-plus","theme-parks","2","Park Hopper Plus","STD_GST","Tier 65","2026-05-14","2026-05-14","351.87","342.36"
"theme-parks-with-park-hopper-plus","theme-parks","2","Park Hopper Plus","STD_GST","Tier 66","2026-05-15","2026-05-15","349.49","339.98"
"theme-parks-with-park-hopper-plus","theme-parks","2","Park Hopper Plus","STD_GST","Tier 67","2026-05-16","2026-05-16","344.26","334.75"
"theme-parks-with-park-hopper-plus","theme-parks","2","Park Hopper Plus","STD_GST","Tier 68","2026-05-17","2026-05-17","339.03","329.52"
"theme-parks-with-park-hopper-plus","theme-parks","2","Park Hopper Plus","STD_GST","Tier 69","2026-05-18","2026-05-18","336.18","326.67"
"theme-parks-with-park-hopper-plus","theme-parks","2","Park Hopper Plus","STD_GST","Tier 70","2026-05-19","2026-05-19","345.21","335.7"
"theme-parks-with-park-hopper-plus","theme-parks","2","Park Hopper Plus","STD_GST","Tier 71","2026-05-20","2026-05-20","351.87","342.36"
"theme-parks-with-park-hopper-plus","theme-parks","2","Park Hopper Plus","STD_GST","Tier 72","2026-05-21","2026-05-21","358.53","349.02"
"theme-parks-with-park-hopper-plus","theme-parks","2","Park Hopper Plus","STD_GST","Tier 73","2026-05-22","2026-05-22","363.76","354.25"
"theme-parks-with-park-hopper-plus","theme-parks","2","Park Hopper Plus","STD_GST","Tier 74","2026-05-23","2026-05-23","361.86","352.35"
"theme-parks-with-park-hopper-plus","theme-parks","2","Park Hopper Plus","STD_GST","Tier 75","2026-05-24","2026-05-24","359.95","350.44"
"theme-parks-with-park-hopper-plus","theme-parks","2","Park Hopper Plus","STD_GST","Tier 76","2026-05-25","2026-05-25","358.05","348.54"
"theme-parks-with-park-hopper-plus","theme-parks","2","Park Hopper Plus","STD_GST","Tier 77","2026-05-26","2026-05-26","357.58","348.07"
"theme-parks-with-park-hopper-plus","theme-parks","2","Park Hopper Plus","STD_GST","Tier 78","2026-05-27","2026-05-27","355.67","346.16"
"theme-parks-with-park-hopper-plus","theme-parks","2","Park Hopper Plus","STD_GST","Tier 79","2026-05-28","2026-05-28","351.39","341.88"
"theme-parks-with-park-hopper-plus","theme-parks","2","Park Hopper Plus","STD_GST","Tier 80","2026-05-29","2026-05-29","349.02","339.51"
"theme-parks-with-park-hopper-plus","theme-parks","2","Park Hopper Plus","STD_GST","Tier 81","2026-05-30","2026-05-30","344.45","335"
"theme-parks-with-park-hopper-plus","theme-parks","2","Park Hopper Plus","STD_GST","Tier 82","2026-05-31","2026-05-31","341.62","332.17"
"theme-parks-with-park-hopper-plus","theme-parks","2","Park Hopper Plus","STD_GST","Tier 83","2026-06-01","2026-06-03","341.14","331.69"
"theme-parks-with-park-hopper-plus","theme-parks","2","Park Hopper Plus","STD_GST","Tier 84","2026-06-04","2026-06-04","343.51","334.06"
"theme-parks-with-park-hopper-plus","theme-parks","2","Park Hopper Plus","STD_GST","Tier 85","2026-06-05","2026-06-05","345.69","336.18"
"theme-parks-with-park-hopper-plus","theme-parks","2","Park Hopper Plus","STD_GST","Tier 86","2026-06-06","2026-06-06","341.14","331.69"
"theme-parks-with-park-hopper-plus","theme-parks","2","Park Hopper Plus","STD_GST","Tier 87","2026-06-07","2026-06-07","340.93","331.42"
"theme-parks-with-park-hopper-plus","theme-parks","2","Park Hopper Plus","STD_GST","Tier 88","2026-06-08","2026-06-08","336.42","326.97"
"theme-parks-with-park-hopper-plus","theme-parks","2","Park Hopper Plus","STD_GST","Tier 89","2026-06-09","2026-06-09","338.78","329.33"
"theme-parks-with-park-hopper-plus","theme-parks","2","Park Hopper Plus","STD_GST","Tier 90","2026-06-10","2026-06-10","343.51","334.06"
"theme-parks-with-park-hopper-plus","theme-parks","2","Park Hopper Plus","STD_GST","Tier 91","2026-06-11","2026-06-12","345.87","336.42"
"theme-parks-with-park-hopper-plus","theme-parks","2","Park Hopper Plus","STD_GST","Tier 92","2026-06-13","2026-06-13","343.51","334.06"
"theme-parks-with-park-hopper-plus","theme-parks","2","Park Hopper Plus","STD_GST","Tier 93","2026-06-14","2026-06-14","338.78","329.33"
"theme-parks-with-park-hopper-plus","theme-parks","2","Park Hopper Plus","STD_GST","Tier 94","2026-06-15","2026-06-15","336.42","326.97"
"theme-parks-with-park-hopper-plus","theme-parks","2","Park Hopper Plus","STD_GST","Tier 95","2026-06-16","2026-06-16","338.78","329.33"
"theme-parks-with-park-hopper-plus","theme-parks","2","Park Hopper Plus","STD_GST","Tier 96","2026-06-17","2026-06-17","343.51","334.06"
"theme-parks-with-park-hopper-plus","theme-parks","2","Park Hopper Plus","STD_GST","Tier 97","2026-06-18","2026-06-18","345.87","336.42"
"theme-parks-with-park-hopper-plus","theme-parks","2","Park Hopper Plus","STD_GST","Tier 98","2026-06-19","2026-06-19","348.23","338.78"
"theme-parks-with-park-hopper-plus","theme-parks","2","Park Hopper Plus","STD_GST","Tier 99","2026-06-20","2026-06-20","345.87","336.42"
"theme-parks-with-park-hopper-plus","theme-parks","2","Park Hopper Plus","STD_GST","Tier 100","2026-06-21","2026-06-21","341.14","331.69"
"theme-parks-with-park-hopper-plus","theme-parks","2","Park Hopper Plus","STD_GST","Tier 101","2026-06-22","2026-06-22","343.51","334.06"
"theme-parks-with-park-hopper-plus","theme-parks","2","Park Hopper Plus","STD_GST","Tier 102","2026-06-23","2026-06-23","346.34","336.89"
"theme-parks-with-park-hopper-plus","theme-parks","2","Park Hopper Plus","STD_GST","Tier 103","2026-06-24","2026-06-24","351.54","342.09"
"theme-parks-with-park-hopper-plus","theme-parks","2","Park Hopper Plus","STD_GST","Tier 104","2026-06-25","2026-06-25","356.74","347.29"
"theme-parks-with-park-hopper-plus","theme-parks","2","Park Hopper Plus","STD_GST","Tier 105","2026-06-26","2026-06-26","356.62","347.11"
"theme-parks-with-park-hopper-plus","theme-parks","2","Park Hopper Plus","STD_GST","Tier 106","2026-06-27","2026-06-27","354.25","344.74"
"theme-parks-with-park-hopper-plus","theme-parks","2","Park Hopper Plus","STD_GST","Tier 107","2026-06-28","2026-06-28","349.02","339.51"
"theme-parks-with-park-hopper-plus","theme-parks","2","Park Hopper Plus","STD_GST","Tier 108","2026-06-29","2026-06-29","344.26","334.75"
"theme-parks-with-park-hopper-plus","theme-parks","2","Park Hopper Plus","STD_GST","Tier 109","2026-06-30","2026-06-30","346.64","337.13"
"theme-parks-with-park-hopper-plus","theme-parks","2","Park Hopper Plus","STD_GST","Tier 110","2026-07-01","2026-07-01","348.54","339.03"
"theme-parks-with-park-hopper-plus","theme-parks","2","Park Hopper Plus","STD_GST","Tier 111","2026-07-02","2026-07-02","350.92","341.41"
"theme-parks-with-park-hopper-plus","theme-parks","2","Park Hopper Plus","STD_GST","Tier 112","2026-07-03","2026-07-03","349.97","340.46"
"theme-parks-with-park-hopper-plus","theme-parks","2","Park Hopper Plus","STD_GST","Tier 113","2026-07-04","2026-07-04","341.88","332.37"
"theme-parks-with-park-hopper-plus","theme-parks","2","Park Hopper Plus","STD_GST","Tier 114","2026-07-05","2026-07-05","333.8","324.29"
"theme-parks-with-park-hopper-plus","theme-parks","2","Park Hopper Plus","STD_GST","Tier 115","2026-07-06","2026-07-06","328.09","318.58"
"theme-parks-with-park-hopper-plus","theme-parks","3","Park Hopper Plus","STD_GST","Tier 1","2026-03-08","2026-03-09","531.26","517.25"
"theme-parks-with-park-hopper-plus","theme-parks","3","Park Hopper Plus","STD_GST","Tier 2","2026-03-10","2026-03-10","532.94","518.93"
"theme-parks-with-park-hopper-plus","theme-parks","3","Park Hopper Plus","STD_GST","Tier 3","2026-03-11","2026-03-11","534.62","520.61"
"theme-parks-with-park-hopper-plus","theme-parks","3","Park Hopper Plus","STD_GST","Tier 4","2026-03-12","2026-03-12","533.5","519.49"
"theme-parks-with-park-hopper-plus","theme-parks","3","Park Hopper Plus","STD_GST","Tier 5","2026-03-13","2026-03-13","532.38","518.37"
"theme-parks-with-park-hopper-plus","theme-parks","3","Park Hopper Plus","STD_GST","Tier 6","2026-03-14","2026-03-14","527.34","513.33"
"theme-parks-with-park-hopper-plus","theme-parks","3","Park Hopper Plus","STD_GST","Tier 7","2026-03-15","2026-03-15","522.29","508.28"
"theme-parks-with-park-hopper-plus","theme-parks","3","Park Hopper Plus","STD_GST","Tier 8","2026-03-16","2026-03-16","520.05","506.04"
"theme-parks-with-park-hopper-plus","theme-parks","3","Park Hopper Plus","STD_GST","Tier 9","2026-03-17","2026-03-17","521.17","507.16"
"theme-parks-with-park-hopper-plus","theme-parks","3","Park Hopper Plus","STD_GST","Tier 10","2026-03-18","2026-03-18","522.29","508.28"
"theme-parks-with-park-hopper-plus","theme-parks","3","Park Hopper Plus","STD_GST","Tier 11","2026-03-19","2026-03-19","525.66","511.65"
"theme-parks-with-park-hopper-plus","theme-parks","3","Park Hopper Plus","STD_GST","Tier 12","2026-03-20","2026-03-20","526.22","512.21"
"theme-parks-with-park-hopper-plus","theme-parks","3","Park Hopper Plus","STD_GST","Tier 13","2026-03-21","2026-03-21","523.97","509.96"
"theme-parks-with-park-hopper-plus","theme-parks","3","Park Hopper Plus","STD_GST","Tier 14","2026-03-22","2026-03-22","521.17","507.16"
"theme-parks-with-park-hopper-plus","theme-parks","3","Park Hopper Plus","STD_GST","Tier 15","2026-03-23","2026-03-23","519.49","505.48"
"theme-parks-with-park-hopper-plus","theme-parks","3","Park Hopper Plus","STD_GST","Tier 16","2026-03-24","2026-03-24","521.17","507.16"
"theme-parks-with-park-hopper-plus","theme-parks","3","Park Hopper Plus","STD_GST","Tier 17","2026-03-25","2026-03-25","525.66","511.65"
"theme-parks-with-park-hopper-plus","theme-parks","3","Park Hopper Plus","STD_GST","Tier 18","2026-03-26","2026-03-26","528.46","514.45"
"theme-parks-with-park-hopper-plus","theme-parks","3","Park Hopper Plus","STD_GST","Tier 19","2026-03-27","2026-03-27","531.26","517.25"
"theme-parks-with-park-hopper-plus","theme-parks","3","Park Hopper Plus","STD_GST","Tier 20","2026-03-28","2026-03-28","532.94","518.93"
"theme-parks-with-park-hopper-plus","theme-parks","3","Park Hopper Plus","STD_GST","Tier 21","2026-03-29","2026-03-30","531.26","517.25"
"theme-parks-with-park-hopper-plus","theme-parks","3","Park Hopper Plus","STD_GST","Tier 22","2026-03-31","2026-03-31","532.94","518.93"
"theme-parks-with-park-hopper-plus","theme-parks","3","Park Hopper Plus","STD_GST","Tier 23","2026-04-01","2026-04-03","534.62","520.61"
"theme-parks-with-park-hopper-plus","theme-parks","3","Park Hopper Plus","STD_GST","Tier 24","2026-04-04","2026-04-04","532.94","518.93"
"theme-parks-with-park-hopper-plus","theme-parks","3","Park Hopper Plus","STD_GST","Tier 25","2026-04-05","2026-04-06","531.26","517.25"
"theme-parks-with-park-hopper-plus","theme-parks","3","Park Hopper Plus","STD_GST","Tier 26","2026-04-07","2026-04-07","532.94","518.93"
"theme-parks-with-park-hopper-plus","theme-parks","3","Park Hopper Plus","STD_GST","Tier 27","2026-04-08","2026-04-09","534.62","520.61"
"theme-parks-with-park-hopper-plus","theme-parks","3","Park Hopper Plus","STD_GST","Tier 28","2026-04-10","2026-04-10","531.82","517.81"
"theme-parks-with-park-hopper-plus","theme-parks","3","Park Hopper Plus","STD_GST","Tier 29","2026-04-11","2026-04-11","527.34","513.33"
"theme-parks-with-park-hopper-plus","theme-parks","3","Park Hopper Plus","STD_GST","Tier 30","2026-04-12","2026-04-13","522.85","508.84"
"theme-parks-with-park-hopper-plus","theme-parks","3","Park Hopper Plus","STD_GST","Tier 31","2026-04-14","2026-04-14","524.53","510.52"
"theme-parks-with-park-hopper-plus","theme-parks","3","Park Hopper Plus","STD_GST","Tier 32","2026-04-15","2026-04-15","529.02","515.01"
"theme-parks-with-park-hopper-plus","theme-parks","3","Park Hopper Plus","STD_GST","Tier 33","2026-04-16","2026-04-16","531.82","517.81"
"theme-parks-with-park-hopper-plus","theme-parks","3","Park Hopper Plus","STD_GST","Tier 34","2026-04-17","2026-04-17","534.62","520.61"
"theme-parks-with-park-hopper-plus","theme-parks","3","Park Hopper Plus","STD_GST","Tier 35","2026-04-18","2026-04-18","530.14","516.13"
"theme-parks-with-park-hopper-plus","theme-parks","3","Park Hopper Plus","STD_GST","Tier 36","2026-04-19","2026-04-20","525.66","511.65"
"theme-parks-with-park-hopper-plus","theme-parks","3","Park Hopper Plus","STD_GST","Tier 37","2026-04-21","2026-04-21","527.34","513.33"
"theme-parks-with-park-hopper-plus","theme-parks","3","Park Hopper Plus","STD_GST","Tier 38","2026-04-22","2026-04-22","529.02","515.01"
"theme-parks-with-park-hopper-plus","theme-parks","3","Park Hopper Plus","STD_GST","Tier 39","2026-04-23","2026-04-23","528.46","514.45"
"theme-parks-with-park-hopper-plus","theme-parks","3","Park Hopper Plus","STD_GST","Tier 40","2026-04-24","2026-04-24","525.09","511.08"
"theme-parks-with-park-hopper-plus","theme-parks","3","Park Hopper Plus","STD_GST","Tier 41","2026-04-25","2026-04-25","514.45","500.44"
"theme-parks-with-park-hopper-plus","theme-parks","3","Park Hopper Plus","STD_GST","Tier 42","2026-04-26","2026-04-26","506.6","492.59"
"theme-parks-with-park-hopper-plus","theme-parks","3","Park Hopper Plus","STD_GST","Tier 43","2026-04-27","2026-04-27","503.24","489.23"
"theme-parks-with-park-hopper-plus","theme-parks","3","Park Hopper Plus","STD_GST","Tier 44","2026-04-28","2026-04-28","507.72","493.71"
"theme-parks-with-park-hopper-plus","theme-parks","3","Park Hopper Plus","STD_GST","Tier 45","2026-04-29","2026-04-29","502.86","489.03"
"theme-parks-with-park-hopper-plus","theme-parks","3","Park Hopper Plus","STD_GST","Tier 46","2026-04-30","2026-04-30","519.49","505.48"
"theme-parks-with-park-hopper-plus","theme-parks","3","Park Hopper Plus","STD_GST","Tier 47","2026-05-01","2026-05-01","514.48","500.65"
"theme-parks-with-park-hopper-plus","theme-parks","3","Park Hopper Plus","STD_GST","Tier 48","2026-05-02","2026-05-02","511.08","497.07"
"theme-parks-with-park-hopper-plus","theme-parks","3","Park Hopper Plus","STD_GST","Tier 49","2026-05-03","2026-05-03","494.56","480.73"
"theme-parks-with-park-hopper-plus","theme-parks","3","Park Hopper Plus","STD_GST","Tier 50","2026-05-04","2026-05-05","506.6","492.59"
"theme-parks-with-park-hopper-plus","theme-parks","3","Park Hopper Plus","STD_GST","Tier 51","2026-05-06","2026-05-06","512.21","498.2"
"theme-parks-with-park-hopper-plus","theme-parks","3","Park Hopper Plus","STD_GST","Tier 52","2026-05-07","2026-05-07","520.61","506.6"
"theme-parks-with-park-hopper-plus","theme-parks","3","Park Hopper Plus","STD_GST","Tier 53","2026-05-08","2026-05-08","523.41","509.4"
"theme-parks-with-park-hopper-plus","theme-parks","3","Park Hopper Plus","STD_GST","Tier 54","2026-05-09","2026-05-09","516.13","502.12"
"theme-parks-with-park-hopper-plus","theme-parks","3","Park Hopper Plus","STD_GST","Tier 55","2026-05-10","2026-05-10","508.84","494.83"
"theme-parks-with-park-hopper-plus","theme-parks","3","Park Hopper Plus","STD_GST","Tier 56","2026-05-11","2026-05-11","507.72","493.71"
"theme-parks-with-park-hopper-plus","theme-parks","3","Park Hopper Plus","STD_GST","Tier 57","2026-05-12","2026-05-12","511.08","497.07"
"theme-parks-with-park-hopper-plus","theme-parks","3","Park Hopper Plus","STD_GST","Tier 58","2026-05-13","2026-05-13","514.45","500.44"
"theme-parks-with-park-hopper-plus","theme-parks","3","Park Hopper Plus","STD_GST","Tier 59","2026-05-14","2026-05-15","511.65","497.64"
"theme-parks-with-park-hopper-plus","theme-parks","3","Park Hopper Plus","STD_GST","Tier 60","2026-05-16","2026-05-16","505.48","491.47"
"theme-parks-with-park-hopper-plus","theme-parks","3","Park Hopper Plus","STD_GST","Tier 61","2026-05-17","2026-05-17","499.32","485.31"
"theme-parks-with-park-hopper-plus","theme-parks","3","Park Hopper Plus","STD_GST","Tier 62","2026-05-18","2026-05-18","503.8","489.79"
"theme-parks-with-park-hopper-plus","theme-parks","3","Park Hopper Plus","STD_GST","Tier 63","2026-05-19","2026-05-19","514.45","500.44"
"theme-parks-with-park-hopper-plus","theme-parks","3","Park Hopper Plus","STD_GST","Tier 64","2026-05-20","2026-05-20","522.29","508.28"
"theme-parks-with-park-hopper-plus","theme-parks","3","Park Hopper Plus","STD_GST","Tier 65","2026-05-21","2026-05-21","528.46","514.45"
"theme-parks-with-park-hopper-plus","theme-parks","3","Park Hopper Plus","STD_GST","Tier 66","2026-05-22","2026-05-22","534.06","520.05"
"theme-parks-with-park-hopper-plus","theme-parks","3","Park Hopper Plus","STD_GST","Tier 67","2026-05-23","2026-05-23","531.82","517.81"
"theme-parks-with-park-hopper-plus","theme-parks","3","Park Hopper Plus","STD_GST","Tier 68","2026-05-24","2026-05-24","529.58","515.57"
"theme-parks-with-park-hopper-plus","theme-parks","3","Park Hopper Plus","STD_GST","Tier 69","2026-05-25","2026-05-25","527.34","513.33"
"theme-parks-with-park-hopper-plus","theme-parks","3","Park Hopper Plus","STD_GST","Tier 70","2026-05-26","2026-05-26","524.53","510.52"
"theme-parks-with-park-hopper-plus","theme-parks","3","Park Hopper Plus","STD_GST","Tier 71","2026-05-27","2026-05-27","519.49","505.48"
"theme-parks-with-park-hopper-plus","theme-parks","3","Park Hopper Plus","STD_GST","Tier 72","2026-05-28","2026-05-28","516.69","502.68"
"theme-parks-with-park-hopper-plus","theme-parks","3","Park Hopper Plus","STD_GST","Tier 73","2026-05-29","2026-05-29","513.89","499.88"
"theme-parks-with-park-hopper-plus","theme-parks","3","Park Hopper Plus","STD_GST","Tier 74","2026-05-30","2026-05-30","501.75","487.92"
"theme-parks-with-park-hopper-plus","theme-parks","3","Park Hopper Plus","STD_GST","Tier 75","2026-05-31","2026-05-31","498.43","484.6"
"theme-parks-with-park-hopper-plus","theme-parks","3","Park Hopper Plus","STD_GST","Tier 76","2026-06-01","2026-06-04","500.65","486.82"
"theme-parks-with-park-hopper-plus","theme-parks","3","Park Hopper Plus","STD_GST","Tier 77","2026-06-05","2026-06-05","507.16","493.15"
"theme-parks-with-park-hopper-plus","theme-parks","3","Park Hopper Plus","STD_GST","Tier 78","2026-06-06","2026-06-06","497.88","484.05"
"theme-parks-with-park-hopper-plus","theme-parks","3","Park Hopper Plus","STD_GST","Tier 79","2026-06-07","2026-06-07","501.56","487.55"
"theme-parks-with-park-hopper-plus","theme-parks","3","Park Hopper Plus","STD_GST","Tier 80","2026-06-08","2026-06-08","495.11","481.28"
"theme-parks-with-park-hopper-plus","theme-parks","3","Park Hopper Plus","STD_GST","Tier 81","2026-06-09","2026-06-09","500.65","486.82"
"theme-parks-with-park-hopper-plus","theme-parks","3","Park Hopper Plus","STD_GST","Tier 82","2026-06-10","2026-06-12","503.41","489.58"
"theme-parks-with-park-hopper-plus","theme-parks","3","Park Hopper Plus","STD_GST","Tier 83","2026-06-13","2026-06-13","500.65","486.82"
"theme-parks-with-park-hopper-plus","theme-parks","3","Park Hopper Plus","STD_GST","Tier 84","2026-06-14","2026-06-15","495.11","481.28"
"theme-parks-with-park-hopper-plus","theme-parks","3","Park Hopper Plus","STD_GST","Tier 85","2026-06-16","2026-06-16","500.65","486.82"
"theme-parks-with-park-hopper-plus","theme-parks","3","Park Hopper Plus","STD_GST","Tier 86","2026-06-17","2026-06-17","503.41","489.58"
"theme-parks-with-park-hopper-plus","theme-parks","3","Park Hopper Plus","STD_GST","Tier 87","2026-06-18","2026-06-19","506.18","492.35"
"theme-parks-with-park-hopper-plus","theme-parks","3","Park Hopper Plus","STD_GST","Tier 88","2026-06-20","2026-06-21","503.41","489.58"
"theme-parks-with-park-hopper-plus","theme-parks","3","Park Hopper Plus","STD_GST","Tier 89","2026-06-22","2026-06-22","506.73","492.9"
"theme-parks-with-park-hopper-plus","theme-parks","3","Park Hopper Plus","STD_GST","Tier 90","2026-06-23","2026-06-23","510.05","496.22"
"theme-parks-with-park-hopper-plus","theme-parks","3","Park Hopper Plus","STD_GST","Tier 91","2026-06-24","2026-06-24","516.14","502.31"
"theme-parks-with-park-hopper-plus","theme-parks","3","Park Hopper Plus","STD_GST","Tier 92","2026-06-25","2026-06-25","518.9","505.07"
"theme-parks-with-park-hopper-plus","theme-parks","3","Park Hopper Plus","STD_GST","Tier 93","2026-06-26","2026-06-26","523.41","509.4"
"theme-parks-with-park-hopper-plus","theme-parks","3","Park Hopper Plus","STD_GST","Tier 94","2026-06-27","2026-06-27","517.25","503.24"
"theme-parks-with-park-hopper-plus","theme-parks","3","Park Hopper Plus","STD_GST","Tier 95","2026-06-28","2026-06-28","511.65","497.64"
"theme-parks-with-park-hopper-plus","theme-parks","3","Park Hopper Plus","STD_GST","Tier 96","2026-06-29","2026-06-29","511.08","497.07"
"theme-parks-with-park-hopper-plus","theme-parks","3","Park Hopper Plus","STD_GST","Tier 97","2026-06-30","2026-06-30","513.89","499.88"
"theme-parks-with-park-hopper-plus","theme-parks","3","Park Hopper Plus","STD_GST","Tier 98","2026-07-01","2026-07-01","513.33","499.32"
"theme-parks-with-park-hopper-plus","theme-parks","3","Park Hopper Plus","STD_GST","Tier 99","2026-07-02","2026-07-02","512.77","498.76"
"theme-parks-with-park-hopper-plus","theme-parks","3","Park Hopper Plus","STD_GST","Tier 100","2026-07-03","2026-07-03","508.28","494.27"
"theme-parks-with-park-hopper-plus","theme-parks","3","Park Hopper Plus","STD_GST","Tier 101","2026-07-04","2026-07-04","498.76","484.75"
"theme-parks-with-park-hopper-plus","theme-parks","3","Park Hopper Plus","STD_GST","Tier 102","2026-07-05","2026-07-05","489.23","475.22"
"theme-parks-with-park-hopper-plus","theme-parks","3","Park Hopper Plus","STD_GST","Tier 103","2026-07-06","2026-07-06","485.31","471.3"
"theme-parks-with-park-hopper-plus","theme-parks","4","Park Hopper Plus","STD_GST","Tier 1","2026-03-08","2026-03-09","679.72","661.86"
"theme-parks-with-park-hopper-plus","theme-parks","4","Park Hopper Plus","STD_GST","Tier 2","2026-03-10","2026-03-10","678.68","660.82"
"theme-parks-with-park-hopper-plus","theme-parks","4","Park Hopper Plus","STD_GST","Tier 3","2026-03-11","2026-03-11","677.64","659.78"
"theme-parks-with-park-hopper-plus","theme-parks","4","Park Hopper Plus","STD_GST","Tier 4","2026-03-12","2026-03-12","674.61","656.75"
"theme-parks-with-park-hopper-plus","theme-parks","4","Park Hopper Plus","STD_GST","Tier 5","2026-03-13","2026-03-13","671.54","653.68"
"theme-parks-with-park-hopper-plus","theme-parks","4","Park Hopper Plus","STD_GST","Tier 6","2026-03-14","2026-03-14","669.5","651.64"
"theme-parks-with-park-hopper-plus","theme-parks","4","Park Hopper Plus","STD_GST","Tier 7","2026-03-15","2026-03-15","667.96","650.1"
"theme-parks-with-park-hopper-plus","theme-parks","4","Park Hopper Plus","STD_GST","Tier 8","2026-03-16","2026-03-16","666.43","648.57"
"theme-parks-with-park-hopper-plus","theme-parks","4","Park Hopper Plus","STD_GST","Tier 9","2026-03-17","2026-03-17","667.46","649.6"
"theme-parks-with-park-hopper-plus","theme-parks","4","Park Hopper Plus","STD_GST","Tier 10","2026-03-18","2026-03-18","665.93","648.07"
"theme-parks-with-park-hopper-plus","theme-parks","4","Park Hopper Plus","STD_GST","Tier 11","2026-03-19","2026-03-19","666.43","648.57"
"theme-parks-with-park-hopper-plus","theme-parks","4","Park Hopper Plus","STD_GST","Tier 12","2026-03-20","2026-03-20","666.93","649.07"
"theme-parks-with-park-hopper-plus","theme-parks","4","Park Hopper Plus","STD_GST","Tier 13","2026-03-21","2026-03-21","665.93","648.07"
"theme-parks-with-park-hopper-plus","theme-parks","4","Park Hopper Plus","STD_GST","Tier 14","2026-03-22","2026-03-22","667.46","649.6"
"theme-parks-with-park-hopper-plus","theme-parks","4","Park Hopper Plus","STD_GST","Tier 15","2026-03-23","2026-03-24","669","651.14"
"theme-parks-with-park-hopper-plus","theme-parks","4","Park Hopper Plus","STD_GST","Tier 16","2026-03-25","2026-03-25","671.54","653.68"
"theme-parks-with-park-hopper-plus","theme-parks","4","Park Hopper Plus","STD_GST","Tier 17","2026-03-26","2026-03-26","674.07","656.21"
"theme-parks-with-park-hopper-plus","theme-parks","4","Park Hopper Plus","STD_GST","Tier 18","2026-03-27","2026-03-27","676.64","658.78"
"theme-parks-with-park-hopper-plus","theme-parks","4","Park Hopper Plus","STD_GST","Tier 19","2026-03-28","2026-04-07","679.72","661.86"
"theme-parks-with-park-hopper-plus","theme-parks","4","Park Hopper Plus","STD_GST","Tier 20","2026-04-08","2026-04-08","677.14","659.28"
"theme-parks-with-park-hopper-plus","theme-parks","4","Park Hopper Plus","STD_GST","Tier 21","2026-04-09","2026-04-09","674.61","656.75"
"theme-parks-with-park-hopper-plus","theme-parks","4","Park Hopper Plus","STD_GST","Tier 22","2026-04-10","2026-04-14","672.04","654.18"
"theme-parks-with-park-hopper-plus","theme-parks","4","Park Hopper Plus","STD_GST","Tier 23","2026-04-15","2026-04-20","674.61","656.75"
"theme-parks-with-park-hopper-plus","theme-parks","4","Park Hopper Plus","STD_GST","Tier 24","2026-04-21","2026-04-21","671.54","653.68"
"theme-parks-with-park-hopper-plus","theme-parks","4","Park Hopper Plus","STD_GST","Tier 25","2026-04-22","2026-04-22","665.93","648.07"
"theme-parks-with-park-hopper-plus","theme-parks","4","Park Hopper Plus","STD_GST","Tier 26","2026-04-23","2026-04-23","660.32","642.46"
"theme-parks-with-park-hopper-plus","theme-parks","4","Park Hopper Plus","STD_GST","Tier 27","2026-04-24","2026-04-24","657.25","639.39"
"theme-parks-with-park-hopper-plus","theme-parks","4","Park Hopper Plus","STD_GST","Tier 28","2026-04-25","2026-04-25","654.18","636.32"
"theme-parks-with-park-hopper-plus","theme-parks","4","Park Hopper Plus","STD_GST","Tier 29","2026-04-26","2026-04-26","653.68","635.82"
"theme-parks-with-park-hopper-plus","theme-parks","4","Park Hopper Plus","STD_GST","Tier 30","2026-04-27","2026-04-27","648.07","630.21"
"theme-parks-with-park-hopper-plus","theme-parks","4","Park Hopper Plus","STD_GST","Tier 31","2026-04-28","2026-04-28","652.14","634.28"
"theme-parks-with-park-hopper-plus","theme-parks","4","Park Hopper Plus","STD_GST","Tier 32","2026-04-29","2026-04-29","649.28","631.54"
"theme-parks-with-park-hopper-plus","theme-parks","4","Park Hopper Plus","STD_GST","Tier 33","2026-04-30","2026-04-30","651.14","633.28"
"theme-parks-with-park-hopper-plus","theme-parks","4","Park Hopper Plus","STD_GST","Tier 34","2026-05-01","2026-05-01","644.21","626.47"
"theme-parks-with-park-hopper-plus","theme-parks","4","Park Hopper Plus","STD_GST","Tier 35","2026-05-02","2026-05-02","651.14","633.28"
"theme-parks-with-park-hopper-plus","theme-parks","4","Park Hopper Plus","STD_GST","Tier 36","2026-05-03","2026-05-03","646.76","629.02"
"theme-parks-with-park-hopper-plus","theme-parks","4","Park Hopper Plus","STD_GST","Tier 37","2026-05-04","2026-05-04","656.21","638.35"
"theme-parks-with-park-hopper-plus","theme-parks","4","Park Hopper Plus","STD_GST","Tier 38","2026-05-05","2026-05-05","652.14","634.28"
"theme-parks-with-park-hopper-plus","theme-parks","4","Park Hopper Plus","STD_GST","Tier 39","2026-05-06","2026-05-06","650.6","632.74"
"theme-parks-with-park-hopper-plus","theme-parks","4","Park Hopper Plus","STD_GST","Tier 40","2026-05-07","2026-05-07","655.71","637.85"
"theme-parks-with-park-hopper-plus","theme-parks","4","Park Hopper Plus","STD_GST","Tier 41","2026-05-08","2026-05-08","658.28","640.42"
"theme-parks-with-park-hopper-plus","theme-parks","4","Park Hopper Plus","STD_GST","Tier 42","2026-05-09","2026-05-09","657.25","639.39"
"theme-parks-with-park-hopper-plus","theme-parks","4","Park Hopper Plus","STD_GST","Tier 43","2026-05-10","2026-05-10","656.21","638.35"
"theme-parks-with-park-hopper-plus","theme-parks","4","Park Hopper Plus","STD_GST","Tier 44","2026-05-11","2026-05-11","652.64","634.78"
"theme-parks-with-park-hopper-plus","theme-parks","4","Park Hopper Plus","STD_GST","Tier 45","2026-05-12","2026-05-15","647.57","629.71"
"theme-parks-with-park-hopper-plus","theme-parks","4","Park Hopper Plus","STD_GST","Tier 46","2026-05-16","2026-05-16","649.07","631.21"
"theme-parks-with-park-hopper-plus","theme-parks","4","Park Hopper Plus","STD_GST","Tier 47","2026-05-17","2026-05-17","650.6","632.74"
"theme-parks-with-park-hopper-plus","theme-parks","4","Park Hopper Plus","STD_GST","Tier 48","2026-05-18","2026-05-18","654.71","636.85"
"theme-parks-with-park-hopper-plus","theme-parks","4","Park Hopper Plus","STD_GST","Tier 49","2026-05-19","2026-05-19","662.86","645"
"theme-parks-with-park-hopper-plus","theme-parks","4","Park Hopper Plus","STD_GST","Tier 50","2026-05-20","2026-05-20","667.96","650.1"
"theme-parks-with-park-hopper-plus","theme-parks","4","Park Hopper Plus","STD_GST","Tier 51","2026-05-21","2026-05-21","673.07","655.21"
"theme-parks-with-park-hopper-plus","theme-parks","4","Park Hopper Plus","STD_GST","Tier 52","2026-05-22","2026-05-22","678.18","660.32"
"theme-parks-with-park-hopper-plus","theme-parks","4","Park Hopper Plus","STD_GST","Tier 53","2026-05-23","2026-05-23","676.14","658.28"
"theme-parks-with-park-hopper-plus","theme-parks","4","Park Hopper Plus","STD_GST","Tier 54","2026-05-24","2026-05-24","672.04","654.18"
"theme-parks-with-park-hopper-plus","theme-parks","4","Park Hopper Plus","STD_GST","Tier 55","2026-05-25","2026-05-25","665.43","647.57"
"theme-parks-with-park-hopper-plus","theme-parks","4","Park Hopper Plus","STD_GST","Tier 56","2026-05-26","2026-05-26","662.36","644.5"
"theme-parks-with-park-hopper-plus","theme-parks","4","Park Hopper Plus","STD_GST","Tier 57","2026-05-27","2026-05-27","659.78","641.92"
"theme-parks-with-park-hopper-plus","theme-parks","4","Park Hopper Plus","STD_GST","Tier 58","2026-05-28","2026-05-28","654.71","636.85"
"theme-parks-with-park-hopper-plus","theme-parks","4","Park Hopper Plus","STD_GST","Tier 59","2026-05-29","2026-05-29","649.6","631.74"
"theme-parks-with-park-hopper-plus","theme-parks","4","Park Hopper Plus","STD_GST","Tier 60","2026-05-30","2026-05-30","642.68","624.94"
"theme-parks-with-park-hopper-plus","theme-parks","4","Park Hopper Plus","STD_GST","Tier 61","2026-05-31","2026-05-31","642.19","624.45"
"theme-parks-with-park-hopper-plus","theme-parks","4","Park Hopper Plus","STD_GST","Tier 62","2026-06-01","2026-06-01","644.21","626.47"
"theme-parks-with-park-hopper-plus","theme-parks","4","Park Hopper Plus","STD_GST","Tier 63","2026-06-02","2026-06-02","641.69","623.95"
"theme-parks-with-park-hopper-plus","theme-parks","4","Park Hopper Plus","STD_GST","Tier 64","2026-06-03","2026-06-04","639.14","621.4"
"theme-parks-with-park-hopper-plus","theme-parks","4","Park Hopper Plus","STD_GST","Tier 65","2026-06-05","2026-06-05","643.46","625.6"
"theme-parks-with-park-hopper-plus","theme-parks","4","Park Hopper Plus","STD_GST","Tier 66","2026-06-06","2026-06-06","639.14","621.4"
"theme-parks-with-park-hopper-plus","theme-parks","4","Park Hopper Plus","STD_GST","Tier 67","2026-06-07","2026-06-07","646.03","628.17"
"theme-parks-with-park-hopper-plus","theme-parks","4","Park Hopper Plus","STD_GST","Tier 68","2026-06-08","2026-06-15","641.69","623.95"
"theme-parks-with-park-hopper-plus","theme-parks","4","Park Hopper Plus","STD_GST","Tier 69","2026-06-16","2026-06-18","644.21","626.47"
"theme-parks-with-park-hopper-plus","theme-parks","4","Park Hopper Plus","STD_GST","Tier 70","2026-06-19","2026-06-19","649.28","631.54"
"theme-parks-with-park-hopper-plus","theme-parks","4","Park Hopper Plus","STD_GST","Tier 71","2026-06-20","2026-06-20","652.34","634.6"
"theme-parks-with-park-hopper-plus","theme-parks","4","Park Hopper Plus","STD_GST","Tier 72","2026-06-21","2026-06-21","652.83","635.09"
"theme-parks-with-park-hopper-plus","theme-parks","4","Park Hopper Plus","STD_GST","Tier 73","2026-06-22","2026-06-23","655.88","638.14"
"theme-parks-with-park-hopper-plus","theme-parks","4","Park Hopper Plus","STD_GST","Tier 74","2026-06-24","2026-06-25","658.9","641.16"
"theme-parks-with-park-hopper-plus","theme-parks","4","Park Hopper Plus","STD_GST","Tier 75","2026-06-26","2026-06-26","658.78","640.92"
"theme-parks-with-park-hopper-plus","theme-parks","4","Park Hopper Plus","STD_GST","Tier 76","2026-06-27","2026-06-27","658.28","640.42"
"theme-parks-with-park-hopper-plus","theme-parks","4","Park Hopper Plus","STD_GST","Tier 77","2026-06-28","2026-06-28","657.75","639.89"
"theme-parks-with-park-hopper-plus","theme-parks","4","Park Hopper Plus","STD_GST","Tier 78","2026-06-29","2026-06-29","654.71","636.85"
"theme-parks-with-park-hopper-plus","theme-parks","4","Park Hopper Plus","STD_GST","Tier 79","2026-06-30","2026-06-30","651.64","633.78"
"theme-parks-with-park-hopper-plus","theme-parks","4","Park Hopper Plus","STD_GST","Tier 80","2026-07-01","2026-07-01","645","627.14"
"theme-parks-with-park-hopper-plus","theme-parks","4","Park Hopper Plus","STD_GST","Tier 81","2026-07-02","2026-07-02","641.42","623.56"
"theme-parks-with-park-hopper-plus","theme-parks","4","Park Hopper Plus","STD_GST","Tier 82","2026-07-03","2026-07-03","637.35","619.49"
"theme-parks-with-park-hopper-plus","theme-parks","4","Park Hopper Plus","STD_GST","Tier 83","2026-07-04","2026-07-04","631.21","613.35"
"theme-parks-with-park-hopper-plus","theme-parks","4","Park Hopper Plus","STD_GST","Tier 84","2026-07-05","2026-07-05","625.1","607.24"
"theme-parks-with-park-hopper-plus","theme-parks","4","Park Hopper Plus","STD_GST","Tier 85","2026-07-06","2026-07-06","618.99","601.13"
"theme-parks-with-park-hopper-plus","theme-parks","5","Park Hopper Plus","STD_GST","Tier 1","2026-03-08","2026-03-08","762.95","742.93"
"theme-parks-with-park-hopper-plus","theme-parks","5","Park Hopper Plus","STD_GST","Tier 2","2026-03-09","2026-03-09","760.47","740.44"
"theme-parks-with-park-hopper-plus","theme-parks","5","Park Hopper Plus","STD_GST","Tier 3","2026-03-10","2026-03-10","759.47","739.44"
"theme-parks-with-park-hopper-plus","theme-parks","5","Park Hopper Plus","STD_GST","Tier 4","2026-03-11","2026-03-11","756.46","736.44"
"theme-parks-with-park-hopper-plus","theme-parks","5","Park Hopper Plus","STD_GST","Tier 5","2026-03-12","2026-03-12","753.46","733.44"
"theme-parks-with-park-hopper-plus","theme-parks","5","Park Hopper Plus","STD_GST","Tier 6","2026-03-13","2026-03-13","752.94","732.91"
"theme-parks-with-park-hopper-plus","theme-parks","5","Park Hopper Plus","STD_GST","Tier 7","2026-03-14","2026-03-14","751.46","731.43"
"theme-parks-with-park-hopper-plus","theme-parks","5","Park Hopper Plus","STD_GST","Tier 8","2026-03-15","2026-03-15","749.94","729.91"
"theme-parks-with-park-hopper-plus","theme-parks","5","Park Hopper Plus","STD_GST","Tier 9","2026-03-16","2026-03-16","748.45","728.43"
"theme-parks-with-park-hopper-plus","theme-parks","5","Park Hopper Plus","STD_GST","Tier 10","2026-03-17","2026-03-17","746.93","726.91"
"theme-parks-with-park-hopper-plus","theme-parks","5","Park Hopper Plus","STD_GST","Tier 11","2026-03-18","2026-03-18","745.45","725.43"
"theme-parks-with-park-hopper-plus","theme-parks","5","Park Hopper Plus","STD_GST","Tier 12","2026-03-19","2026-03-19","745.93","725.91"
"theme-parks-with-park-hopper-plus","theme-parks","5","Park Hopper Plus","STD_GST","Tier 13","2026-03-20","2026-03-20","747.45","727.43"
"theme-parks-with-park-hopper-plus","theme-parks","5","Park Hopper Plus","STD_GST","Tier 14","2026-03-21","2026-03-21","749.46","729.43"
"theme-parks-with-park-hopper-plus","theme-parks","5","Park Hopper Plus","STD_GST","Tier 15","2026-03-22","2026-03-24","750.94","730.91"
"theme-parks-with-park-hopper-plus","theme-parks","5","Park Hopper Plus","STD_GST","Tier 16","2026-03-25","2026-03-25","753.46","733.44"
"theme-parks-with-park-hopper-plus","theme-parks","5","Park Hopper Plus","STD_GST","Tier 17","2026-03-26","2026-03-26","755.94","735.92"
"theme-parks-with-park-hopper-plus","theme-parks","5","Park Hopper Plus","STD_GST","Tier 18","2026-03-27","2026-03-27","759.95","739.92"
"theme-parks-with-park-hopper-plus","theme-parks","5","Park Hopper Plus","STD_GST","Tier 19","2026-03-28","2026-03-29","762.95","742.93"
"theme-parks-with-park-hopper-plus","theme-parks","5","Park Hopper Plus","STD_GST","Tier 20","2026-03-30","2026-04-02","761.47","741.45"
"theme-parks-with-park-hopper-plus","theme-parks","5","Park Hopper Plus","STD_GST","Tier 21","2026-04-03","2026-04-05","762.95","742.93"
"theme-parks-with-park-hopper-plus","theme-parks","5","Park Hopper Plus","STD_GST","Tier 22","2026-04-06","2026-04-06","761.47","741.45"
"theme-parks-with-park-hopper-plus","theme-parks","5","Park Hopper Plus","STD_GST","Tier 23","2026-04-07","2026-04-07","758.95","738.92"
"theme-parks-with-park-hopper-plus","theme-parks","5","Park Hopper Plus","STD_GST","Tier 24","2026-04-08","2026-04-08","756.46","736.44"
"theme-parks-with-park-hopper-plus","theme-parks","5","Park Hopper Plus","STD_GST","Tier 25","2026-04-09","2026-04-09","753.94","733.92"
"theme-parks-with-park-hopper-plus","theme-parks","5","Park Hopper Plus","STD_GST","Tier 26","2026-04-10","2026-04-12","755.46","735.44"
"theme-parks-with-park-hopper-plus","theme-parks","5","Park Hopper Plus","STD_GST","Tier 27","2026-04-13","2026-04-16","753.94","733.92"
"theme-parks-with-park-hopper-plus","theme-parks","5","Park Hopper Plus","STD_GST","Tier 28","2026-04-17","2026-04-19","757.95","737.92"
"theme-parks-with-park-hopper-plus","theme-parks","5","Park Hopper Plus","STD_GST","Tier 29","2026-04-20","2026-04-20","753.46","733.44"
"theme-parks-with-park-hopper-plus","theme-parks","5","Park Hopper Plus","STD_GST","Tier 30","2026-04-21","2026-04-21","747.93","727.91"
"theme-parks-with-park-hopper-plus","theme-parks","5","Park Hopper Plus","STD_GST","Tier 31","2026-04-22","2026-04-22","739.92","719.9"
"theme-parks-with-park-hopper-plus","theme-parks","5","Park Hopper Plus","STD_GST","Tier 32","2026-04-23","2026-04-23","736.92","716.89"
"theme-parks-with-park-hopper-plus","theme-parks","5","Park Hopper Plus","STD_GST","Tier 33","2026-04-24","2026-04-24","737.92","717.9"
"theme-parks-with-park-hopper-plus","theme-parks","5","Park Hopper Plus","STD_GST","Tier 34","2026-04-25","2026-04-25","737.44","717.42"
"theme-parks-with-park-hopper-plus","theme-parks","5","Park Hopper Plus","STD_GST","Tier 35","2026-04-26","2026-04-26","731.91","711.89"
"theme-parks-with-park-hopper-plus","theme-parks","5","Park Hopper Plus","STD_GST","Tier 36","2026-04-27","2026-04-27","731.43","711.41"
"theme-parks-with-park-hopper-plus","theme-parks","5","Park Hopper Plus","STD_GST","Tier 37","2026-04-28","2026-04-28","714.93","695.33"
"theme-parks-with-park-hopper-plus","theme-parks","5","Park Hopper Plus","STD_GST","Tier 38","2026-04-29","2026-04-30","710.03","690.43"
"theme-parks-with-park-hopper-plus","theme-parks","5","Park Hopper Plus","STD_GST","Tier 39","2026-05-01","2026-05-01","716.38","696.78"
"theme-parks-with-park-hopper-plus","theme-parks","5","Park Hopper Plus","STD_GST","Tier 40","2026-05-02","2026-05-03","718.85","699.25"
"theme-parks-with-park-hopper-plus","theme-parks","5","Park Hopper Plus","STD_GST","Tier 41","2026-05-04","2026-05-04","735.44","715.41"
"theme-parks-with-park-hopper-plus","theme-parks","5","Park Hopper Plus","STD_GST","Tier 42","2026-05-05","2026-05-05","728.91","708.88"
"theme-parks-with-park-hopper-plus","theme-parks","5","Park Hopper Plus","STD_GST","Tier 43","2026-05-06","2026-05-06","727.43","707.4"
"theme-parks-with-park-hopper-plus","theme-parks","5","Park Hopper Plus","STD_GST","Tier 44","2026-05-07","2026-05-07","732.43","712.41"
"theme-parks-with-park-hopper-plus","theme-parks","5","Park Hopper Plus","STD_GST","Tier 45","2026-05-08","2026-05-08","740.44","720.42"
"theme-parks-with-park-hopper-plus","theme-parks","5","Park Hopper Plus","STD_GST","Tier 46","2026-05-09","2026-05-09","739.44","719.42"
"theme-parks-with-park-hopper-plus","theme-parks","5","Park Hopper Plus","STD_GST","Tier 47","2026-05-10","2026-05-10","735.92","715.89"
"theme-parks-with-park-hopper-plus","theme-parks","5","Park Hopper Plus","STD_GST","Tier 48","2026-05-11","2026-05-11","726.91","706.88"
"theme-parks-with-park-hopper-plus","theme-parks","5","Park Hopper Plus","STD_GST","Tier 49","2026-05-12","2026-05-14","724.42","704.4"
"theme-parks-with-park-hopper-plus","theme-parks","5","Park Hopper Plus","STD_GST","Tier 50","2026-05-15","2026-05-15","731.43","711.41"
"theme-parks-with-park-hopper-plus","theme-parks","5","Park Hopper Plus","STD_GST","Tier 51","2026-05-16","2026-05-16","732.91","712.89"
"theme-parks-with-park-hopper-plus","theme-parks","5","Park Hopper Plus","STD_GST","Tier 52","2026-05-17","2026-05-17","734.44","714.41"
"theme-parks-with-park-hopper-plus","theme-parks","5","Park Hopper Plus","STD_GST","Tier 53","2026-05-18","2026-05-18","736.92","716.89"
"theme-parks-with-park-hopper-plus","theme-parks","5","Park Hopper Plus","STD_GST","Tier 54","2026-05-19","2026-05-19","744.45","724.42"
"theme-parks-with-park-hopper-plus","theme-parks","5","Park Hopper Plus","STD_GST","Tier 55","2026-05-20","2026-05-20","749.46","729.43"
"theme-parks-with-park-hopper-plus","theme-parks","5","Park Hopper Plus","STD_GST","Tier 56","2026-05-21","2026-05-21","754.46","734.44"
"theme-parks-with-park-hopper-plus","theme-parks","5","Park Hopper Plus","STD_GST","Tier 57","2026-05-22","2026-05-22","759.47","739.44"
"theme-parks-with-park-hopper-plus","theme-parks","5","Park Hopper Plus","STD_GST","Tier 58","2026-05-23","2026-05-23","755.46","735.44"
"theme-parks-with-park-hopper-plus","theme-parks","5","Park Hopper Plus","STD_GST","Tier 59","2026-05-24","2026-05-24","748.93","728.91"
"theme-parks-with-park-hopper-plus","theme-parks","5","Park Hopper Plus","STD_GST","Tier 60","2026-05-25","2026-05-25","744.45","724.42"
"theme-parks-with-park-hopper-plus","theme-parks","5","Park Hopper Plus","STD_GST","Tier 61","2026-05-26","2026-05-26","741.45","721.42"
"theme-parks-with-park-hopper-plus","theme-parks","5","Park Hopper Plus","STD_GST","Tier 62","2026-05-27","2026-05-27","736.44","716.41"
"theme-parks-with-park-hopper-plus","theme-parks","5","Park Hopper Plus","STD_GST","Tier 63","2026-05-28","2026-05-28","731.43","711.41"
"theme-parks-with-park-hopper-plus","theme-parks","5","Park Hopper Plus","STD_GST","Tier 64","2026-05-29","2026-05-29","713.44","693.84"
"theme-parks-with-park-hopper-plus","theme-parks","5","Park Hopper Plus","STD_GST","Tier 65","2026-05-30","2026-05-30","711.01","691.41"
"theme-parks-with-park-hopper-plus","theme-parks","5","Park Hopper Plus","STD_GST","Tier 66","2026-05-31","2026-05-31","710.5","690.9"
"theme-parks-with-park-hopper-plus","theme-parks","5","Park Hopper Plus","STD_GST","Tier 67","2026-06-01","2026-06-01","710.03","690.43"
"theme-parks-with-park-hopper-plus","theme-parks","5","Park Hopper Plus","STD_GST","Tier 68","2026-06-02","2026-06-02","707.56","687.96"
"theme-parks-with-park-hopper-plus","theme-parks","5","Park Hopper Plus","STD_GST","Tier 69","2026-06-03","2026-06-04","705.13","685.53"
"theme-parks-with-park-hopper-plus","theme-parks","5","Park Hopper Plus","STD_GST","Tier 70","2026-06-05","2026-06-05","707.56","687.96"
"theme-parks-with-park-hopper-plus","theme-parks","5","Park Hopper Plus","STD_GST","Tier 71","2026-06-06","2026-06-07","710.03","690.43"
"theme-parks-with-park-hopper-plus","theme-parks","5","Park Hopper Plus","STD_GST","Tier 72","2026-06-08","2026-06-11","707.56","687.96"
"theme-parks-with-park-hopper-plus","theme-parks","5","Park Hopper Plus","STD_GST","Tier 73","2026-06-12","2026-06-12","710.03","690.43"
"theme-parks-with-park-hopper-plus","theme-parks","5","Park Hopper Plus","STD_GST","Tier 74","2026-06-13","2026-06-13","712.46","692.86"
"theme-parks-with-park-hopper-plus","theme-parks","5","Park Hopper Plus","STD_GST","Tier 75","2026-06-14","2026-06-17","710.03","690.43"
"theme-parks-with-park-hopper-plus","theme-parks","5","Park Hopper Plus","STD_GST","Tier 76","2026-06-18","2026-06-18","714.93","695.33"
"theme-parks-with-park-hopper-plus","theme-parks","5","Park Hopper Plus","STD_GST","Tier 77","2026-06-19","2026-06-19","720.3","700.7"
"theme-parks-with-park-hopper-plus","theme-parks","5","Park Hopper Plus","STD_GST","Tier 78","2026-06-20","2026-06-20","723.24","703.64"
"theme-parks-with-park-hopper-plus","theme-parks","5","Park Hopper Plus","STD_GST","Tier 79","2026-06-21","2026-06-22","723.75","704.15"
"theme-parks-with-park-hopper-plus","theme-parks","5","Park Hopper Plus","STD_GST","Tier 80","2026-06-23","2026-06-24","724.22","704.62"
"theme-parks-with-park-hopper-plus","theme-parks","5","Park Hopper Plus","STD_GST","Tier 81","2026-06-25","2026-06-26","740.44","720.42"
"theme-parks-with-park-hopper-plus","theme-parks","5","Park Hopper Plus","STD_GST","Tier 82","2026-06-27","2026-06-27","739.92","719.9"
"theme-parks-with-park-hopper-plus","theme-parks","5","Park Hopper Plus","STD_GST","Tier 83","2026-06-28","2026-06-28","736.92","716.89"
"theme-parks-with-park-hopper-plus","theme-parks","5","Park Hopper Plus","STD_GST","Tier 84","2026-06-29","2026-06-29","730.91","710.89"
"theme-parks-with-park-hopper-plus","theme-parks","5","Park Hopper Plus","STD_GST","Tier 85","2026-06-30","2026-06-30","724.9","704.88"
"theme-parks-with-park-hopper-plus","theme-parks","5","Park Hopper Plus","STD_GST","Tier 86","2026-07-01","2026-07-01","718.42","698.39"
"theme-parks-with-park-hopper-plus","theme-parks","5","Park Hopper Plus","STD_GST","Tier 87","2026-07-02","2026-07-02","714.89","694.87"
"theme-parks-with-park-hopper-plus","theme-parks","5","Park Hopper Plus","STD_GST","Tier 88","2026-07-03","2026-07-03","713.41","693.39"
"theme-parks-with-park-hopper-plus","theme-parks","5","Park Hopper Plus","STD_GST","Tier 89","2026-07-04","2026-07-04","707.4","687.38"
"theme-parks-with-park-hopper-plus","theme-parks","5","Park Hopper Plus","STD_GST","Tier 90","2026-07-05","2026-07-05","684.04","664.44"
"theme-parks-with-park-hopper-plus","theme-parks","5","Park Hopper Plus","STD_GST","Tier 91","2026-07-06","2026-07-06","675.73","656.13"
"theme-parks-with-park-hopper-plus","theme-parks","6","Park Hopper Plus","STD_GST","Tier 1","2026-03-08","2026-03-08","806.45","785.24"
"theme-parks-with-park-hopper-plus","theme-parks","6","Park Hopper Plus","STD_GST","Tier 2","2026-03-09","2026-03-09","804.11","782.9"
"theme-parks-with-park-hopper-plus","theme-parks","6","Park Hopper Plus","STD_GST","Tier 3","2026-03-10","2026-03-10","801.27","780.06"
"theme-parks-with-park-hopper-plus","theme-parks","6","Park Hopper Plus","STD_GST","Tier 4","2026-03-11","2026-03-11","798.43","777.22"
"theme-parks-with-park-hopper-plus","theme-parks","6","Park Hopper Plus","STD_GST","Tier 5","2026-03-12","2026-03-13","797.96","776.75"
"theme-parks-with-park-hopper-plus","theme-parks","6","Park Hopper Plus","STD_GST","Tier 6","2026-03-14","2026-03-14","796.56","775.35"
"theme-parks-with-park-hopper-plus","theme-parks","6","Park Hopper Plus","STD_GST","Tier 7","2026-03-15","2026-03-15","795.12","773.91"
"theme-parks-with-park-hopper-plus","theme-parks","6","Park Hopper Plus","STD_GST","Tier 8","2026-03-16","2026-03-16","791.39","770.18"
"theme-parks-with-park-hopper-plus","theme-parks","6","Park Hopper Plus","STD_GST","Tier 9","2026-03-17","2026-03-17","789.95","768.74"
"theme-parks-with-park-hopper-plus","theme-parks","6","Park Hopper Plus","STD_GST","Tier 10","2026-03-18","2026-03-18","788.55","767.34"
"theme-parks-with-park-hopper-plus","theme-parks","6","Park Hopper Plus","STD_GST","Tier 11","2026-03-19","2026-03-19","789.95","768.74"
"theme-parks-with-park-hopper-plus","theme-parks","6","Park Hopper Plus","STD_GST","Tier 12","2026-03-20","2026-03-20","794.19","772.98"
"theme-parks-with-park-hopper-plus","theme-parks","6","Park Hopper Plus","STD_GST","Tier 13","2026-03-21","2026-03-24","796.1","774.89"
"theme-parks-with-park-hopper-plus","theme-parks","6","Park Hopper Plus","STD_GST","Tier 14","2026-03-25","2026-03-25","798.43","777.22"
"theme-parks-with-park-hopper-plus","theme-parks","6","Park Hopper Plus","STD_GST","Tier 15","2026-03-26","2026-03-26","802.2","780.99"
"theme-parks-with-park-hopper-plus","theme-parks","6","Park Hopper Plus","STD_GST","Tier 16","2026-03-27","2026-03-27","805.98","784.77"
"theme-parks-with-park-hopper-plus","theme-parks","6","Park Hopper Plus","STD_GST","Tier 17","2026-03-28","2026-03-28","808.82","787.61"
"theme-parks-with-park-hopper-plus","theme-parks","6","Park Hopper Plus","STD_GST","Tier 18","2026-03-29","2026-03-29","807.38","786.17"
"theme-parks-with-park-hopper-plus","theme-parks","6","Park Hopper Plus","STD_GST","Tier 19","2026-03-30","2026-04-01","805.98","784.77"
"theme-parks-with-park-hopper-plus","theme-parks","6","Park Hopper Plus","STD_GST","Tier 20","2026-04-02","2026-04-02","807.38","786.17"
"theme-parks-with-park-hopper-plus","theme-parks","6","Park Hopper Plus","STD_GST","Tier 21","2026-04-03","2026-04-04","808.82","787.61"
"theme-parks-with-park-hopper-plus","theme-parks","6","Park Hopper Plus","STD_GST","Tier 22","2026-04-05","2026-04-05","807.38","786.17"
"theme-parks-with-park-hopper-plus","theme-parks","6","Park Hopper Plus","STD_GST","Tier 23","2026-04-06","2026-04-06","803.6","782.39"
"theme-parks-with-park-hopper-plus","theme-parks","6","Park Hopper Plus","STD_GST","Tier 24","2026-04-07","2026-04-07","801.27","780.06"
"theme-parks-with-park-hopper-plus","theme-parks","6","Park Hopper Plus","STD_GST","Tier 25","2026-04-08","2026-04-08","798.9","777.69"
"theme-parks-with-park-hopper-plus","theme-parks","6","Park Hopper Plus","STD_GST","Tier 26","2026-04-09","2026-04-09","800.34","779.13"
"theme-parks-with-park-hopper-plus","theme-parks","6","Park Hopper Plus","STD_GST","Tier 27","2026-04-10","2026-04-11","801.74","780.53"
"theme-parks-with-park-hopper-plus","theme-parks","6","Park Hopper Plus","STD_GST","Tier 28","2026-04-12","2026-04-12","800.34","779.13"
"theme-parks-with-park-hopper-plus","theme-parks","6","Park Hopper Plus","STD_GST","Tier 29","2026-04-13","2026-04-13","798.9","777.69"
"theme-parks-with-park-hopper-plus","theme-parks","6","Park Hopper Plus","STD_GST","Tier 30","2026-04-14","2026-04-15","796.56","775.35"
"theme-parks-with-park-hopper-plus","theme-parks","6","Park Hopper Plus","STD_GST","Tier 31","2026-04-16","2026-04-16","800.34","779.13"
"theme-parks-with-park-hopper-plus","theme-parks","6","Park Hopper Plus","STD_GST","Tier 32","2026-04-17","2026-04-18","804.11","782.9"
"theme-parks-with-park-hopper-plus","theme-parks","6","Park Hopper Plus","STD_GST","Tier 33","2026-04-19","2026-04-19","799.87","778.66"
"theme-parks-with-park-hopper-plus","theme-parks","6","Park Hopper Plus","STD_GST","Tier 34","2026-04-20","2026-04-20","793.25","772.04"
"theme-parks-with-park-hopper-plus","theme-parks","6","Park Hopper Plus","STD_GST","Tier 35","2026-04-21","2026-04-21","785.7","764.49"
"theme-parks-with-park-hopper-plus","theme-parks","6","Park Hopper Plus","STD_GST","Tier 36","2026-04-22","2026-04-22","780.53","759.32"
"theme-parks-with-park-hopper-plus","theme-parks","6","Park Hopper Plus","STD_GST","Tier 37","2026-04-23","2026-04-23","781.46","760.25"
"theme-parks-with-park-hopper-plus","theme-parks","6","Park Hopper Plus","STD_GST","Tier 38","2026-04-24","2026-04-24","784.77","763.56"
"theme-parks-with-park-hopper-plus","theme-parks","6","Park Hopper Plus","STD_GST","Tier 39","2026-04-25","2026-04-25","779.59","758.38"
"theme-parks-with-park-hopper-plus","theme-parks","6","Park Hopper Plus","STD_GST","Tier 40","2026-04-26","2026-04-26","779.13","757.92"
"theme-parks-with-park-hopper-plus","theme-parks","6","Park Hopper Plus","STD_GST","Tier 41","2026-04-27","2026-04-27","773.91","752.7"
"theme-parks-with-park-hopper-plus","theme-parks","6","Park Hopper Plus","STD_GST","Tier 42","2026-04-28","2026-04-28","736.5","716.13"
"theme-parks-with-park-hopper-plus","theme-parks","6","Park Hopper Plus","STD_GST","Tier 43","2026-04-29","2026-04-29","734.22","713.85"
"theme-parks-with-park-hopper-plus","theme-parks","6","Park Hopper Plus","STD_GST","Tier 44","2026-04-30","2026-04-30","742.36","721.99"
"theme-parks-with-park-hopper-plus","theme-parks","6","Park Hopper Plus","STD_GST","Tier 45","2026-05-01","2026-05-01","748.27","727.9"
"theme-parks-with-park-hopper-plus","theme-parks","6","Park Hopper Plus","STD_GST","Tier 46","2026-05-02","2026-05-02","750.51","730.14"
"theme-parks-with-park-hopper-plus","theme-parks","6","Park Hopper Plus","STD_GST","Tier 47","2026-05-03","2026-05-03","746.89","726.52"
"theme-parks-with-park-hopper-plus","theme-parks","6","Park Hopper Plus","STD_GST","Tier 48","2026-05-04","2026-05-04","776.29","755.08"
"theme-parks-with-park-hopper-plus","theme-parks","6","Park Hopper Plus","STD_GST","Tier 49","2026-05-05","2026-05-05","770.18","748.97"
"theme-parks-with-park-hopper-plus","theme-parks","6","Park Hopper Plus","STD_GST","Tier 50","2026-05-06","2026-05-06","768.74","747.53"
"theme-parks-with-park-hopper-plus","theme-parks","6","Park Hopper Plus","STD_GST","Tier 51","2026-05-07","2026-05-07","778.66","757.45"
"theme-parks-with-park-hopper-plus","theme-parks","6","Park Hopper Plus","STD_GST","Tier 52","2026-05-08","2026-05-08","786.17","764.96"
"theme-parks-with-park-hopper-plus","theme-parks","6","Park Hopper Plus","STD_GST","Tier 53","2026-05-09","2026-05-09","782.9","761.69"
"theme-parks-with-park-hopper-plus","theme-parks","6","Park Hopper Plus","STD_GST","Tier 54","2026-05-10","2026-05-10","774.42","753.21"
"theme-parks-with-park-hopper-plus","theme-parks","6","Park Hopper Plus","STD_GST","Tier 55","2026-05-11","2026-05-11","768.27","747.06"
"theme-parks-with-park-hopper-plus","theme-parks","6","Park Hopper Plus","STD_GST","Tier 56","2026-05-12","2026-05-13","765.94","744.73"
"theme-parks-with-park-hopper-plus","theme-parks","6","Park Hopper Plus","STD_GST","Tier 57","2026-05-14","2026-05-14","772.51","751.3"
"theme-parks-with-park-hopper-plus","theme-parks","6","Park Hopper Plus","STD_GST","Tier 58","2026-05-15","2026-05-15","779.13","757.92"
"theme-parks-with-park-hopper-plus","theme-parks","6","Park Hopper Plus","STD_GST","Tier 59","2026-05-16","2026-05-17","780.53","759.32"
"theme-parks-with-park-hopper-plus","theme-parks","6","Park Hopper Plus","STD_GST","Tier 60","2026-05-18","2026-05-18","782.39","761.18"
"theme-parks-with-park-hopper-plus","theme-parks","6","Park Hopper Plus","STD_GST","Tier 61","2026-05-19","2026-05-19","789.48","768.27"
"theme-parks-with-park-hopper-plus","theme-parks","6","Park Hopper Plus","STD_GST","Tier 62","2026-05-20","2026-05-20","794.19","772.98"
"theme-parks-with-park-hopper-plus","theme-parks","6","Park Hopper Plus","STD_GST","Tier 63","2026-05-21","2026-05-21","798.9","777.69"
"theme-parks-with-park-hopper-plus","theme-parks","6","Park Hopper Plus","STD_GST","Tier 64","2026-05-22","2026-05-22","801.74","780.53"
"theme-parks-with-park-hopper-plus","theme-parks","6","Park Hopper Plus","STD_GST","Tier 65","2026-05-23","2026-05-23","795.63","774.42"
"theme-parks-with-park-hopper-plus","theme-parks","6","Park Hopper Plus","STD_GST","Tier 66","2026-05-24","2026-05-24","791.39","770.18"
"theme-parks-with-park-hopper-plus","theme-parks","6","Park Hopper Plus","STD_GST","Tier 67","2026-05-25","2026-05-25","787.15","765.94"
"theme-parks-with-park-hopper-plus","theme-parks","6","Park Hopper Plus","STD_GST","Tier 68","2026-05-26","2026-05-26","781.93","760.72"
"theme-parks-with-park-hopper-plus","theme-parks","6","Park Hopper Plus","STD_GST","Tier 69","2026-05-27","2026-05-27","777.22","756.01"
"theme-parks-with-park-hopper-plus","theme-parks","6","Park Hopper Plus","STD_GST","Tier 70","2026-05-28","2026-05-28","774.89","753.68"
"theme-parks-with-park-hopper-plus","theme-parks","6","Park Hopper Plus","STD_GST","Tier 71","2026-05-29","2026-05-29","741.92","721.55"
"theme-parks-with-park-hopper-plus","theme-parks","6","Park Hopper Plus","STD_GST","Tier 72","2026-05-30","2026-05-30","739.68","719.31"
"theme-parks-with-park-hopper-plus","theme-parks","6","Park Hopper Plus","STD_GST","Tier 73","2026-05-31","2026-05-31","736.95","716.58"
"theme-parks-with-park-hopper-plus","theme-parks","6","Park Hopper Plus","STD_GST","Tier 74","2026-06-01","2026-06-01","736.5","716.13"
"theme-parks-with-park-hopper-plus","theme-parks","6","Park Hopper Plus","STD_GST","Tier 75","2026-06-02","2026-06-02","734.22","713.85"
"theme-parks-with-park-hopper-plus","theme-parks","6","Park Hopper Plus","STD_GST","Tier 76","2026-06-03","2026-06-03","731.98","711.61"
"theme-parks-with-park-hopper-plus","theme-parks","6","Park Hopper Plus","STD_GST","Tier 77","2026-06-04","2026-06-04","734.22","713.85"
"theme-parks-with-park-hopper-plus","theme-parks","6","Park Hopper Plus","STD_GST","Tier 78","2026-06-05","2026-06-06","738.74","718.37"
"theme-parks-with-park-hopper-plus","theme-parks","6","Park Hopper Plus","STD_GST","Tier 79","2026-06-07","2026-06-07","736.5","716.13"
"theme-parks-with-park-hopper-plus","theme-parks","6","Park Hopper Plus","STD_GST","Tier 80","2026-06-08","2026-06-10","734.22","713.85"
"theme-parks-with-park-hopper-plus","theme-parks","6","Park Hopper Plus","STD_GST","Tier 81","2026-06-11","2026-06-11","736.5","716.13"
"theme-parks-with-park-hopper-plus","theme-parks","6","Park Hopper Plus","STD_GST","Tier 82","2026-06-12","2026-06-13","741.02","720.65"
"theme-parks-with-park-hopper-plus","theme-parks","6","Park Hopper Plus","STD_GST","Tier 83","2026-06-14","2026-06-14","738.74","718.37"
"theme-parks-with-park-hopper-plus","theme-parks","6","Park Hopper Plus","STD_GST","Tier 84","2026-06-15","2026-06-16","736.5","716.13"
"theme-parks-with-park-hopper-plus","theme-parks","6","Park Hopper Plus","STD_GST","Tier 85","2026-06-17","2026-06-17","741.02","720.65"
"theme-parks-with-park-hopper-plus","theme-parks","6","Park Hopper Plus","STD_GST","Tier 86","2026-06-18","2026-06-18","745.99","725.62"
"theme-parks-with-park-hopper-plus","theme-parks","6","Park Hopper Plus","STD_GST","Tier 87","2026-06-19","2026-06-19","750.96","730.59"
"theme-parks-with-park-hopper-plus","theme-parks","6","Park Hopper Plus","STD_GST","Tier 88","2026-06-20","2026-06-20","753.69","733.32"
"theme-parks-with-park-hopper-plus","theme-parks","6","Park Hopper Plus","STD_GST","Tier 89","2026-06-21","2026-06-21","751.41","731.04"
"theme-parks-with-park-hopper-plus","theme-parks","6","Park Hopper Plus","STD_GST","Tier 90","2026-06-22","2026-06-22","751.9","731.53"
"theme-parks-with-park-hopper-plus","theme-parks","6","Park Hopper Plus","STD_GST","Tier 91","2026-06-23","2026-06-23","749.62","729.25"
"theme-parks-with-park-hopper-plus","theme-parks","6","Park Hopper Plus","STD_GST","Tier 92","2026-06-24","2026-06-24","750.06","729.69"
"theme-parks-with-park-hopper-plus","theme-parks","6","Park Hopper Plus","STD_GST","Tier 93","2026-06-25","2026-06-26","785.7","764.49"
"theme-parks-with-park-hopper-plus","theme-parks","6","Park Hopper Plus","STD_GST","Tier 94","2026-06-27","2026-06-27","782.9","761.69"
"theme-parks-with-park-hopper-plus","theme-parks","6","Park Hopper Plus","STD_GST","Tier 95","2026-06-28","2026-06-28","777.22","756.01"
"theme-parks-with-park-hopper-plus","theme-parks","6","Park Hopper Plus","STD_GST","Tier 96","2026-06-29","2026-06-29","768.74","747.53"
"theme-parks-with-park-hopper-plus","theme-parks","6","Park Hopper Plus","STD_GST","Tier 97","2026-06-30","2026-06-30","763.09","741.88"
"theme-parks-with-park-hopper-plus","theme-parks","6","Park Hopper Plus","STD_GST","Tier 98","2026-07-01","2026-07-01","756.94","735.73"
"theme-parks-with-park-hopper-plus","theme-parks","6","Park Hopper Plus","STD_GST","Tier 99","2026-07-02","2026-07-02","756.01","734.8"
"theme-parks-with-park-hopper-plus","theme-parks","6","Park Hopper Plus","STD_GST","Tier 100","2026-07-03","2026-07-03","754.61","733.4"
"theme-parks-with-park-hopper-plus","theme-parks","6","Park Hopper Plus","STD_GST","Tier 101","2026-07-04","2026-07-04","746.59","725.38"
"theme-parks-with-park-hopper-plus","theme-parks","6","Park Hopper Plus","STD_GST","Tier 102","2026-07-05","2026-07-05","707.08","686.71"
"theme-parks-with-park-hopper-plus","theme-parks","6","Park Hopper Plus","STD_GST","Tier 103","2026-07-06","2026-07-06","701.62","681.25"
"theme-parks-with-park-hopper-plus","theme-parks","7","Park Hopper Plus","STD_GST","Tier 1","2026-03-08","2026-03-08","827.72","805.91"
"theme-parks-with-park-hopper-plus","theme-parks","7","Park Hopper Plus","STD_GST","Tier 2","2026-03-09","2026-03-09","823.79","801.99"
"theme-parks-with-park-hopper-plus","theme-parks","7","Park Hopper Plus","STD_GST","Tier 3","2026-03-10","2026-03-10","821.18","799.37"
"theme-parks-with-park-hopper-plus","theme-parks","7","Park Hopper Plus","STD_GST","Tier 4","2026-03-11","2026-03-13","820.74","798.94"
"theme-parks-with-park-hopper-plus","theme-parks","7","Park Hopper Plus","STD_GST","Tier 5","2026-03-14","2026-03-14","819.43","797.63"
"theme-parks-with-park-hopper-plus","theme-parks","7","Park Hopper Plus","STD_GST","Tier 6","2026-03-15","2026-03-15","815.94","794.14"
"theme-parks-with-park-hopper-plus","theme-parks","7","Park Hopper Plus","STD_GST","Tier 7","2026-03-16","2026-03-16","812.45","790.65"
"theme-parks-with-park-hopper-plus","theme-parks","7","Park Hopper Plus","STD_GST","Tier 8","2026-03-17","2026-03-17","811.15","789.34"
"theme-parks-with-park-hopper-plus","theme-parks","7","Park Hopper Plus","STD_GST","Tier 9","2026-03-18","2026-03-18","810.71","788.9"
"theme-parks-with-park-hopper-plus","theme-parks","7","Park Hopper Plus","STD_GST","Tier 10","2026-03-19","2026-03-19","814.63","792.83"
"theme-parks-with-park-hopper-plus","theme-parks","7","Park Hopper Plus","STD_GST","Tier 11","2026-03-20","2026-03-20","818.56","796.75"
"theme-parks-with-park-hopper-plus","theme-parks","7","Park Hopper Plus","STD_GST","Tier 12","2026-03-21","2026-03-24","819","797.19"
"theme-parks-with-park-hopper-plus","theme-parks","7","Park Hopper Plus","STD_GST","Tier 13","2026-03-25","2026-03-25","822.48","800.68"
"theme-parks-with-park-hopper-plus","theme-parks","7","Park Hopper Plus","STD_GST","Tier 14","2026-03-26","2026-03-26","825.97","804.17"
"theme-parks-with-park-hopper-plus","theme-parks","7","Park Hopper Plus","STD_GST","Tier 15","2026-03-27","2026-03-27","829.46","807.66"
"theme-parks-with-park-hopper-plus","theme-parks","7","Park Hopper Plus","STD_GST","Tier 16","2026-03-28","2026-03-28","830.77","808.97"
"theme-parks-with-park-hopper-plus","theme-parks","7","Park Hopper Plus","STD_GST","Tier 17","2026-03-29","2026-03-29","829.46","807.66"
"theme-parks-with-park-hopper-plus","theme-parks","7","Park Hopper Plus","STD_GST","Tier 18","2026-03-30","2026-03-31","828.15","806.35"
"theme-parks-with-park-hopper-plus","theme-parks","7","Park Hopper Plus","STD_GST","Tier 19","2026-04-01","2026-04-01","829.46","807.66"
"theme-parks-with-park-hopper-plus","theme-parks","7","Park Hopper Plus","STD_GST","Tier 20","2026-04-02","2026-04-02","830.77","808.97"
"theme-parks-with-park-hopper-plus","theme-parks","7","Park Hopper Plus","STD_GST","Tier 21","2026-04-03","2026-04-03","832.08","810.27"
"theme-parks-with-park-hopper-plus","theme-parks","7","Park Hopper Plus","STD_GST","Tier 22","2026-04-04","2026-04-04","830.77","808.97"
"theme-parks-with-park-hopper-plus","theme-parks","7","Park Hopper Plus","STD_GST","Tier 23","2026-04-05","2026-04-05","827.28","805.48"
"theme-parks-with-park-hopper-plus","theme-parks","7","Park Hopper Plus","STD_GST","Tier 24","2026-04-06","2026-04-06","823.79","801.99"
"theme-parks-with-park-hopper-plus","theme-parks","7","Park Hopper Plus","STD_GST","Tier 25","2026-04-07","2026-04-07","821.61","799.81"
"theme-parks-with-park-hopper-plus","theme-parks","7","Park Hopper Plus","STD_GST","Tier 26","2026-04-08","2026-04-08","822.92","801.12"
"theme-parks-with-park-hopper-plus","theme-parks","7","Park Hopper Plus","STD_GST","Tier 27","2026-04-09","2026-04-09","824.23","802.42"
"theme-parks-with-park-hopper-plus","theme-parks","7","Park Hopper Plus","STD_GST","Tier 28","2026-04-10","2026-04-10","825.54","803.73"
"theme-parks-with-park-hopper-plus","theme-parks","7","Park Hopper Plus","STD_GST","Tier 29","2026-04-11","2026-04-11","824.23","802.42"
"theme-parks-with-park-hopper-plus","theme-parks","7","Park Hopper Plus","STD_GST","Tier 30","2026-04-12","2026-04-12","822.92","801.12"
"theme-parks-with-park-hopper-plus","theme-parks","7","Park Hopper Plus","STD_GST","Tier 31","2026-04-13","2026-04-13","819.43","797.63"
"theme-parks-with-park-hopper-plus","theme-parks","7","Park Hopper Plus","STD_GST","Tier 32","2026-04-14","2026-04-14","817.25","795.45"
"theme-parks-with-park-hopper-plus","theme-parks","7","Park Hopper Plus","STD_GST","Tier 33","2026-04-15","2026-04-15","820.74","798.94"
"theme-parks-with-park-hopper-plus","theme-parks","7","Park Hopper Plus","STD_GST","Tier 34","2026-04-16","2026-04-16","824.23","802.42"
"theme-parks-with-park-hopper-plus","theme-parks","7","Park Hopper Plus","STD_GST","Tier 35","2026-04-17","2026-04-17","827.72","805.91"
"theme-parks-with-park-hopper-plus","theme-parks","7","Park Hopper Plus","STD_GST","Tier 36","2026-04-18","2026-04-18","823.79","801.99"
"theme-parks-with-park-hopper-plus","theme-parks","7","Park Hopper Plus","STD_GST","Tier 37","2026-04-19","2026-04-19","817.69","795.88"
"theme-parks-with-park-hopper-plus","theme-parks","7","Park Hopper Plus","STD_GST","Tier 38","2026-04-20","2026-04-20","809.4","787.6"
"theme-parks-with-park-hopper-plus","theme-parks","7","Park Hopper Plus","STD_GST","Tier 39","2026-04-21","2026-04-21","804.6","782.8"
"theme-parks-with-park-hopper-plus","theme-parks","7","Park Hopper Plus","STD_GST","Tier 40","2026-04-22","2026-04-22","803.3","781.49"
"theme-parks-with-park-hopper-plus","theme-parks","7","Park Hopper Plus","STD_GST","Tier 41","2026-04-23","2026-04-23","806.35","784.54"
"theme-parks-with-park-hopper-plus","theme-parks","7","Park Hopper Plus","STD_GST","Tier 42","2026-04-24","2026-04-24","805.04","783.24"
"theme-parks-with-park-hopper-plus","theme-parks","7","Park Hopper Plus","STD_GST","Tier 43","2026-04-25","2026-04-25","804.6","782.8"
"theme-parks-with-park-hopper-plus","theme-parks","7","Park Hopper Plus","STD_GST","Tier 44","2026-04-26","2026-04-26","799.81","778"
"theme-parks-with-park-hopper-plus","theme-parks","7","Park Hopper Plus","STD_GST","Tier 45","2026-04-27","2026-04-27","789.34","767.54"
"theme-parks-with-park-hopper-plus","theme-parks","7","Park Hopper Plus","STD_GST","Tier 46","2026-04-28","2026-04-28","757.26","736.22"
"theme-parks-with-park-hopper-plus","theme-parks","7","Park Hopper Plus","STD_GST","Tier 47","2026-04-29","2026-04-29","762.73","741.69"
"theme-parks-with-park-hopper-plus","theme-parks","7","Park Hopper Plus","STD_GST","Tier 48","2026-04-30","2026-04-30","770.3","749.27"
"theme-parks-with-park-hopper-plus","theme-parks","7","Park Hopper Plus","STD_GST","Tier 49","2026-05-01","2026-05-01","775.77","754.74"
"theme-parks-with-park-hopper-plus","theme-parks","7","Park Hopper Plus","STD_GST","Tier 50","2026-05-02","2026-05-02","774.51","753.47"
"theme-parks-with-park-hopper-plus","theme-parks","7","Park Hopper Plus","STD_GST","Tier 51","2026-05-03","2026-05-03","769.04","748"
"theme-parks-with-park-hopper-plus","theme-parks","7","Park Hopper Plus","STD_GST","Tier 52","2026-05-04","2026-05-04","795.88","774.08"
"theme-parks-with-park-hopper-plus","theme-parks","7","Park Hopper Plus","STD_GST","Tier 53","2026-05-05","2026-05-05","790.21","768.41"
"theme-parks-with-park-hopper-plus","theme-parks","7","Park Hopper Plus","STD_GST","Tier 54","2026-05-06","2026-05-06","793.7","771.9"
"theme-parks-with-park-hopper-plus","theme-parks","7","Park Hopper Plus","STD_GST","Tier 55","2026-05-07","2026-05-07","802.86","781.06"
"theme-parks-with-park-hopper-plus","theme-parks","7","Park Hopper Plus","STD_GST","Tier 56","2026-05-08","2026-05-08","807.66","785.85"
"theme-parks-with-park-hopper-plus","theme-parks","7","Park Hopper Plus","STD_GST","Tier 57","2026-05-09","2026-05-09","799.81","778"
"theme-parks-with-park-hopper-plus","theme-parks","7","Park Hopper Plus","STD_GST","Tier 58","2026-05-10","2026-05-10","794.14","772.33"
"theme-parks-with-park-hopper-plus","theme-parks","7","Park Hopper Plus","STD_GST","Tier 59","2026-05-11","2026-05-11","788.47","766.66"
"theme-parks-with-park-hopper-plus","theme-parks","7","Park Hopper Plus","STD_GST","Tier 60","2026-05-12","2026-05-12","786.29","764.48"
"theme-parks-with-park-hopper-plus","theme-parks","7","Park Hopper Plus","STD_GST","Tier 61","2026-05-13","2026-05-13","792.39","770.59"
"theme-parks-with-park-hopper-plus","theme-parks","7","Park Hopper Plus","STD_GST","Tier 62","2026-05-14","2026-05-14","798.5","776.69"
"theme-parks-with-park-hopper-plus","theme-parks","7","Park Hopper Plus","STD_GST","Tier 63","2026-05-15","2026-05-16","804.6","782.8"
"theme-parks-with-park-hopper-plus","theme-parks","7","Park Hopper Plus","STD_GST","Tier 64","2026-05-17","2026-05-17","804.17","782.36"
"theme-parks-with-park-hopper-plus","theme-parks","7","Park Hopper Plus","STD_GST","Tier 65","2026-05-18","2026-05-18","805.91","784.11"
"theme-parks-with-park-hopper-plus","theme-parks","7","Park Hopper Plus","STD_GST","Tier 66","2026-05-19","2026-05-19","812.45","790.65"
"theme-parks-with-park-hopper-plus","theme-parks","7","Park Hopper Plus","STD_GST","Tier 67","2026-05-20","2026-05-20","816.82","795.01"
"theme-parks-with-park-hopper-plus","theme-parks","7","Park Hopper Plus","STD_GST","Tier 68","2026-05-21","2026-05-21","819.43","797.63"
"theme-parks-with-park-hopper-plus","theme-parks","7","Park Hopper Plus","STD_GST","Tier 69","2026-05-22","2026-05-22","819.87","798.06"
"theme-parks-with-park-hopper-plus","theme-parks","7","Park Hopper Plus","STD_GST","Tier 70","2026-05-23","2026-05-23","815.94","794.14"
"theme-parks-with-park-hopper-plus","theme-parks","7","Park Hopper Plus","STD_GST","Tier 71","2026-05-24","2026-05-24","812.02","790.21"
"theme-parks-with-park-hopper-plus","theme-parks","7","Park Hopper Plus","STD_GST","Tier 72","2026-05-25","2026-05-25","805.91","784.11"
"theme-parks-with-park-hopper-plus","theme-parks","7","Park Hopper Plus","STD_GST","Tier 73","2026-05-26","2026-05-26","801.12","779.31"
"theme-parks-with-park-hopper-plus","theme-parks","7","Park Hopper Plus","STD_GST","Tier 74","2026-05-27","2026-05-27","798.94","777.13"
"theme-parks-with-park-hopper-plus","theme-parks","7","Park Hopper Plus","STD_GST","Tier 75","2026-05-28","2026-05-28","796.75","774.95"
"theme-parks-with-park-hopper-plus","theme-parks","7","Park Hopper Plus","STD_GST","Tier 76","2026-05-29","2026-05-29","766.52","745.48"
"theme-parks-with-park-hopper-plus","theme-parks","7","Park Hopper Plus","STD_GST","Tier 77","2026-05-30","2026-05-30","762.31","741.27"
"theme-parks-with-park-hopper-plus","theme-parks","7","Park Hopper Plus","STD_GST","Tier 78","2026-05-31","2026-05-31","759.78","738.75"
"theme-parks-with-park-hopper-plus","theme-parks","7","Park Hopper Plus","STD_GST","Tier 79","2026-06-01","2026-06-01","759.36","738.33"
"theme-parks-with-park-hopper-plus","theme-parks","7","Park Hopper Plus","STD_GST","Tier 80","2026-06-02","2026-06-03","757.26","736.22"
"theme-parks-with-park-hopper-plus","theme-parks","7","Park Hopper Plus","STD_GST","Tier 81","2026-06-04","2026-06-04","761.47","740.43"
"theme-parks-with-park-hopper-plus","theme-parks","7","Park Hopper Plus","STD_GST","Tier 82","2026-06-05","2026-06-05","763.57","742.54"
"theme-parks-with-park-hopper-plus","theme-parks","7","Park Hopper Plus","STD_GST","Tier 83","2026-06-06","2026-06-06","761.47","740.43"
"theme-parks-with-park-hopper-plus","theme-parks","7","Park Hopper Plus","STD_GST","Tier 84","2026-06-07","2026-06-07","759.36","738.33"
"theme-parks-with-park-hopper-plus","theme-parks","7","Park Hopper Plus","STD_GST","Tier 85","2026-06-08","2026-06-09","757.26","736.22"
"theme-parks-with-park-hopper-plus","theme-parks","7","Park Hopper Plus","STD_GST","Tier 86","2026-06-10","2026-06-10","759.36","738.33"
"theme-parks-with-park-hopper-plus","theme-parks","7","Park Hopper Plus","STD_GST","Tier 87","2026-06-11","2026-06-11","763.57","742.54"
"theme-parks-with-park-hopper-plus","theme-parks","7","Park Hopper Plus","STD_GST","Tier 88","2026-06-12","2026-06-13","765.67","744.64"
"theme-parks-with-park-hopper-plus","theme-parks","7","Park Hopper Plus","STD_GST","Tier 89","2026-06-14","2026-06-14","761.47","740.43"
"theme-parks-with-park-hopper-plus","theme-parks","7","Park Hopper Plus","STD_GST","Tier 90","2026-06-15","2026-06-15","759.36","738.33"
"theme-parks-with-park-hopper-plus","theme-parks","7","Park Hopper Plus","STD_GST","Tier 91","2026-06-16","2026-06-16","763.57","742.54"
"theme-parks-with-park-hopper-plus","theme-parks","7","Park Hopper Plus","STD_GST","Tier 92","2026-06-17","2026-06-17","768.2","747.16"
"theme-parks-with-park-hopper-plus","theme-parks","7","Park Hopper Plus","STD_GST","Tier 93","2026-06-18","2026-06-18","772.83","751.79"
"theme-parks-with-park-hopper-plus","theme-parks","7","Park Hopper Plus","STD_GST","Tier 94","2026-06-19","2026-06-20","777.45","756.42"
"theme-parks-with-park-hopper-plus","theme-parks","7","Park Hopper Plus","STD_GST","Tier 95","2026-06-21","2026-06-21","775.77","754.74"
"theme-parks-with-park-hopper-plus","theme-parks","7","Park Hopper Plus","STD_GST","Tier 96","2026-06-22","2026-06-22","773.67","752.63"
"theme-parks-with-park-hopper-plus","theme-parks","7","Park Hopper Plus","STD_GST","Tier 97","2026-06-23","2026-06-23","771.98","750.95"
"theme-parks-with-park-hopper-plus","theme-parks","7","Park Hopper Plus","STD_GST","Tier 98","2026-06-24","2026-06-24","776.19","755.16"
"theme-parks-with-park-hopper-plus","theme-parks","7","Park Hopper Plus","STD_GST","Tier 99","2026-06-25","2026-06-25","808.97","787.16"
"theme-parks-with-park-hopper-plus","theme-parks","7","Park Hopper Plus","STD_GST","Tier 100","2026-06-26","2026-06-26","806.78","784.98"
"theme-parks-with-park-hopper-plus","theme-parks","7","Park Hopper Plus","STD_GST","Tier 101","2026-06-27","2026-06-27","801.55","779.75"
"theme-parks-with-park-hopper-plus","theme-parks","7","Park Hopper Plus","STD_GST","Tier 102","2026-06-28","2026-06-28","793.7","771.9"
"theme-parks-with-park-hopper-plus","theme-parks","7","Park Hopper Plus","STD_GST","Tier 103","2026-06-29","2026-06-29","785.85","764.05"
"theme-parks-with-park-hopper-plus","theme-parks","7","Park Hopper Plus","STD_GST","Tier 104","2026-06-30","2026-06-30","780.62","758.81"
"theme-parks-with-park-hopper-plus","theme-parks","7","Park Hopper Plus","STD_GST","Tier 105","2026-07-01","2026-07-01","777.13","755.33"
"theme-parks-with-park-hopper-plus","theme-parks","7","Park Hopper Plus","STD_GST","Tier 106","2026-07-02","2026-07-02","776.26","754.45"
"theme-parks-with-park-hopper-plus","theme-parks","7","Park Hopper Plus","STD_GST","Tier 107","2026-07-03","2026-07-03","772.77","750.96"
"theme-parks-with-park-hopper-plus","theme-parks","7","Park Hopper Plus","STD_GST","Tier 108","2026-07-04","2026-07-04","763.17","741.37"
"theme-parks-with-park-hopper-plus","theme-parks","7","Park Hopper Plus","STD_GST","Tier 109","2026-07-05","2026-07-05","729.07","708.04"
"theme-parks-with-park-hopper-plus","theme-parks","7","Park Hopper Plus","STD_GST","Tier 110","2026-07-06","2026-07-06","724.02","702.99"
"theme-parks-with-park-hopper-plus","theme-parks","8","Park Hopper Plus","STD_GST","Tier 1","2026-03-08","2026-03-08","849.77","827.25"
"theme-parks-with-park-hopper-plus","theme-parks","8","Park Hopper Plus","STD_GST","Tier 2","2026-03-09","2026-03-12","848.24","825.72"
"theme-parks-with-park-hopper-plus","theme-parks","8","Park Hopper Plus","STD_GST","Tier 3","2026-03-13","2026-03-13","846.39","823.87"
"theme-parks-with-park-hopper-plus","theme-parks","8","Park Hopper Plus","STD_GST","Tier 4","2026-03-14","2026-03-14","843.37","820.85"
"theme-parks-with-park-hopper-plus","theme-parks","8","Park Hopper Plus","STD_GST","Tier 5","2026-03-15","2026-03-15","840.36","817.84"
"theme-parks-with-park-hopper-plus","theme-parks","8","Park Hopper Plus","STD_GST","Tier 6","2026-03-16","2026-03-16","838.1","815.58"
"theme-parks-with-park-hopper-plus","theme-parks","8","Park Hopper Plus","STD_GST","Tier 7","2026-03-17","2026-03-17","840","817.48"
"theme-parks-with-park-hopper-plus","theme-parks","8","Park Hopper Plus","STD_GST","Tier 8","2026-03-18","2026-03-18","841.89","819.37"
"theme-parks-with-park-hopper-plus","theme-parks","8","Park Hopper Plus","STD_GST","Tier 9","2026-03-19","2026-03-19","844.14","821.62"
"theme-parks-with-park-hopper-plus","theme-parks","8","Park Hopper Plus","STD_GST","Tier 10","2026-03-20","2026-03-20","846.39","823.87"
"theme-parks-with-park-hopper-plus","theme-parks","8","Park Hopper Plus","STD_GST","Tier 11","2026-03-21","2026-03-22","846.75","824.23"
"theme-parks-with-park-hopper-plus","theme-parks","8","Park Hopper Plus","STD_GST","Tier 12","2026-03-23","2026-03-23","847.88","825.36"
"theme-parks-with-park-hopper-plus","theme-parks","8","Park Hopper Plus","STD_GST","Tier 13","2026-03-24","2026-03-24","849","826.48"
"theme-parks-with-park-hopper-plus","theme-parks","8","Park Hopper Plus","STD_GST","Tier 14","2026-03-25","2026-03-25","852.02","829.5"
"theme-parks-with-park-hopper-plus","theme-parks","8","Park Hopper Plus","STD_GST","Tier 15","2026-03-26","2026-03-26","853.87","831.35"
"theme-parks-with-park-hopper-plus","theme-parks","8","Park Hopper Plus","STD_GST","Tier 16","2026-03-27","2026-03-27","855.76","833.24"
"theme-parks-with-park-hopper-plus","theme-parks","8","Park Hopper Plus","STD_GST","Tier 17","2026-03-28","2026-03-28","856.89","834.37"
"theme-parks-with-park-hopper-plus","theme-parks","8","Park Hopper Plus","STD_GST","Tier 18","2026-03-29","2026-03-30","855.76","833.24"
"theme-parks-with-park-hopper-plus","theme-parks","8","Park Hopper Plus","STD_GST","Tier 19","2026-03-31","2026-03-31","856.89","834.37"
"theme-parks-with-park-hopper-plus","theme-parks","8","Park Hopper Plus","STD_GST","Tier 20","2026-04-01","2026-04-02","858.01","835.49"
"theme-parks-with-park-hopper-plus","theme-parks","8","Park Hopper Plus","STD_GST","Tier 21","2026-04-03","2026-04-03","856.12","833.6"
"theme-parks-with-park-hopper-plus","theme-parks","8","Park Hopper Plus","STD_GST","Tier 22","2026-04-04","2026-04-04","853.15","830.63"
"theme-parks-with-park-hopper-plus","theme-parks","8","Park Hopper Plus","STD_GST","Tier 23","2026-04-05","2026-04-06","850.13","827.61"
"theme-parks-with-park-hopper-plus","theme-parks","8","Park Hopper Plus","STD_GST","Tier 24","2026-04-07","2026-04-07","851.26","828.74"
"theme-parks-with-park-hopper-plus","theme-parks","8","Park Hopper Plus","STD_GST","Tier 25","2026-04-08","2026-04-10","852.38","829.86"
"theme-parks-with-park-hopper-plus","theme-parks","8","Park Hopper Plus","STD_GST","Tier 26","2026-04-11","2026-04-11","849.36","826.84"
"theme-parks-with-park-hopper-plus","theme-parks","8","Park Hopper Plus","STD_GST","Tier 27","2026-04-12","2026-04-13","846.39","823.87"
"theme-parks-with-park-hopper-plus","theme-parks","8","Park Hopper Plus","STD_GST","Tier 28","2026-04-14","2026-04-14","847.52","825"
"theme-parks-with-park-hopper-plus","theme-parks","8","Park Hopper Plus","STD_GST","Tier 29","2026-04-15","2026-04-15","850.49","827.97"
"theme-parks-with-park-hopper-plus","theme-parks","8","Park Hopper Plus","STD_GST","Tier 30","2026-04-16","2026-04-16","850.13","827.61"
"theme-parks-with-park-hopper-plus","theme-parks","8","Park Hopper Plus","STD_GST","Tier 31","2026-04-17","2026-04-17","847.88","825.36"
"theme-parks-with-park-hopper-plus","theme-parks","8","Park Hopper Plus","STD_GST","Tier 32","2026-04-18","2026-04-18","840.76","818.24"
"theme-parks-with-park-hopper-plus","theme-parks","8","Park Hopper Plus","STD_GST","Tier 33","2026-04-19","2026-04-19","835.49","812.97"
"theme-parks-with-park-hopper-plus","theme-parks","8","Park Hopper Plus","STD_GST","Tier 34","2026-04-20","2026-04-20","833.24","810.72"
"theme-parks-with-park-hopper-plus","theme-parks","8","Park Hopper Plus","STD_GST","Tier 35","2026-04-21","2026-04-21","834.01","811.49"
"theme-parks-with-park-hopper-plus","theme-parks","8","Park Hopper Plus","STD_GST","Tier 36","2026-04-22","2026-04-22","830.99","808.47"
"theme-parks-with-park-hopper-plus","theme-parks","8","Park Hopper Plus","STD_GST","Tier 37","2026-04-23","2026-04-23","833.6","811.08"
"theme-parks-with-park-hopper-plus","theme-parks","8","Park Hopper Plus","STD_GST","Tier 38","2026-04-24","2026-04-24","832.47","809.95"
"theme-parks-with-park-hopper-plus","theme-parks","8","Park Hopper Plus","STD_GST","Tier 39","2026-04-25","2026-04-25","823.47","800.95"
"theme-parks-with-park-hopper-plus","theme-parks","8","Park Hopper Plus","STD_GST","Tier 40","2026-04-26","2026-04-26","816.35","793.83"
"theme-parks-with-park-hopper-plus","theme-parks","8","Park Hopper Plus","STD_GST","Tier 41","2026-04-27","2026-04-27","815.99","793.47"
"theme-parks-with-park-hopper-plus","theme-parks","8","Park Hopper Plus","STD_GST","Tier 42","2026-04-28","2026-04-28","795.69","773.81"
"theme-parks-with-park-hopper-plus","theme-parks","8","Park Hopper Plus","STD_GST","Tier 43","2026-04-29","2026-04-29","800.46","778.58"
"theme-parks-with-park-hopper-plus","theme-parks","8","Park Hopper Plus","STD_GST","Tier 44","2026-04-30","2026-05-01","804.09","782.21"
"theme-parks-with-park-hopper-plus","theme-parks","8","Park Hopper Plus","STD_GST","Tier 45","2026-05-02","2026-05-02","801.16","779.28"
"theme-parks-with-park-hopper-plus","theme-parks","8","Park Hopper Plus","STD_GST","Tier 46","2026-05-03","2026-05-03","796.43","774.55"
"theme-parks-with-park-hopper-plus","theme-parks","8","Park Hopper Plus","STD_GST","Tier 47","2026-05-04","2026-05-04","822.75","800.23"
"theme-parks-with-park-hopper-plus","theme-parks","8","Park Hopper Plus","STD_GST","Tier 48","2026-05-05","2026-05-05","821.98","799.46"
"theme-parks-with-park-hopper-plus","theme-parks","8","Park Hopper Plus","STD_GST","Tier 49","2026-05-06","2026-05-06","823.11","800.59"
"theme-parks-with-park-hopper-plus","theme-parks","8","Park Hopper Plus","STD_GST","Tier 50","2026-05-07","2026-05-07","825","802.48"
"theme-parks-with-park-hopper-plus","theme-parks","8","Park Hopper Plus","STD_GST","Tier 51","2026-05-08","2026-05-08","826.84","804.32"
"theme-parks-with-park-hopper-plus","theme-parks","8","Park Hopper Plus","STD_GST","Tier 52","2026-05-09","2026-05-09","821.98","799.46"
"theme-parks-with-park-hopper-plus","theme-parks","8","Park Hopper Plus","STD_GST","Tier 53","2026-05-10","2026-05-10","817.12","794.6"
"theme-parks-with-park-hopper-plus","theme-parks","8","Park Hopper Plus","STD_GST","Tier 54","2026-05-11","2026-05-11","817.48","794.96"
"theme-parks-with-park-hopper-plus","theme-parks","8","Park Hopper Plus","STD_GST","Tier 55","2026-05-12","2026-05-12","820.85","798.33"
"theme-parks-with-park-hopper-plus","theme-parks","8","Park Hopper Plus","STD_GST","Tier 56","2026-05-13","2026-05-13","826.12","803.6"
"theme-parks-with-park-hopper-plus","theme-parks","8","Park Hopper Plus","STD_GST","Tier 57","2026-05-14","2026-05-14","830.22","807.7"
"theme-parks-with-park-hopper-plus","theme-parks","8","Park Hopper Plus","STD_GST","Tier 58","2026-05-15","2026-05-15","834.01","811.49"
"theme-parks-with-park-hopper-plus","theme-parks","8","Park Hopper Plus","STD_GST","Tier 59","2026-05-16","2026-05-16","833.6","811.08"
"theme-parks-with-park-hopper-plus","theme-parks","8","Park Hopper Plus","STD_GST","Tier 60","2026-05-17","2026-05-17","833.24","810.72"
"theme-parks-with-park-hopper-plus","theme-parks","8","Park Hopper Plus","STD_GST","Tier 61","2026-05-18","2026-05-18","834.73","812.21"
"theme-parks-with-park-hopper-plus","theme-parks","8","Park Hopper Plus","STD_GST","Tier 62","2026-05-19","2026-05-19","838.87","816.35"
"theme-parks-with-park-hopper-plus","theme-parks","8","Park Hopper Plus","STD_GST","Tier 63","2026-05-20","2026-05-20","839.23","816.71"
"theme-parks-with-park-hopper-plus","theme-parks","8","Park Hopper Plus","STD_GST","Tier 64","2026-05-21","2026-05-21","841.12","818.6"
"theme-parks-with-park-hopper-plus","theme-parks","8","Park Hopper Plus","STD_GST","Tier 65","2026-05-22","2026-05-22","843.01","820.49"
"theme-parks-with-park-hopper-plus","theme-parks","8","Park Hopper Plus","STD_GST","Tier 66","2026-05-23","2026-05-23","837.74","815.22"
"theme-parks-with-park-hopper-plus","theme-parks","8","Park Hopper Plus","STD_GST","Tier 67","2026-05-24","2026-05-24","832.47","809.95"
"theme-parks-with-park-hopper-plus","theme-parks","8","Park Hopper Plus","STD_GST","Tier 68","2026-05-25","2026-05-25","829.1","806.58"
"theme-parks-with-park-hopper-plus","theme-parks","8","Park Hopper Plus","STD_GST","Tier 69","2026-05-26","2026-05-26","826.84","804.32"
"theme-parks-with-park-hopper-plus","theme-parks","8","Park Hopper Plus","STD_GST","Tier 70","2026-05-27","2026-05-27","825","802.48"
"theme-parks-with-park-hopper-plus","theme-parks","8","Park Hopper Plus","STD_GST","Tier 71","2026-05-28","2026-05-28","821.21","798.69"
"theme-parks-with-park-hopper-plus","theme-parks","8","Park Hopper Plus","STD_GST","Tier 72","2026-05-29","2026-05-29","794.24","772.36"
"theme-parks-with-park-hopper-plus","theme-parks","8","Park Hopper Plus","STD_GST","Tier 73","2026-05-30","2026-05-30","790.61","768.73"
"theme-parks-with-park-hopper-plus","theme-parks","8","Park Hopper Plus","STD_GST","Tier 74","2026-05-31","2026-05-31","788.42","766.54"
"theme-parks-with-park-hopper-plus","theme-parks","8","Park Hopper Plus","STD_GST","Tier 75","2026-06-01","2026-06-01","789.87","767.99"
"theme-parks-with-park-hopper-plus","theme-parks","8","Park Hopper Plus","STD_GST","Tier 76","2026-06-02","2026-06-05","791.71","769.83"
"theme-parks-with-park-hopper-plus","theme-parks","8","Park Hopper Plus","STD_GST","Tier 77","2026-06-06","2026-06-06","789.87","767.99"
"theme-parks-with-park-hopper-plus","theme-parks","8","Park Hopper Plus","STD_GST","Tier 78","2026-06-07","2026-06-08","788.03","766.15"
"theme-parks-with-park-hopper-plus","theme-parks","8","Park Hopper Plus","STD_GST","Tier 79","2026-06-09","2026-06-09","791.71","769.83"
"theme-parks-with-park-hopper-plus","theme-parks","8","Park Hopper Plus","STD_GST","Tier 80","2026-06-10","2026-06-10","793.5","771.62"
"theme-parks-with-park-hopper-plus","theme-parks","8","Park Hopper Plus","STD_GST","Tier 81","2026-06-11","2026-06-12","795.34","773.46"
"theme-parks-with-park-hopper-plus","theme-parks","8","Park Hopper Plus","STD_GST","Tier 82","2026-06-13","2026-06-14","793.5","771.62"
"theme-parks-with-park-hopper-plus","theme-parks","8","Park Hopper Plus","STD_GST","Tier 83","2026-06-15","2026-06-15","795.69","773.81"
"theme-parks-with-park-hopper-plus","theme-parks","8","Park Hopper Plus","STD_GST","Tier 84","2026-06-16","2026-06-16","799.71","777.83"
"theme-parks-with-park-hopper-plus","theme-parks","8","Park Hopper Plus","STD_GST","Tier 85","2026-06-17","2026-06-17","803.74","781.86"
"theme-parks-with-park-hopper-plus","theme-parks","8","Park Hopper Plus","STD_GST","Tier 86","2026-06-18","2026-06-18","805.53","783.65"
"theme-parks-with-park-hopper-plus","theme-parks","8","Park Hopper Plus","STD_GST","Tier 87","2026-06-19","2026-06-19","807.72","785.84"
"theme-parks-with-park-hopper-plus","theme-parks","8","Park Hopper Plus","STD_GST","Tier 88","2026-06-20","2026-06-20","805.93","784.05"
"theme-parks-with-park-hopper-plus","theme-parks","8","Park Hopper Plus","STD_GST","Tier 89","2026-06-21","2026-06-21","802.65","780.77"
"theme-parks-with-park-hopper-plus","theme-parks","8","Park Hopper Plus","STD_GST","Tier 90","2026-06-22","2026-06-22","804.44","782.56"
"theme-parks-with-park-hopper-plus","theme-parks","8","Park Hopper Plus","STD_GST","Tier 91","2026-06-23","2026-06-23","806.28","784.4"
"theme-parks-with-park-hopper-plus","theme-parks","8","Park Hopper Plus","STD_GST","Tier 92","2026-06-24","2026-06-24","808.12","786.24"
"theme-parks-with-park-hopper-plus","theme-parks","8","Park Hopper Plus","STD_GST","Tier 93","2026-06-25","2026-06-25","831.35","808.83"
"theme-parks-with-park-hopper-plus","theme-parks","8","Park Hopper Plus","STD_GST","Tier 94","2026-06-26","2026-06-26","825","802.48"
"theme-parks-with-park-hopper-plus","theme-parks","8","Park Hopper Plus","STD_GST","Tier 95","2026-06-27","2026-06-27","818.24","795.72"
"theme-parks-with-park-hopper-plus","theme-parks","8","Park Hopper Plus","STD_GST","Tier 96","2026-06-28","2026-06-28","811.49","788.97"
"theme-parks-with-park-hopper-plus","theme-parks","8","Park Hopper Plus","STD_GST","Tier 97","2026-06-29","2026-06-29","806.58","784.06"
"theme-parks-with-park-hopper-plus","theme-parks","8","Park Hopper Plus","STD_GST","Tier 98","2026-06-30","2026-06-30","803.96","781.44"
"theme-parks-with-park-hopper-plus","theme-parks","8","Park Hopper Plus","STD_GST","Tier 99","2026-07-01","2026-07-01","799.1","776.58"
"theme-parks-with-park-hopper-plus","theme-parks","8","Park Hopper Plus","STD_GST","Tier 100","2026-07-02","2026-07-02","794.6","772.08"
"theme-parks-with-park-hopper-plus","theme-parks","8","Park Hopper Plus","STD_GST","Tier 101","2026-07-03","2026-07-03","791.58","769.06"
"theme-parks-with-park-hopper-plus","theme-parks","8","Park Hopper Plus","STD_GST","Tier 102","2026-07-04","2026-07-04","785.18","762.66"
"theme-parks-with-park-hopper-plus","theme-parks","8","Park Hopper Plus","STD_GST","Tier 103","2026-07-05","2026-07-05","754.86","732.98"
"theme-parks-with-park-hopper-plus","theme-parks","8","Park Hopper Plus","STD_GST","Tier 104","2026-07-06","2026-07-06","752.32","730.44"
"theme-parks-with-park-hopper-plus","theme-parks","9","Park Hopper Plus","STD_GST","Tier 1","2026-03-08","2026-03-08","869.16","846.12"
"theme-parks-with-park-hopper-plus","theme-parks","9","Park Hopper Plus","STD_GST","Tier 2","2026-03-09","2026-03-11","868.06","845.02"
"theme-parks-with-park-hopper-plus","theme-parks","9","Park Hopper Plus","STD_GST","Tier 3","2026-03-12","2026-03-12","866.3","843.26"
"theme-parks-with-park-hopper-plus","theme-parks","9","Park Hopper Plus","STD_GST","Tier 4","2026-03-13","2026-03-13","864.55","841.51"
"theme-parks-with-park-hopper-plus","theme-parks","9","Park Hopper Plus","STD_GST","Tier 5","2026-03-14","2026-03-14","861.7","838.66"
"theme-parks-with-park-hopper-plus","theme-parks","9","Park Hopper Plus","STD_GST","Tier 6","2026-03-15","2026-03-16","859.58","836.54"
"theme-parks-with-park-hopper-plus","theme-parks","9","Park Hopper Plus","STD_GST","Tier 7","2026-03-17","2026-03-17","861.33","838.29"
"theme-parks-with-park-hopper-plus","theme-parks","9","Park Hopper Plus","STD_GST","Tier 8","2026-03-18","2026-03-18","862.06","839.02"
"theme-parks-with-park-hopper-plus","theme-parks","9","Park Hopper Plus","STD_GST","Tier 9","2026-03-19","2026-03-19","864.18","841.14"
"theme-parks-with-park-hopper-plus","theme-parks","9","Park Hopper Plus","STD_GST","Tier 10","2026-03-20","2026-03-20","866.3","843.26"
"theme-parks-with-park-hopper-plus","theme-parks","9","Park Hopper Plus","STD_GST","Tier 11","2026-03-21","2026-03-21","866.67","843.63"
"theme-parks-with-park-hopper-plus","theme-parks","9","Park Hopper Plus","STD_GST","Tier 12","2026-03-22","2026-03-22","867.73","844.69"
"theme-parks-with-park-hopper-plus","theme-parks","9","Park Hopper Plus","STD_GST","Tier 13","2026-03-23","2026-03-23","868.79","845.75"
"theme-parks-with-park-hopper-plus","theme-parks","9","Park Hopper Plus","STD_GST","Tier 14","2026-03-24","2026-03-24","869.85","846.81"
"theme-parks-with-park-hopper-plus","theme-parks","9","Park Hopper Plus","STD_GST","Tier 15","2026-03-25","2026-03-25","871.6","848.56"
"theme-parks-with-park-hopper-plus","theme-parks","9","Park Hopper Plus","STD_GST","Tier 16","2026-03-26","2026-03-26","873.4","850.36"
"theme-parks-with-park-hopper-plus","theme-parks","9","Park Hopper Plus","STD_GST","Tier 17","2026-03-27","2026-03-27","875.15","852.11"
"theme-parks-with-park-hopper-plus","theme-parks","9","Park Hopper Plus","STD_GST","Tier 18","2026-03-28","2026-03-30","876.21","853.17"
"theme-parks-with-park-hopper-plus","theme-parks","9","Park Hopper Plus","STD_GST","Tier 19","2026-03-31","2026-04-01","877.27","854.23"
"theme-parks-with-park-hopper-plus","theme-parks","9","Park Hopper Plus","STD_GST","Tier 20","2026-04-02","2026-04-02","875.52","852.48"
"theme-parks-with-park-hopper-plus","theme-parks","9","Park Hopper Plus","STD_GST","Tier 21","2026-04-03","2026-04-03","873.77","850.73"
"theme-parks-with-park-hopper-plus","theme-parks","9","Park Hopper Plus","STD_GST","Tier 22","2026-04-04","2026-04-06","870.91","847.87"
"theme-parks-with-park-hopper-plus","theme-parks","9","Park Hopper Plus","STD_GST","Tier 23","2026-04-07","2026-04-09","871.97","848.93"
"theme-parks-with-park-hopper-plus","theme-parks","9","Park Hopper Plus","STD_GST","Tier 24","2026-04-10","2026-04-10","870.22","847.18"
"theme-parks-with-park-hopper-plus","theme-parks","9","Park Hopper Plus","STD_GST","Tier 25","2026-04-11","2026-04-13","867.36","844.32"
"theme-parks-with-park-hopper-plus","theme-parks","9","Park Hopper Plus","STD_GST","Tier 26","2026-04-14","2026-04-14","868.42","845.38"
"theme-parks-with-park-hopper-plus","theme-parks","9","Park Hopper Plus","STD_GST","Tier 27","2026-04-15","2026-04-15","868.06","845.02"
"theme-parks-with-park-hopper-plus","theme-parks","9","Park Hopper Plus","STD_GST","Tier 28","2026-04-16","2026-04-16","865.94","842.9"
"theme-parks-with-park-hopper-plus","theme-parks","9","Park Hopper Plus","STD_GST","Tier 29","2026-04-17","2026-04-17","862.06","839.02"
"theme-parks-with-park-hopper-plus","theme-parks","9","Park Hopper Plus","STD_GST","Tier 30","2026-04-18","2026-04-18","857.09","834.05"
"theme-parks-with-park-hopper-plus","theme-parks","9","Park Hopper Plus","STD_GST","Tier 31","2026-04-19","2026-04-19","854.97","831.93"
"theme-parks-with-park-hopper-plus","theme-parks","9","Park Hopper Plus","STD_GST","Tier 32","2026-04-20","2026-04-20","854.6","831.56"
"theme-parks-with-park-hopper-plus","theme-parks","9","Park Hopper Plus","STD_GST","Tier 33","2026-04-21","2026-04-21","851.79","828.75"
"theme-parks-with-park-hopper-plus","theme-parks","9","Park Hopper Plus","STD_GST","Tier 34","2026-04-22","2026-04-22","852.48","829.44"
"theme-parks-with-park-hopper-plus","theme-parks","9","Park Hopper Plus","STD_GST","Tier 35","2026-04-23","2026-04-23","851.42","828.38"
"theme-parks-with-park-hopper-plus","theme-parks","9","Park Hopper Plus","STD_GST","Tier 36","2026-04-24","2026-04-24","845.75","822.71"
"theme-parks-with-park-hopper-plus","theme-parks","9","Park Hopper Plus","STD_GST","Tier 37","2026-04-25","2026-04-25","839.02","815.98"
"theme-parks-with-park-hopper-plus","theme-parks","9","Park Hopper Plus","STD_GST","Tier 38","2026-04-26","2026-04-26","838.66","815.62"
"theme-parks-with-park-hopper-plus","theme-parks","9","Park Hopper Plus","STD_GST","Tier 39","2026-04-27","2026-04-27","820.28","797.73"
"theme-parks-with-park-hopper-plus","theme-parks","9","Park Hopper Plus","STD_GST","Tier 40","2026-04-28","2026-04-28","823.07","800.53"
"theme-parks-with-park-hopper-plus","theme-parks","9","Park Hopper Plus","STD_GST","Tier 41","2026-04-29","2026-04-29","824.79","802.24"
"theme-parks-with-park-hopper-plus","theme-parks","9","Park Hopper Plus","STD_GST","Tier 42","2026-04-30","2026-05-01","826.54","804"
"theme-parks-with-park-hopper-plus","theme-parks","9","Park Hopper Plus","STD_GST","Tier 43","2026-05-02","2026-05-02","823.75","801.2"
"theme-parks-with-park-hopper-plus","theme-parks","9","Park Hopper Plus","STD_GST","Tier 44","2026-05-03","2026-05-03","823.07","800.53"
"theme-parks-with-park-hopper-plus","theme-parks","9","Park Hopper Plus","STD_GST","Tier 45","2026-05-04","2026-05-04","843.96","820.92"
"theme-parks-with-park-hopper-plus","theme-parks","9","Park Hopper Plus","STD_GST","Tier 46","2026-05-05","2026-05-05","841.51","818.47"
"theme-parks-with-park-hopper-plus","theme-parks","9","Park Hopper Plus","STD_GST","Tier 47","2026-05-06","2026-05-06","838.66","815.62"
"theme-parks-with-park-hopper-plus","theme-parks","9","Park Hopper Plus","STD_GST","Tier 48","2026-05-07","2026-05-07","842.2","819.16"
"theme-parks-with-park-hopper-plus","theme-parks","9","Park Hopper Plus","STD_GST","Tier 49","2026-05-08","2026-05-08","843.96","820.92"
"theme-parks-with-park-hopper-plus","theme-parks","9","Park Hopper Plus","STD_GST","Tier 50","2026-05-09","2026-05-09","839.35","816.31"
"theme-parks-with-park-hopper-plus","theme-parks","9","Park Hopper Plus","STD_GST","Tier 51","2026-05-10","2026-05-10","839.72","816.68"
"theme-parks-with-park-hopper-plus","theme-parks","9","Park Hopper Plus","STD_GST","Tier 52","2026-05-11","2026-05-11","840.08","817.04"
"theme-parks-with-park-hopper-plus","theme-parks","9","Park Hopper Plus","STD_GST","Tier 53","2026-05-12","2026-05-12","843.26","820.22"
"theme-parks-with-park-hopper-plus","theme-parks","9","Park Hopper Plus","STD_GST","Tier 54","2026-05-13","2026-05-13","847.18","824.14"
"theme-parks-with-park-hopper-plus","theme-parks","9","Park Hopper Plus","STD_GST","Tier 55","2026-05-14","2026-05-14","850.73","827.69"
"theme-parks-with-park-hopper-plus","theme-parks","9","Park Hopper Plus","STD_GST","Tier 56","2026-05-15","2026-05-15","854.23","831.19"
"theme-parks-with-park-hopper-plus","theme-parks","9","Park Hopper Plus","STD_GST","Tier 57","2026-05-16","2026-05-16","853.91","830.87"
"theme-parks-with-park-hopper-plus","theme-parks","9","Park Hopper Plus","STD_GST","Tier 58","2026-05-17","2026-05-18","853.54","830.5"
"theme-parks-with-park-hopper-plus","theme-parks","9","Park Hopper Plus","STD_GST","Tier 59","2026-05-19","2026-05-19","855.66","832.62"
"theme-parks-with-park-hopper-plus","theme-parks","9","Park Hopper Plus","STD_GST","Tier 60","2026-05-20","2026-05-20","857.46","834.42"
"theme-parks-with-park-hopper-plus","theme-parks","9","Park Hopper Plus","STD_GST","Tier 61","2026-05-21","2026-05-22","859.21","836.17"
"theme-parks-with-park-hopper-plus","theme-parks","9","Park Hopper Plus","STD_GST","Tier 62","2026-05-23","2026-05-23","854.23","831.19"
"theme-parks-with-park-hopper-plus","theme-parks","9","Park Hopper Plus","STD_GST","Tier 63","2026-05-24","2026-05-24","851.05","828.01"
"theme-parks-with-park-hopper-plus","theme-parks","9","Park Hopper Plus","STD_GST","Tier 64","2026-05-25","2026-05-25","847.87","824.83"
"theme-parks-with-park-hopper-plus","theme-parks","9","Park Hopper Plus","STD_GST","Tier 65","2026-05-26","2026-05-26","845.75","822.71"
"theme-parks-with-park-hopper-plus","theme-parks","9","Park Hopper Plus","STD_GST","Tier 66","2026-05-27","2026-05-27","842.2","819.16"
"theme-parks-with-park-hopper-plus","theme-parks","9","Park Hopper Plus","STD_GST","Tier 67","2026-05-28","2026-05-28","838.66","815.62"
"theme-parks-with-park-hopper-plus","theme-parks","9","Park Hopper Plus","STD_GST","Tier 68","2026-05-29","2026-05-29","817.17","794.62"
"theme-parks-with-park-hopper-plus","theme-parks","9","Park Hopper Plus","STD_GST","Tier 69","2026-05-30","2026-05-30","813.69","791.15"
"theme-parks-with-park-hopper-plus","theme-parks","9","Park Hopper Plus","STD_GST","Tier 70","2026-05-31","2026-05-31","813.33","790.79"
"theme-parks-with-park-hopper-plus","theme-parks","9","Park Hopper Plus","STD_GST","Tier 71","2026-06-01","2026-06-02","816.49","793.94"
"theme-parks-with-park-hopper-plus","theme-parks","9","Park Hopper Plus","STD_GST","Tier 72","2026-06-03","2026-06-05","814.73","792.19"
"theme-parks-with-park-hopper-plus","theme-parks","9","Park Hopper Plus","STD_GST","Tier 73","2026-06-06","2026-06-07","813.02","790.47"
"theme-parks-with-park-hopper-plus","theme-parks","9","Park Hopper Plus","STD_GST","Tier 74","2026-06-08","2026-06-08","814.73","792.19"
"theme-parks-with-park-hopper-plus","theme-parks","9","Park Hopper Plus","STD_GST","Tier 75","2026-06-09","2026-06-09","816.49","793.94"
"theme-parks-with-park-hopper-plus","theme-parks","9","Park Hopper Plus","STD_GST","Tier 76","2026-06-10","2026-06-12","818.2","795.66"
"theme-parks-with-park-hopper-plus","theme-parks","9","Park Hopper Plus","STD_GST","Tier 77","2026-06-13","2026-06-13","819.96","797.42"
"theme-parks-with-park-hopper-plus","theme-parks","9","Park Hopper Plus","STD_GST","Tier 78","2026-06-14","2026-06-14","820.28","797.73"
"theme-parks-with-park-hopper-plus","theme-parks","9","Park Hopper Plus","STD_GST","Tier 79","2026-06-15","2026-06-15","822.35","799.81"
"theme-parks-with-park-hopper-plus","theme-parks","9","Park Hopper Plus","STD_GST","Tier 80","2026-06-16","2026-06-16","826.18","803.64"
"theme-parks-with-park-hopper-plus","theme-parks","9","Park Hopper Plus","STD_GST","Tier 81","2026-06-17","2026-06-17","827.94","805.4"
"theme-parks-with-park-hopper-plus","theme-parks","9","Park Hopper Plus","STD_GST","Tier 82","2026-06-18","2026-06-19","830.02","807.47"
"theme-parks-with-park-hopper-plus","theme-parks","9","Park Hopper Plus","STD_GST","Tier 83","2026-06-20","2026-06-21","828.62","806.07"
"theme-parks-with-park-hopper-plus","theme-parks","9","Park Hopper Plus","STD_GST","Tier 84","2026-06-22","2026-06-23","830.33","807.79"
"theme-parks-with-park-hopper-plus","theme-parks","9","Park Hopper Plus","STD_GST","Tier 85","2026-06-24","2026-06-24","830.02","807.47"
"theme-parks-with-park-hopper-plus","theme-parks","9","Park Hopper Plus","STD_GST","Tier 86","2026-06-25","2026-06-25","845.75","822.71"
"theme-parks-with-park-hopper-plus","theme-parks","9","Park Hopper Plus","STD_GST","Tier 87","2026-06-26","2026-06-26","839.72","816.68"
"theme-parks-with-park-hopper-plus","theme-parks","9","Park Hopper Plus","STD_GST","Tier 88","2026-06-27","2026-06-27","833.36","810.32"
"theme-parks-with-park-hopper-plus","theme-parks","9","Park Hopper Plus","STD_GST","Tier 89","2026-06-28","2026-06-28","828.75","805.71"
"theme-parks-with-park-hopper-plus","theme-parks","9","Park Hopper Plus","STD_GST","Tier 90","2026-06-29","2026-06-29","824.14","801.1"
"theme-parks-with-park-hopper-plus","theme-parks","9","Park Hopper Plus","STD_GST","Tier 91","2026-06-30","2026-06-30","819.86","796.82"
"theme-parks-with-park-hopper-plus","theme-parks","9","Park Hopper Plus","STD_GST","Tier 92","2026-07-01","2026-07-01","813.5","790.46"
"theme-parks-with-park-hopper-plus","theme-parks","9","Park Hopper Plus","STD_GST","Tier 93","2026-07-02","2026-07-02","811.01","787.97"
"theme-parks-with-park-hopper-plus","theme-parks","9","Park Hopper Plus","STD_GST","Tier 94","2026-07-03","2026-07-03","808.15","785.11"
"theme-parks-with-park-hopper-plus","theme-parks","9","Park Hopper Plus","STD_GST","Tier 95","2026-07-04","2026-07-04","800.36","777.32"
"theme-parks-with-park-hopper-plus","theme-parks","9","Park Hopper Plus","STD_GST","Tier 96","2026-07-05","2026-07-05","779.02","756.47"
"theme-parks-with-park-hopper-plus","theme-parks","9","Park Hopper Plus","STD_GST","Tier 97","2026-07-06","2026-07-06","776.59","754.04"
"theme-parks-with-park-hopper-plus","theme-parks","10","Park Hopper Plus","STD_GST","Tier 1","2026-03-08","2026-03-08","890.38","866.78"
"theme-parks-with-park-hopper-plus","theme-parks","10","Park Hopper Plus","STD_GST","Tier 2","2026-03-09","2026-03-10","889.39","865.79"
"theme-parks-with-park-hopper-plus","theme-parks","10","Park Hopper Plus","STD_GST","Tier 3","2026-03-11","2026-03-11","887.69","864.09"
"theme-parks-with-park-hopper-plus","theme-parks","10","Park Hopper Plus","STD_GST","Tier 4","2026-03-12","2026-03-12","885.99","862.39"
"theme-parks-with-park-hopper-plus","theme-parks","10","Park Hopper Plus","STD_GST","Tier 5","2026-03-13","2026-03-13","884.34","860.74"
"theme-parks-with-park-hopper-plus","theme-parks","10","Park Hopper Plus","STD_GST","Tier 6","2026-03-14","2026-03-16","882.31","858.71"
"theme-parks-with-park-hopper-plus","theme-parks","10","Park Hopper Plus","STD_GST","Tier 7","2026-03-17","2026-03-17","882.97","859.37"
"theme-parks-with-park-hopper-plus","theme-parks","10","Park Hopper Plus","STD_GST","Tier 8","2026-03-18","2026-03-18","883.63","860.03"
"theme-parks-with-park-hopper-plus","theme-parks","10","Park Hopper Plus","STD_GST","Tier 9","2026-03-19","2026-03-19","885.66","862.06"
"theme-parks-with-park-hopper-plus","theme-parks","10","Park Hopper Plus","STD_GST","Tier 10","2026-03-20","2026-03-20","887.69","864.09"
"theme-parks-with-park-hopper-plus","theme-parks","10","Park Hopper Plus","STD_GST","Tier 11","2026-03-21","2026-03-21","889.06","865.46"
"theme-parks-with-park-hopper-plus","theme-parks","10","Park Hopper Plus","STD_GST","Tier 12","2026-03-22","2026-03-22","890.05","866.45"
"theme-parks-with-park-hopper-plus","theme-parks","10","Park Hopper Plus","STD_GST","Tier 13","2026-03-23","2026-03-24","891.09","867.49"
"theme-parks-with-park-hopper-plus","theme-parks","10","Park Hopper Plus","STD_GST","Tier 14","2026-03-25","2026-03-25","892.74","869.14"
"theme-parks-with-park-hopper-plus","theme-parks","10","Park Hopper Plus","STD_GST","Tier 15","2026-03-26","2026-03-26","894.44","870.84"
"theme-parks-with-park-hopper-plus","theme-parks","10","Park Hopper Plus","STD_GST","Tier 16","2026-03-27","2026-03-27","896.14","872.54"
"theme-parks-with-park-hopper-plus","theme-parks","10","Park Hopper Plus","STD_GST","Tier 17","2026-03-28","2026-03-31","898.17","874.57"
"theme-parks-with-park-hopper-plus","theme-parks","10","Park Hopper Plus","STD_GST","Tier 18","2026-04-01","2026-04-01","896.47","872.87"
"theme-parks-with-park-hopper-plus","theme-parks","10","Park Hopper Plus","STD_GST","Tier 19","2026-04-02","2026-04-02","894.77","871.17"
"theme-parks-with-park-hopper-plus","theme-parks","10","Park Hopper Plus","STD_GST","Tier 20","2026-04-03","2026-04-08","893.07","869.47"
"theme-parks-with-park-hopper-plus","theme-parks","10","Park Hopper Plus","STD_GST","Tier 21","2026-04-09","2026-04-09","891.42","867.82"
"theme-parks-with-park-hopper-plus","theme-parks","10","Park Hopper Plus","STD_GST","Tier 22","2026-04-10","2026-04-13","889.72","866.12"
"theme-parks-with-park-hopper-plus","theme-parks","10","Park Hopper Plus","STD_GST","Tier 23","2026-04-14","2026-04-14","887.69","864.09"
"theme-parks-with-park-hopper-plus","theme-parks","10","Park Hopper Plus","STD_GST","Tier 24","2026-04-15","2026-04-15","885.66","862.06"
"theme-parks-with-park-hopper-plus","theme-parks","10","Park Hopper Plus","STD_GST","Tier 25","2026-04-16","2026-04-16","881.98","858.38"
"theme-parks-with-park-hopper-plus","theme-parks","10","Park Hopper Plus","STD_GST","Tier 26","2026-04-17","2026-04-17","879.95","856.35"
"theme-parks-with-park-hopper-plus","theme-parks","10","Park Hopper Plus","STD_GST","Tier 27","2026-04-18","2026-04-18","877.92","854.32"
"theme-parks-with-park-hopper-plus","theme-parks","10","Park Hopper Plus","STD_GST","Tier 28","2026-04-19","2026-04-19","877.59","853.99"
"theme-parks-with-park-hopper-plus","theme-parks","10","Park Hopper Plus","STD_GST","Tier 29","2026-04-20","2026-04-20","873.86","850.26"
"theme-parks-with-park-hopper-plus","theme-parks","10","Park Hopper Plus","STD_GST","Tier 30","2026-04-21","2026-04-21","874.57","850.97"
"theme-parks-with-park-hopper-plus","theme-parks","10","Park Hopper Plus","STD_GST","Tier 31","2026-04-22","2026-04-22","871.83","848.23"
"theme-parks-with-park-hopper-plus","theme-parks","10","Park Hopper Plus","STD_GST","Tier 32","2026-04-23","2026-04-23","866.45","842.85"
"theme-parks-with-park-hopper-plus","theme-parks","10","Park Hopper Plus","STD_GST","Tier 33","2026-04-24","2026-04-24","862.77","839.17"
"theme-parks-with-park-hopper-plus","theme-parks","10","Park Hopper Plus","STD_GST","Tier 34","2026-04-25","2026-04-25","862.39","838.79"
"theme-parks-with-park-hopper-plus","theme-parks","10","Park Hopper Plus","STD_GST","Tier 35","2026-04-26","2026-04-26","862.06","838.46"
"theme-parks-with-park-hopper-plus","theme-parks","10","Park Hopper Plus","STD_GST","Tier 36","2026-04-27","2026-04-29","843.47","820.37"
"theme-parks-with-park-hopper-plus","theme-parks","10","Park Hopper Plus","STD_GST","Tier 37","2026-04-30","2026-05-01","845.14","822.04"
"theme-parks-with-park-hopper-plus","theme-parks","10","Park Hopper Plus","STD_GST","Tier 38","2026-05-02","2026-05-02","846.11","823.01"
"theme-parks-with-park-hopper-plus","theme-parks","10","Park Hopper Plus","STD_GST","Tier 39","2026-05-03","2026-05-03","845.46","822.36"
"theme-parks-with-park-hopper-plus","theme-parks","10","Park Hopper Plus","STD_GST","Tier 40","2026-05-04","2026-05-04","864.75","841.15"
"theme-parks-with-park-hopper-plus","theme-parks","10","Park Hopper Plus","STD_GST","Tier 41","2026-05-05","2026-05-05","858.71","835.11"
"theme-parks-with-park-hopper-plus","theme-parks","10","Park Hopper Plus","STD_GST","Tier 42","2026-05-06","2026-05-06","857.67","834.07"
"theme-parks-with-park-hopper-plus","theme-parks","10","Park Hopper Plus","STD_GST","Tier 43","2026-05-07","2026-05-07","861.07","837.47"
"theme-parks-with-park-hopper-plus","theme-parks","10","Park Hopper Plus","STD_GST","Tier 44","2026-05-08","2026-05-08","862.77","839.17"
"theme-parks-with-park-hopper-plus","theme-parks","10","Park Hopper Plus","STD_GST","Tier 45","2026-05-09","2026-05-09","863.1","839.5"
"theme-parks-with-park-hopper-plus","theme-parks","10","Park Hopper Plus","STD_GST","Tier 46","2026-05-10","2026-05-10","863.43","839.83"
"theme-parks-with-park-hopper-plus","theme-parks","10","Park Hopper Plus","STD_GST","Tier 47","2026-05-11","2026-05-11","863.76","840.16"
"theme-parks-with-park-hopper-plus","theme-parks","10","Park Hopper Plus","STD_GST","Tier 48","2026-05-12","2026-05-12","865.79","842.19"
"theme-parks-with-park-hopper-plus","theme-parks","10","Park Hopper Plus","STD_GST","Tier 49","2026-05-13","2026-05-13","869.14","845.54"
"theme-parks-with-park-hopper-plus","theme-parks","10","Park Hopper Plus","STD_GST","Tier 50","2026-05-14","2026-05-14","872.54","848.94"
"theme-parks-with-park-hopper-plus","theme-parks","10","Park Hopper Plus","STD_GST","Tier 51","2026-05-15","2026-05-15","875.89","852.29"
"theme-parks-with-park-hopper-plus","theme-parks","10","Park Hopper Plus","STD_GST","Tier 52","2026-05-16","2026-05-16","875.56","851.96"
"theme-parks-with-park-hopper-plus","theme-parks","10","Park Hopper Plus","STD_GST","Tier 53","2026-05-17","2026-05-17","873.86","850.26"
"theme-parks-with-park-hopper-plus","theme-parks","10","Park Hopper Plus","STD_GST","Tier 54","2026-05-18","2026-05-18","872.21","848.61"
"theme-parks-with-park-hopper-plus","theme-parks","10","Park Hopper Plus","STD_GST","Tier 55","2026-05-19","2026-05-19","875.56","851.96"
"theme-parks-with-park-hopper-plus","theme-parks","10","Park Hopper Plus","STD_GST","Tier 56","2026-05-20","2026-05-22","877.26","853.66"
"theme-parks-with-park-hopper-plus","theme-parks","10","Park Hopper Plus","STD_GST","Tier 57","2026-05-23","2026-05-23","874.19","850.59"
"theme-parks-with-park-hopper-plus","theme-parks","10","Park Hopper Plus","STD_GST","Tier 58","2026-05-24","2026-05-24","871.17","847.57"
"theme-parks-with-park-hopper-plus","theme-parks","10","Park Hopper Plus","STD_GST","Tier 59","2026-05-25","2026-05-25","868.15","844.55"
"theme-parks-with-park-hopper-plus","theme-parks","10","Park Hopper Plus","STD_GST","Tier 60","2026-05-26","2026-05-26","864.42","840.82"
"theme-parks-with-park-hopper-plus","theme-parks","10","Park Hopper Plus","STD_GST","Tier 61","2026-05-27","2026-05-27","861.07","837.47"
"theme-parks-with-park-hopper-plus","theme-parks","10","Park Hopper Plus","STD_GST","Tier 62","2026-05-28","2026-05-28","839.5","816.4"
"theme-parks-with-park-hopper-plus","theme-parks","10","Park Hopper Plus","STD_GST","Tier 63","2026-05-29","2026-05-29","836.22","813.12"
"theme-parks-with-park-hopper-plus","theme-parks","10","Park Hopper Plus","STD_GST","Tier 64","2026-05-30","2026-05-30","834.56","811.46"
"theme-parks-with-park-hopper-plus","theme-parks","10","Park Hopper Plus","STD_GST","Tier 65","2026-05-31","2026-05-31","835.9","812.8"
"theme-parks-with-park-hopper-plus","theme-parks","10","Park Hopper Plus","STD_GST","Tier 66","2026-06-01","2026-06-01","837.19","814.09"
"theme-parks-with-park-hopper-plus","theme-parks","10","Park Hopper Plus","STD_GST","Tier 67","2026-06-02","2026-06-02","835.57","812.47"
"theme-parks-with-park-hopper-plus","theme-parks","10","Park Hopper Plus","STD_GST","Tier 68","2026-06-03","2026-06-06","833.91","810.81"
"theme-parks-with-park-hopper-plus","theme-parks","10","Park Hopper Plus","STD_GST","Tier 69","2026-06-07","2026-06-08","835.57","812.47"
"theme-parks-with-park-hopper-plus","theme-parks","10","Park Hopper Plus","STD_GST","Tier 70","2026-06-09","2026-06-11","837.19","814.09"
"theme-parks-with-park-hopper-plus","theme-parks","10","Park Hopper Plus","STD_GST","Tier 71","2026-06-12","2026-06-12","840.52","817.42"
"theme-parks-with-park-hopper-plus","theme-parks","10","Park Hopper Plus","STD_GST","Tier 72","2026-06-13","2026-06-13","842.5","819.4"
"theme-parks-with-park-hopper-plus","theme-parks","10","Park Hopper Plus","STD_GST","Tier 73","2026-06-14","2026-06-14","842.83","819.73"
"theme-parks-with-park-hopper-plus","theme-parks","10","Park Hopper Plus","STD_GST","Tier 74","2026-06-15","2026-06-15","844.81","821.71"
"theme-parks-with-park-hopper-plus","theme-parks","10","Park Hopper Plus","STD_GST","Tier 75","2026-06-16","2026-06-16","846.43","823.33"
"theme-parks-with-park-hopper-plus","theme-parks","10","Park Hopper Plus","STD_GST","Tier 76","2026-06-17","2026-06-18","848.42","825.32"
"theme-parks-with-park-hopper-plus","theme-parks","10","Park Hopper Plus","STD_GST","Tier 77","2026-06-19","2026-06-19","848.74","825.64"
"theme-parks-with-park-hopper-plus","theme-parks","10","Park Hopper Plus","STD_GST","Tier 78","2026-06-20","2026-06-22","850.4","827.3"
"theme-parks-with-park-hopper-plus","theme-parks","10","Park Hopper Plus","STD_GST","Tier 79","2026-06-23","2026-06-23","848.42","825.32"
"theme-parks-with-park-hopper-plus","theme-parks","10","Park Hopper Plus","STD_GST","Tier 80","2026-06-24","2026-06-24","846.11","823.01"
"theme-parks-with-park-hopper-plus","theme-parks","10","Park Hopper Plus","STD_GST","Tier 81","2026-06-25","2026-06-25","862.06","838.46"
"theme-parks-with-park-hopper-plus","theme-parks","10","Park Hopper Plus","STD_GST","Tier 82","2026-06-26","2026-06-26","856.35","832.75"
"theme-parks-with-park-hopper-plus","theme-parks","10","Park Hopper Plus","STD_GST","Tier 83","2026-06-27","2026-06-27","851.96","828.36"
"theme-parks-with-park-hopper-plus","theme-parks","10","Park Hopper Plus","STD_GST","Tier 84","2026-06-28","2026-06-28","847.57","823.97"
"theme-parks-with-park-hopper-plus","theme-parks","10","Park Hopper Plus","STD_GST","Tier 85","2026-06-29","2026-06-29","841.53","817.93"
"theme-parks-with-park-hopper-plus","theme-parks","10","Park Hopper Plus","STD_GST","Tier 86","2026-06-30","2026-06-30","835.77","812.17"
"theme-parks-with-park-hopper-plus","theme-parks","10","Park Hopper Plus","STD_GST","Tier 87","2026-07-01","2026-07-01","831.38","807.78"
"theme-parks-with-park-hopper-plus","theme-parks","10","Park Hopper Plus","STD_GST","Tier 88","2026-07-02","2026-07-02","829.02","805.42"
"theme-parks-with-park-hopper-plus","theme-parks","10","Park Hopper Plus","STD_GST","Tier 89","2026-07-03","2026-07-03","824.63","801.03"
"theme-parks-with-park-hopper-plus","theme-parks","10","Park Hopper Plus","STD_GST","Tier 90","2026-07-04","2026-07-04","820.62","797.02"
"theme-parks-with-park-hopper-plus","theme-parks","10","Park Hopper Plus","STD_GST","Tier 91","2026-07-05","2026-07-05","799.26","776.16"
"theme-parks-with-park-hopper-plus","theme-parks","10","Park Hopper Plus","STD_GST","Tier 92","2026-07-06","2026-07-06","795.29","772.19"
"theme-parks-with-water-parks-sports","theme-parks","2","Water Parks Sports","STD_GST","Tier 1","2026-03-08","2026-03-08","360.9","351.39"
"theme-parks-with-water-parks-sports","theme-parks","2","Water Parks Sports","STD_GST","Tier 2","2026-03-09","2026-03-09","359.48","349.97"
"theme-parks-with-water-parks-sports","theme-parks","2","Water Parks Sports","STD_GST","Tier 3","2026-03-10","2026-03-10","360.9","351.39"
"theme-parks-with-water-parks-sports","theme-parks","2","Water Parks Sports","STD_GST","Tier 4","2026-03-11","2026-03-11","362.33","352.82"
"theme-parks-with-water-parks-sports","theme-parks","2","Water Parks Sports","STD_GST","Tier 5","2026-03-12","2026-03-12","363.76","354.25"
"theme-parks-with-water-parks-sports","theme-parks","2","Water Parks Sports","STD_GST","Tier 6","2026-03-13","2026-03-13","362.81","353.3"
"theme-parks-with-water-parks-sports","theme-parks","2","Water Parks Sports","STD_GST","Tier 7","2026-03-14","2026-03-14","360.43","350.92"
"theme-parks-with-water-parks-sports","theme-parks","2","Water Parks Sports","STD_GST","Tier 8","2026-03-15","2026-03-15","356.15","346.64"
"theme-parks-with-water-parks-sports","theme-parks","2","Water Parks Sports","STD_GST","Tier 9","2026-03-16","2026-03-16","351.87","342.36"
"theme-parks-with-water-parks-sports","theme-parks","2","Water Parks Sports","STD_GST","Tier 10","2026-03-17","2026-03-17","352.35","342.84"
"theme-parks-with-water-parks-sports","theme-parks","2","Water Parks Sports","STD_GST","Tier 11","2026-03-18","2026-03-18","353.3","343.79"
"theme-parks-with-water-parks-sports","theme-parks","2","Water Parks Sports","STD_GST","Tier 12","2026-03-19","2026-03-19","356.15","346.64"
"theme-parks-with-water-parks-sports","theme-parks","2","Water Parks Sports","STD_GST","Tier 13","2026-03-20","2026-03-20","359","349.49"
"theme-parks-with-water-parks-sports","theme-parks","2","Water Parks Sports","STD_GST","Tier 14","2026-03-21","2026-03-21","357.1","347.59"
"theme-parks-with-water-parks-sports","theme-parks","2","Water Parks Sports","STD_GST","Tier 15","2026-03-22","2026-03-22","354.72","345.21"
"theme-parks-with-water-parks-sports","theme-parks","2","Water Parks Sports","STD_GST","Tier 16","2026-03-23","2026-03-23","352.35","342.84"
"theme-parks-with-water-parks-sports","theme-parks","2","Water Parks Sports","STD_GST","Tier 17","2026-03-24","2026-03-24","350.92","341.41"
"theme-parks-with-water-parks-sports","theme-parks","2","Water Parks Sports","STD_GST","Tier 18","2026-03-25","2026-03-25","354.72","345.21"
"theme-parks-with-water-parks-sports","theme-parks","2","Water Parks Sports","STD_GST","Tier 19","2026-03-26","2026-03-26","358.53","349.02"
"theme-parks-with-water-parks-sports","theme-parks","2","Water Parks Sports","STD_GST","Tier 20","2026-03-27","2026-03-27","360.9","351.39"
"theme-parks-with-water-parks-sports","theme-parks","2","Water Parks Sports","STD_GST","Tier 21","2026-03-28","2026-03-28","362.33","352.82"
"theme-parks-with-water-parks-sports","theme-parks","2","Water Parks Sports","STD_GST","Tier 22","2026-03-29","2026-03-29","360.9","351.39"
"theme-parks-with-water-parks-sports","theme-parks","2","Water Parks Sports","STD_GST","Tier 23","2026-03-30","2026-03-30","359.48","349.97"
"theme-parks-with-water-parks-sports","theme-parks","2","Water Parks Sports","STD_GST","Tier 24","2026-03-31","2026-03-31","360.9","351.39"
"theme-parks-with-water-parks-sports","theme-parks","2","Water Parks Sports","STD_GST","Tier 25","2026-04-01","2026-04-01","362.33","352.82"
"theme-parks-with-water-parks-sports","theme-parks","2","Water Parks Sports","STD_GST","Tier 26","2026-04-02","2026-04-03","363.76","354.25"
"theme-parks-with-water-parks-sports","theme-parks","2","Water Parks Sports","STD_GST","Tier 27","2026-04-04","2026-04-04","362.33","352.82"
"theme-parks-with-water-parks-sports","theme-parks","2","Water Parks Sports","STD_GST","Tier 28","2026-04-05","2026-04-05","360.9","351.39"
"theme-parks-with-water-parks-sports","theme-parks","2","Water Parks Sports","STD_GST","Tier 29","2026-04-06","2026-04-06","359.48","349.97"
"theme-parks-with-water-parks-sports","theme-parks","2","Water Parks Sports","STD_GST","Tier 30","2026-04-07","2026-04-07","360.9","351.39"
"theme-parks-with-water-parks-sports","theme-parks","2","Water Parks Sports","STD_GST","Tier 31","2026-04-08","2026-04-08","362.33","352.82"
"theme-parks-with-water-parks-sports","theme-parks","2","Water Parks Sports","STD_GST","Tier 32","2026-04-09","2026-04-10","363.76","354.25"
"theme-parks-with-water-parks-sports","theme-parks","2","Water Parks Sports","STD_GST","Tier 33","2026-04-11","2026-04-11","359.95","350.44"
"theme-parks-with-water-parks-sports","theme-parks","2","Water Parks Sports","STD_GST","Tier 34","2026-04-12","2026-04-12","356.15","346.64"
"theme-parks-with-water-parks-sports","theme-parks","2","Water Parks Sports","STD_GST","Tier 35","2026-04-13","2026-04-13","352.35","342.84"
"theme-parks-with-water-parks-sports","theme-parks","2","Water Parks Sports","STD_GST","Tier 36","2026-04-14","2026-04-14","353.77","344.26"
"theme-parks-with-water-parks-sports","theme-parks","2","Water Parks Sports","STD_GST","Tier 37","2026-04-15","2026-04-15","357.58","348.07"
"theme-parks-with-water-parks-sports","theme-parks","2","Water Parks Sports","STD_GST","Tier 38","2026-04-16","2026-04-16","361.38","351.87"
"theme-parks-with-water-parks-sports","theme-parks","2","Water Parks Sports","STD_GST","Tier 39","2026-04-17","2026-04-17","363.76","354.25"
"theme-parks-with-water-parks-sports","theme-parks","2","Water Parks Sports","STD_GST","Tier 40","2026-04-18","2026-04-18","362.33","352.82"
"theme-parks-with-water-parks-sports","theme-parks","2","Water Parks Sports","STD_GST","Tier 41","2026-04-19","2026-04-19","358.53","349.02"
"theme-parks-with-water-parks-sports","theme-parks","2","Water Parks Sports","STD_GST","Tier 42","2026-04-20","2026-04-20","354.72","345.21"
"theme-parks-with-water-parks-sports","theme-parks","2","Water Parks Sports","STD_GST","Tier 43","2026-04-21","2026-04-21","356.15","346.64"
"theme-parks-with-water-parks-sports","theme-parks","2","Water Parks Sports","STD_GST","Tier 44","2026-04-22","2026-04-22","357.58","348.07"
"theme-parks-with-water-parks-sports","theme-parks","2","Water Parks Sports","STD_GST","Tier 45","2026-04-23","2026-04-23","361.38","351.87"
"theme-parks-with-water-parks-sports","theme-parks","2","Water Parks Sports","STD_GST","Tier 46","2026-04-24","2026-04-24","360.9","351.39"
"theme-parks-with-water-parks-sports","theme-parks","2","Water Parks Sports","STD_GST","Tier 47","2026-04-25","2026-04-25","354.25","344.74"
"theme-parks-with-water-parks-sports","theme-parks","2","Water Parks Sports","STD_GST","Tier 48","2026-04-26","2026-04-26","345.21","335.7"
"theme-parks-with-water-parks-sports","theme-parks","2","Water Parks Sports","STD_GST","Tier 49","2026-04-27","2026-04-27","338.56","329.05"
"theme-parks-with-water-parks-sports","theme-parks","2","Water Parks Sports","STD_GST","Tier 50","2026-04-28","2026-04-28","339.98","330.47"
"theme-parks-with-water-parks-sports","theme-parks","2","Water Parks Sports","STD_GST","Tier 51","2026-04-29","2026-04-29","343.98","334.53"
"theme-parks-with-water-parks-sports","theme-parks","2","Water Parks Sports","STD_GST","Tier 52","2026-04-30","2026-04-30","349.97","340.46"
"theme-parks-with-water-parks-sports","theme-parks","2","Water Parks Sports","STD_GST","Tier 53","2026-05-01","2026-05-01","353.9","344.45"
"theme-parks-with-water-parks-sports","theme-parks","2","Water Parks Sports","STD_GST","Tier 54","2026-05-02","2026-05-02","353.77","344.26"
"theme-parks-with-water-parks-sports","theme-parks","2","Water Parks Sports","STD_GST","Tier 55","2026-05-03","2026-05-03","340.67","331.22"
"theme-parks-with-water-parks-sports","theme-parks","2","Water Parks Sports","STD_GST","Tier 56","2026-05-04","2026-05-05","339.03","329.52"
"theme-parks-with-water-parks-sports","theme-parks","2","Water Parks Sports","STD_GST","Tier 57","2026-05-06","2026-05-06","343.79","334.28"
"theme-parks-with-water-parks-sports","theme-parks","2","Water Parks Sports","STD_GST","Tier 58","2026-05-07","2026-05-07","354.72","345.21"
"theme-parks-with-water-parks-sports","theme-parks","2","Water Parks Sports","STD_GST","Tier 59","2026-05-08","2026-05-08","359.48","349.97"
"theme-parks-with-water-parks-sports","theme-parks","2","Water Parks Sports","STD_GST","Tier 60","2026-05-09","2026-05-09","353.3","343.79"
"theme-parks-with-water-parks-sports","theme-parks","2","Water Parks Sports","STD_GST","Tier 61","2026-05-10","2026-05-10","347.11","337.6"
"theme-parks-with-water-parks-sports","theme-parks","2","Water Parks Sports","STD_GST","Tier 62","2026-05-11","2026-05-11","340.93","331.42"
"theme-parks-with-water-parks-sports","theme-parks","2","Water Parks Sports","STD_GST","Tier 63","2026-05-12","2026-05-12","343.79","334.28"
"theme-parks-with-water-parks-sports","theme-parks","2","Water Parks Sports","STD_GST","Tier 64","2026-05-13","2026-05-13","349.02","339.51"
"theme-parks-with-water-parks-sports","theme-parks","2","Water Parks Sports","STD_GST","Tier 65","2026-05-14","2026-05-14","351.87","342.36"
"theme-parks-with-water-parks-sports","theme-parks","2","Water Parks Sports","STD_GST","Tier 66","2026-05-15","2026-05-15","349.49","339.98"
"theme-parks-with-water-parks-sports","theme-parks","2","Water Parks Sports","STD_GST","Tier 67","2026-05-16","2026-05-16","344.26","334.75"
"theme-parks-with-water-parks-sports","theme-parks","2","Water Parks Sports","STD_GST","Tier 68","2026-05-17","2026-05-17","339.03","329.52"
"theme-parks-with-water-parks-sports","theme-parks","2","Water Parks Sports","STD_GST","Tier 69","2026-05-18","2026-05-18","336.18","326.67"
"theme-parks-with-water-parks-sports","theme-parks","2","Water Parks Sports","STD_GST","Tier 70","2026-05-19","2026-05-19","345.21","335.7"
"theme-parks-with-water-parks-sports","theme-parks","2","Water Parks Sports","STD_GST","Tier 71","2026-05-20","2026-05-20","351.87","342.36"
"theme-parks-with-water-parks-sports","theme-parks","2","Water Parks Sports","STD_GST","Tier 72","2026-05-21","2026-05-21","358.53","349.02"
"theme-parks-with-water-parks-sports","theme-parks","2","Water Parks Sports","STD_GST","Tier 73","2026-05-22","2026-05-22","363.76","354.25"
"theme-parks-with-water-parks-sports","theme-parks","2","Water Parks Sports","STD_GST","Tier 74","2026-05-23","2026-05-23","361.86","352.35"
"theme-parks-with-water-parks-sports","theme-parks","2","Water Parks Sports","STD_GST","Tier 75","2026-05-24","2026-05-24","359.95","350.44"
"theme-parks-with-water-parks-sports","theme-parks","2","Water Parks Sports","STD_GST","Tier 76","2026-05-25","2026-05-25","358.05","348.54"
"theme-parks-with-water-parks-sports","theme-parks","2","Water Parks Sports","STD_GST","Tier 77","2026-05-26","2026-05-26","357.58","348.07"
"theme-parks-with-water-parks-sports","theme-parks","2","Water Parks Sports","STD_GST","Tier 78","2026-05-27","2026-05-27","355.67","346.16"
"theme-parks-with-water-parks-sports","theme-parks","2","Water Parks Sports","STD_GST","Tier 79","2026-05-28","2026-05-28","351.39","341.88"
"theme-parks-with-water-parks-sports","theme-parks","2","Water Parks Sports","STD_GST","Tier 80","2026-05-29","2026-05-29","349.02","339.51"
"theme-parks-with-water-parks-sports","theme-parks","2","Water Parks Sports","STD_GST","Tier 81","2026-05-30","2026-05-30","344.45","335"
"theme-parks-with-water-parks-sports","theme-parks","2","Water Parks Sports","STD_GST","Tier 82","2026-05-31","2026-05-31","341.62","332.17"
"theme-parks-with-water-parks-sports","theme-parks","2","Water Parks Sports","STD_GST","Tier 83","2026-06-01","2026-06-03","341.14","331.69"
"theme-parks-with-water-parks-sports","theme-parks","2","Water Parks Sports","STD_GST","Tier 84","2026-06-04","2026-06-04","343.51","334.06"
"theme-parks-with-water-parks-sports","theme-parks","2","Water Parks Sports","STD_GST","Tier 85","2026-06-05","2026-06-05","345.69","336.18"
"theme-parks-with-water-parks-sports","theme-parks","2","Water Parks Sports","STD_GST","Tier 86","2026-06-06","2026-06-06","341.14","331.69"
"theme-parks-with-water-parks-sports","theme-parks","2","Water Parks Sports","STD_GST","Tier 87","2026-06-07","2026-06-07","340.93","331.42"
"theme-parks-with-water-parks-sports","theme-parks","2","Water Parks Sports","STD_GST","Tier 88","2026-06-08","2026-06-08","336.42","326.97"
"theme-parks-with-water-parks-sports","theme-parks","2","Water Parks Sports","STD_GST","Tier 89","2026-06-09","2026-06-09","338.78","329.33"
"theme-parks-with-water-parks-sports","theme-parks","2","Water Parks Sports","STD_GST","Tier 90","2026-06-10","2026-06-10","343.51","334.06"
"theme-parks-with-water-parks-sports","theme-parks","2","Water Parks Sports","STD_GST","Tier 91","2026-06-11","2026-06-12","345.87","336.42"
"theme-parks-with-water-parks-sports","theme-parks","2","Water Parks Sports","STD_GST","Tier 92","2026-06-13","2026-06-13","343.51","334.06"
"theme-parks-with-water-parks-sports","theme-parks","2","Water Parks Sports","STD_GST","Tier 93","2026-06-14","2026-06-14","338.78","329.33"
"theme-parks-with-water-parks-sports","theme-parks","2","Water Parks Sports","STD_GST","Tier 94","2026-06-15","2026-06-15","336.42","326.97"
"theme-parks-with-water-parks-sports","theme-parks","2","Water Parks Sports","STD_GST","Tier 95","2026-06-16","2026-06-16","338.78","329.33"
"theme-parks-with-water-parks-sports","theme-parks","2","Water Parks Sports","STD_GST","Tier 96","2026-06-17","2026-06-17","343.51","334.06"
"theme-parks-with-water-parks-sports","theme-parks","2","Water Parks Sports","STD_GST","Tier 97","2026-06-18","2026-06-18","345.87","336.42"
"theme-parks-with-water-parks-sports","theme-parks","2","Water Parks Sports","STD_GST","Tier 98","2026-06-19","2026-06-19","348.23","338.78"
"theme-parks-with-water-parks-sports","theme-parks","2","Water Parks Sports","STD_GST","Tier 99","2026-06-20","2026-06-20","345.87","336.42"
"theme-parks-with-water-parks-sports","theme-parks","2","Water Parks Sports","STD_GST","Tier 100","2026-06-21","2026-06-21","341.14","331.69"
"theme-parks-with-water-parks-sports","theme-parks","2","Water Parks Sports","STD_GST","Tier 101","2026-06-22","2026-06-22","343.51","334.06"
"theme-parks-with-water-parks-sports","theme-parks","2","Water Parks Sports","STD_GST","Tier 102","2026-06-23","2026-06-23","346.34","336.89"
"theme-parks-with-water-parks-sports","theme-parks","2","Water Parks Sports","STD_GST","Tier 103","2026-06-24","2026-06-24","351.54","342.09"
"theme-parks-with-water-parks-sports","theme-parks","2","Water Parks Sports","STD_GST","Tier 104","2026-06-25","2026-06-25","356.74","347.29"
"theme-parks-with-water-parks-sports","theme-parks","2","Water Parks Sports","STD_GST","Tier 105","2026-06-26","2026-06-26","356.62","347.11"
"theme-parks-with-water-parks-sports","theme-parks","2","Water Parks Sports","STD_GST","Tier 106","2026-06-27","2026-06-27","354.25","344.74"
"theme-parks-with-water-parks-sports","theme-parks","2","Water Parks Sports","STD_GST","Tier 107","2026-06-28","2026-06-28","349.02","339.51"
"theme-parks-with-water-parks-sports","theme-parks","2","Water Parks Sports","STD_GST","Tier 108","2026-06-29","2026-06-29","344.26","334.75"
"theme-parks-with-water-parks-sports","theme-parks","2","Water Parks Sports","STD_GST","Tier 109","2026-06-30","2026-06-30","346.64","337.13"
"theme-parks-with-water-parks-sports","theme-parks","2","Water Parks Sports","STD_GST","Tier 110","2026-07-01","2026-07-01","348.54","339.03"
"theme-parks-with-water-parks-sports","theme-parks","2","Water Parks Sports","STD_GST","Tier 111","2026-07-02","2026-07-02","350.92","341.41"
"theme-parks-with-water-parks-sports","theme-parks","2","Water Parks Sports","STD_GST","Tier 112","2026-07-03","2026-07-03","349.97","340.46"
"theme-parks-with-water-parks-sports","theme-parks","2","Water Parks Sports","STD_GST","Tier 113","2026-07-04","2026-07-04","341.88","332.37"
"theme-parks-with-water-parks-sports","theme-parks","2","Water Parks Sports","STD_GST","Tier 114","2026-07-05","2026-07-05","333.8","324.29"
"theme-parks-with-water-parks-sports","theme-parks","2","Water Parks Sports","STD_GST","Tier 115","2026-07-06","2026-07-06","328.09","318.58"
"theme-parks-with-water-parks-sports","theme-parks","3","Water Parks Sports","STD_GST","Tier 1","2026-03-08","2026-03-09","531.26","517.25"
"theme-parks-with-water-parks-sports","theme-parks","3","Water Parks Sports","STD_GST","Tier 2","2026-03-10","2026-03-10","532.94","518.93"
"theme-parks-with-water-parks-sports","theme-parks","3","Water Parks Sports","STD_GST","Tier 3","2026-03-11","2026-03-11","534.62","520.61"
"theme-parks-with-water-parks-sports","theme-parks","3","Water Parks Sports","STD_GST","Tier 4","2026-03-12","2026-03-12","533.5","519.49"
"theme-parks-with-water-parks-sports","theme-parks","3","Water Parks Sports","STD_GST","Tier 5","2026-03-13","2026-03-13","532.38","518.37"
"theme-parks-with-water-parks-sports","theme-parks","3","Water Parks Sports","STD_GST","Tier 6","2026-03-14","2026-03-14","527.34","513.33"
"theme-parks-with-water-parks-sports","theme-parks","3","Water Parks Sports","STD_GST","Tier 7","2026-03-15","2026-03-15","522.29","508.28"
"theme-parks-with-water-parks-sports","theme-parks","3","Water Parks Sports","STD_GST","Tier 8","2026-03-16","2026-03-16","520.05","506.04"
"theme-parks-with-water-parks-sports","theme-parks","3","Water Parks Sports","STD_GST","Tier 9","2026-03-17","2026-03-17","521.17","507.16"
"theme-parks-with-water-parks-sports","theme-parks","3","Water Parks Sports","STD_GST","Tier 10","2026-03-18","2026-03-18","522.29","508.28"
"theme-parks-with-water-parks-sports","theme-parks","3","Water Parks Sports","STD_GST","Tier 11","2026-03-19","2026-03-19","525.66","511.65"
"theme-parks-with-water-parks-sports","theme-parks","3","Water Parks Sports","STD_GST","Tier 12","2026-03-20","2026-03-20","526.22","512.21"
"theme-parks-with-water-parks-sports","theme-parks","3","Water Parks Sports","STD_GST","Tier 13","2026-03-21","2026-03-21","523.97","509.96"
"theme-parks-with-water-parks-sports","theme-parks","3","Water Parks Sports","STD_GST","Tier 14","2026-03-22","2026-03-22","521.17","507.16"
"theme-parks-with-water-parks-sports","theme-parks","3","Water Parks Sports","STD_GST","Tier 15","2026-03-23","2026-03-23","519.49","505.48"
"theme-parks-with-water-parks-sports","theme-parks","3","Water Parks Sports","STD_GST","Tier 16","2026-03-24","2026-03-24","521.17","507.16"
"theme-parks-with-water-parks-sports","theme-parks","3","Water Parks Sports","STD_GST","Tier 17","2026-03-25","2026-03-25","525.66","511.65"
"theme-parks-with-water-parks-sports","theme-parks","3","Water Parks Sports","STD_GST","Tier 18","2026-03-26","2026-03-26","528.46","514.45"
"theme-parks-with-water-parks-sports","theme-parks","3","Water Parks Sports","STD_GST","Tier 19","2026-03-27","2026-03-27","531.26","517.25"
"theme-parks-with-water-parks-sports","theme-parks","3","Water Parks Sports","STD_GST","Tier 20","2026-03-28","2026-03-28","532.94","518.93"
"theme-parks-with-water-parks-sports","theme-parks","3","Water Parks Sports","STD_GST","Tier 21","2026-03-29","2026-03-30","531.26","517.25"
"theme-parks-with-water-parks-sports","theme-parks","3","Water Parks Sports","STD_GST","Tier 22","2026-03-31","2026-03-31","532.94","518.93"
"theme-parks-with-water-parks-sports","theme-parks","3","Water Parks Sports","STD_GST","Tier 23","2026-04-01","2026-04-03","534.62","520.61"
"theme-parks-with-water-parks-sports","theme-parks","3","Water Parks Sports","STD_GST","Tier 24","2026-04-04","2026-04-04","532.94","518.93"
"theme-parks-with-water-parks-sports","theme-parks","3","Water Parks Sports","STD_GST","Tier 25","2026-04-05","2026-04-06","531.26","517.25"
"theme-parks-with-water-parks-sports","theme-parks","3","Water Parks Sports","STD_GST","Tier 26","2026-04-07","2026-04-07","532.94","518.93"
"theme-parks-with-water-parks-sports","theme-parks","3","Water Parks Sports","STD_GST","Tier 27","2026-04-08","2026-04-09","534.62","520.61"
"theme-parks-with-water-parks-sports","theme-parks","3","Water Parks Sports","STD_GST","Tier 28","2026-04-10","2026-04-10","531.82","517.81"
"theme-parks-with-water-parks-sports","theme-parks","3","Water Parks Sports","STD_GST","Tier 29","2026-04-11","2026-04-11","527.34","513.33"
"theme-parks-with-water-parks-sports","theme-parks","3","Water Parks Sports","STD_GST","Tier 30","2026-04-12","2026-04-13","522.85","508.84"
"theme-parks-with-water-parks-sports","theme-parks","3","Water Parks Sports","STD_GST","Tier 31","2026-04-14","2026-04-14","524.53","510.52"
"theme-parks-with-water-parks-sports","theme-parks","3","Water Parks Sports","STD_GST","Tier 32","2026-04-15","2026-04-15","529.02","515.01"
"theme-parks-with-water-parks-sports","theme-parks","3","Water Parks Sports","STD_GST","Tier 33","2026-04-16","2026-04-16","531.82","517.81"
"theme-parks-with-water-parks-sports","theme-parks","3","Water Parks Sports","STD_GST","Tier 34","2026-04-17","2026-04-17","534.62","520.61"
"theme-parks-with-water-parks-sports","theme-parks","3","Water Parks Sports","STD_GST","Tier 35","2026-04-18","2026-04-18","530.14","516.13"
"theme-parks-with-water-parks-sports","theme-parks","3","Water Parks Sports","STD_GST","Tier 36","2026-04-19","2026-04-20","525.66","511.65"
"theme-parks-with-water-parks-sports","theme-parks","3","Water Parks Sports","STD_GST","Tier 37","2026-04-21","2026-04-21","527.34","513.33"
"theme-parks-with-water-parks-sports","theme-parks","3","Water Parks Sports","STD_GST","Tier 38","2026-04-22","2026-04-22","529.02","515.01"
"theme-parks-with-water-parks-sports","theme-parks","3","Water Parks Sports","STD_GST","Tier 39","2026-04-23","2026-04-23","528.46","514.45"
"theme-parks-with-water-parks-sports","theme-parks","3","Water Parks Sports","STD_GST","Tier 40","2026-04-24","2026-04-24","525.09","511.08"
"theme-parks-with-water-parks-sports","theme-parks","3","Water Parks Sports","STD_GST","Tier 41","2026-04-25","2026-04-25","514.45","500.44"
"theme-parks-with-water-parks-sports","theme-parks","3","Water Parks Sports","STD_GST","Tier 42","2026-04-26","2026-04-26","506.6","492.59"
"theme-parks-with-water-parks-sports","theme-parks","3","Water Parks Sports","STD_GST","Tier 43","2026-04-27","2026-04-27","503.24","489.23"
"theme-parks-with-water-parks-sports","theme-parks","3","Water Parks Sports","STD_GST","Tier 44","2026-04-28","2026-04-28","507.72","493.71"
"theme-parks-with-water-parks-sports","theme-parks","3","Water Parks Sports","STD_GST","Tier 45","2026-04-29","2026-04-29","502.86","489.03"
"theme-parks-with-water-parks-sports","theme-parks","3","Water Parks Sports","STD_GST","Tier 46","2026-04-30","2026-04-30","519.49","505.48"
"theme-parks-with-water-parks-sports","theme-parks","3","Water Parks Sports","STD_GST","Tier 47","2026-05-01","2026-05-01","514.48","500.65"
"theme-parks-with-water-parks-sports","theme-parks","3","Water Parks Sports","STD_GST","Tier 48","2026-05-02","2026-05-02","511.08","497.07"
"theme-parks-with-water-parks-sports","theme-parks","3","Water Parks Sports","STD_GST","Tier 49","2026-05-03","2026-05-03","494.56","480.73"
"theme-parks-with-water-parks-sports","theme-parks","3","Water Parks Sports","STD_GST","Tier 50","2026-05-04","2026-05-05","506.6","492.59"
"theme-parks-with-water-parks-sports","theme-parks","3","Water Parks Sports","STD_GST","Tier 51","2026-05-06","2026-05-06","512.21","498.2"
"theme-parks-with-water-parks-sports","theme-parks","3","Water Parks Sports","STD_GST","Tier 52","2026-05-07","2026-05-07","520.61","506.6"
"theme-parks-with-water-parks-sports","theme-parks","3","Water Parks Sports","STD_GST","Tier 53","2026-05-08","2026-05-08","523.41","509.4"
"theme-parks-with-water-parks-sports","theme-parks","3","Water Parks Sports","STD_GST","Tier 54","2026-05-09","2026-05-09","516.13","502.12"
"theme-parks-with-water-parks-sports","theme-parks","3","Water Parks Sports","STD_GST","Tier 55","2026-05-10","2026-05-10","508.84","494.83"
"theme-parks-with-water-parks-sports","theme-parks","3","Water Parks Sports","STD_GST","Tier 56","2026-05-11","2026-05-11","507.72","493.71"
"theme-parks-with-water-parks-sports","theme-parks","3","Water Parks Sports","STD_GST","Tier 57","2026-05-12","2026-05-12","511.08","497.07"
"theme-parks-with-water-parks-sports","theme-parks","3","Water Parks Sports","STD_GST","Tier 58","2026-05-13","2026-05-13","514.45","500.44"
"theme-parks-with-water-parks-sports","theme-parks","3","Water Parks Sports","STD_GST","Tier 59","2026-05-14","2026-05-15","511.65","497.64"
"theme-parks-with-water-parks-sports","theme-parks","3","Water Parks Sports","STD_GST","Tier 60","2026-05-16","2026-05-16","505.48","491.47"
"theme-parks-with-water-parks-sports","theme-parks","3","Water Parks Sports","STD_GST","Tier 61","2026-05-17","2026-05-17","499.32","485.31"
"theme-parks-with-water-parks-sports","theme-parks","3","Water Parks Sports","STD_GST","Tier 62","2026-05-18","2026-05-18","503.8","489.79"
"theme-parks-with-water-parks-sports","theme-parks","3","Water Parks Sports","STD_GST","Tier 63","2026-05-19","2026-05-19","514.45","500.44"
"theme-parks-with-water-parks-sports","theme-parks","3","Water Parks Sports","STD_GST","Tier 64","2026-05-20","2026-05-20","522.29","508.28"
"theme-parks-with-water-parks-sports","theme-parks","3","Water Parks Sports","STD_GST","Tier 65","2026-05-21","2026-05-21","528.46","514.45"
"theme-parks-with-water-parks-sports","theme-parks","3","Water Parks Sports","STD_GST","Tier 66","2026-05-22","2026-05-22","534.06","520.05"
"theme-parks-with-water-parks-sports","theme-parks","3","Water Parks Sports","STD_GST","Tier 67","2026-05-23","2026-05-23","531.82","517.81"
"theme-parks-with-water-parks-sports","theme-parks","3","Water Parks Sports","STD_GST","Tier 68","2026-05-24","2026-05-24","529.58","515.57"
"theme-parks-with-water-parks-sports","theme-parks","3","Water Parks Sports","STD_GST","Tier 69","2026-05-25","2026-05-25","527.34","513.33"
"theme-parks-with-water-parks-sports","theme-parks","3","Water Parks Sports","STD_GST","Tier 70","2026-05-26","2026-05-26","524.53","510.52"
"theme-parks-with-water-parks-sports","theme-parks","3","Water Parks Sports","STD_GST","Tier 71","2026-05-27","2026-05-27","519.49","505.48"
"theme-parks-with-water-parks-sports","theme-parks","3","Water Parks Sports","STD_GST","Tier 72","2026-05-28","2026-05-28","516.69","502.68"
"theme-parks-with-water-parks-sports","theme-parks","3","Water Parks Sports","STD_GST","Tier 73","2026-05-29","2026-05-29","513.89","499.88"
"theme-parks-with-water-parks-sports","theme-parks","3","Water Parks Sports","STD_GST","Tier 74","2026-05-30","2026-05-30","501.75","487.92"
"theme-parks-with-water-parks-sports","theme-parks","3","Water Parks Sports","STD_GST","Tier 75","2026-05-31","2026-05-31","498.43","484.6"
"theme-parks-with-water-parks-sports","theme-parks","3","Water Parks Sports","STD_GST","Tier 76","2026-06-01","2026-06-04","500.65","486.82"
"theme-parks-with-water-parks-sports","theme-parks","3","Water Parks Sports","STD_GST","Tier 77","2026-06-05","2026-06-05","507.16","493.15"
"theme-parks-with-water-parks-sports","theme-parks","3","Water Parks Sports","STD_GST","Tier 78","2026-06-06","2026-06-06","497.88","484.05"
"theme-parks-with-water-parks-sports","theme-parks","3","Water Parks Sports","STD_GST","Tier 79","2026-06-07","2026-06-07","501.56","487.55"
"theme-parks-with-water-parks-sports","theme-parks","3","Water Parks Sports","STD_GST","Tier 80","2026-06-08","2026-06-08","495.11","481.28"
"theme-parks-with-water-parks-sports","theme-parks","3","Water Parks Sports","STD_GST","Tier 81","2026-06-09","2026-06-09","500.65","486.82"
"theme-parks-with-water-parks-sports","theme-parks","3","Water Parks Sports","STD_GST","Tier 82","2026-06-10","2026-06-12","503.41","489.58"
"theme-parks-with-water-parks-sports","theme-parks","3","Water Parks Sports","STD_GST","Tier 83","2026-06-13","2026-06-13","500.65","486.82"
"theme-parks-with-water-parks-sports","theme-parks","3","Water Parks Sports","STD_GST","Tier 84","2026-06-14","2026-06-15","495.11","481.28"
"theme-parks-with-water-parks-sports","theme-parks","3","Water Parks Sports","STD_GST","Tier 85","2026-06-16","2026-06-16","500.65","486.82"
"theme-parks-with-water-parks-sports","theme-parks","3","Water Parks Sports","STD_GST","Tier 86","2026-06-17","2026-06-17","503.41","489.58"
"theme-parks-with-water-parks-sports","theme-parks","3","Water Parks Sports","STD_GST","Tier 87","2026-06-18","2026-06-19","506.18","492.35"
"theme-parks-with-water-parks-sports","theme-parks","3","Water Parks Sports","STD_GST","Tier 88","2026-06-20","2026-06-21","503.41","489.58"
"theme-parks-with-water-parks-sports","theme-parks","3","Water Parks Sports","STD_GST","Tier 89","2026-06-22","2026-06-22","506.73","492.9"
"theme-parks-with-water-parks-sports","theme-parks","3","Water Parks Sports","STD_GST","Tier 90","2026-06-23","2026-06-23","510.05","496.22"
"theme-parks-with-water-parks-sports","theme-parks","3","Water Parks Sports","STD_GST","Tier 91","2026-06-24","2026-06-24","516.14","502.31"
"theme-parks-with-water-parks-sports","theme-parks","3","Water Parks Sports","STD_GST","Tier 92","2026-06-25","2026-06-25","518.9","505.07"
"theme-parks-with-water-parks-sports","theme-parks","3","Water Parks Sports","STD_GST","Tier 93","2026-06-26","2026-06-26","523.41","509.4"
"theme-parks-with-water-parks-sports","theme-parks","3","Water Parks Sports","STD_GST","Tier 94","2026-06-27","2026-06-27","517.25","503.24"
"theme-parks-with-water-parks-sports","theme-parks","3","Water Parks Sports","STD_GST","Tier 95","2026-06-28","2026-06-28","511.65","497.64"
"theme-parks-with-water-parks-sports","theme-parks","3","Water Parks Sports","STD_GST","Tier 96","2026-06-29","2026-06-29","511.08","497.07"
"theme-parks-with-water-parks-sports","theme-parks","3","Water Parks Sports","STD_GST","Tier 97","2026-06-30","2026-06-30","513.89","499.88"
"theme-parks-with-water-parks-sports","theme-parks","3","Water Parks Sports","STD_GST","Tier 98","2026-07-01","2026-07-01","513.33","499.32"
"theme-parks-with-water-parks-sports","theme-parks","3","Water Parks Sports","STD_GST","Tier 99","2026-07-02","2026-07-02","512.77","498.76"
"theme-parks-with-water-parks-sports","theme-parks","3","Water Parks Sports","STD_GST","Tier 100","2026-07-03","2026-07-03","508.28","494.27"
"theme-parks-with-water-parks-sports","theme-parks","3","Water Parks Sports","STD_GST","Tier 101","2026-07-04","2026-07-04","498.76","484.75"
"theme-parks-with-water-parks-sports","theme-parks","3","Water Parks Sports","STD_GST","Tier 102","2026-07-05","2026-07-05","489.23","475.22"
"theme-parks-with-water-parks-sports","theme-parks","3","Water Parks Sports","STD_GST","Tier 103","2026-07-06","2026-07-06","485.31","471.3"
"theme-parks-with-water-parks-sports","theme-parks","4","Water Parks Sports","STD_GST","Tier 1","2026-03-08","2026-03-09","679.72","661.86"
"theme-parks-with-water-parks-sports","theme-parks","4","Water Parks Sports","STD_GST","Tier 2","2026-03-10","2026-03-10","678.68","660.82"
"theme-parks-with-water-parks-sports","theme-parks","4","Water Parks Sports","STD_GST","Tier 3","2026-03-11","2026-03-11","677.64","659.78"
"theme-parks-with-water-parks-sports","theme-parks","4","Water Parks Sports","STD_GST","Tier 4","2026-03-12","2026-03-12","674.61","656.75"
"theme-parks-with-water-parks-sports","theme-parks","4","Water Parks Sports","STD_GST","Tier 5","2026-03-13","2026-03-13","671.54","653.68"
"theme-parks-with-water-parks-sports","theme-parks","4","Water Parks Sports","STD_GST","Tier 6","2026-03-14","2026-03-14","669.5","651.64"
"theme-parks-with-water-parks-sports","theme-parks","4","Water Parks Sports","STD_GST","Tier 7","2026-03-15","2026-03-15","667.96","650.1"
"theme-parks-with-water-parks-sports","theme-parks","4","Water Parks Sports","STD_GST","Tier 8","2026-03-16","2026-03-16","666.43","648.57"
"theme-parks-with-water-parks-sports","theme-parks","4","Water Parks Sports","STD_GST","Tier 9","2026-03-17","2026-03-17","667.46","649.6"
"theme-parks-with-water-parks-sports","theme-parks","4","Water Parks Sports","STD_GST","Tier 10","2026-03-18","2026-03-18","665.93","648.07"
"theme-parks-with-water-parks-sports","theme-parks","4","Water Parks Sports","STD_GST","Tier 11","2026-03-19","2026-03-19","666.43","648.57"
"theme-parks-with-water-parks-sports","theme-parks","4","Water Parks Sports","STD_GST","Tier 12","2026-03-20","2026-03-20","666.93","649.07"
"theme-parks-with-water-parks-sports","theme-parks","4","Water Parks Sports","STD_GST","Tier 13","2026-03-21","2026-03-21","665.93","648.07"
"theme-parks-with-water-parks-sports","theme-parks","4","Water Parks Sports","STD_GST","Tier 14","2026-03-22","2026-03-22","667.46","649.6"
"theme-parks-with-water-parks-sports","theme-parks","4","Water Parks Sports","STD_GST","Tier 15","2026-03-23","2026-03-24","669","651.14"
"theme-parks-with-water-parks-sports","theme-parks","4","Water Parks Sports","STD_GST","Tier 16","2026-03-25","2026-03-25","671.54","653.68"
"theme-parks-with-water-parks-sports","theme-parks","4","Water Parks Sports","STD_GST","Tier 17","2026-03-26","2026-03-26","674.07","656.21"
"theme-parks-with-water-parks-sports","theme-parks","4","Water Parks Sports","STD_GST","Tier 18","2026-03-27","2026-03-27","676.64","658.78"
"theme-parks-with-water-parks-sports","theme-parks","4","Water Parks Sports","STD_GST","Tier 19","2026-03-28","2026-04-07","679.72","661.86"
"theme-parks-with-water-parks-sports","theme-parks","4","Water Parks Sports","STD_GST","Tier 20","2026-04-08","2026-04-08","677.14","659.28"
"theme-parks-with-water-parks-sports","theme-parks","4","Water Parks Sports","STD_GST","Tier 21","2026-04-09","2026-04-09","674.61","656.75"
"theme-parks-with-water-parks-sports","theme-parks","4","Water Parks Sports","STD_GST","Tier 22","2026-04-10","2026-04-14","672.04","654.18"
"theme-parks-with-water-parks-sports","theme-parks","4","Water Parks Sports","STD_GST","Tier 23","2026-04-15","2026-04-20","674.61","656.75"
"theme-parks-with-water-parks-sports","theme-parks","4","Water Parks Sports","STD_GST","Tier 24","2026-04-21","2026-04-21","671.54","653.68"
"theme-parks-with-water-parks-sports","theme-parks","4","Water Parks Sports","STD_GST","Tier 25","2026-04-22","2026-04-22","665.93","648.07"
"theme-parks-with-water-parks-sports","theme-parks","4","Water Parks Sports","STD_GST","Tier 26","2026-04-23","2026-04-23","660.32","642.46"
"theme-parks-with-water-parks-sports","theme-parks","4","Water Parks Sports","STD_GST","Tier 27","2026-04-24","2026-04-24","657.25","639.39"
"theme-parks-with-water-parks-sports","theme-parks","4","Water Parks Sports","STD_GST","Tier 28","2026-04-25","2026-04-25","654.18","636.32"
"theme-parks-with-water-parks-sports","theme-parks","4","Water Parks Sports","STD_GST","Tier 29","2026-04-26","2026-04-26","653.68","635.82"
"theme-parks-with-water-parks-sports","theme-parks","4","Water Parks Sports","STD_GST","Tier 30","2026-04-27","2026-04-27","648.07","630.21"
"theme-parks-with-water-parks-sports","theme-parks","4","Water Parks Sports","STD_GST","Tier 31","2026-04-28","2026-04-28","652.14","634.28"
"theme-parks-with-water-parks-sports","theme-parks","4","Water Parks Sports","STD_GST","Tier 32","2026-04-29","2026-04-29","649.28","631.54"
"theme-parks-with-water-parks-sports","theme-parks","4","Water Parks Sports","STD_GST","Tier 33","2026-04-30","2026-04-30","651.14","633.28"
"theme-parks-with-water-parks-sports","theme-parks","4","Water Parks Sports","STD_GST","Tier 34","2026-05-01","2026-05-01","644.21","626.47"
"theme-parks-with-water-parks-sports","theme-parks","4","Water Parks Sports","STD_GST","Tier 35","2026-05-02","2026-05-02","651.14","633.28"
"theme-parks-with-water-parks-sports","theme-parks","4","Water Parks Sports","STD_GST","Tier 36","2026-05-03","2026-05-03","646.76","629.02"
"theme-parks-with-water-parks-sports","theme-parks","4","Water Parks Sports","STD_GST","Tier 37","2026-05-04","2026-05-04","656.21","638.35"
"theme-parks-with-water-parks-sports","theme-parks","4","Water Parks Sports","STD_GST","Tier 38","2026-05-05","2026-05-05","652.14","634.28"
"theme-parks-with-water-parks-sports","theme-parks","4","Water Parks Sports","STD_GST","Tier 39","2026-05-06","2026-05-06","650.6","632.74"
"theme-parks-with-water-parks-sports","theme-parks","4","Water Parks Sports","STD_GST","Tier 40","2026-05-07","2026-05-07","655.71","637.85"
"theme-parks-with-water-parks-sports","theme-parks","4","Water Parks Sports","STD_GST","Tier 41","2026-05-08","2026-05-08","658.28","640.42"
"theme-parks-with-water-parks-sports","theme-parks","4","Water Parks Sports","STD_GST","Tier 42","2026-05-09","2026-05-09","657.25","639.39"
"theme-parks-with-water-parks-sports","theme-parks","4","Water Parks Sports","STD_GST","Tier 43","2026-05-10","2026-05-10","656.21","638.35"
"theme-parks-with-water-parks-sports","theme-parks","4","Water Parks Sports","STD_GST","Tier 44","2026-05-11","2026-05-11","652.64","634.78"
"theme-parks-with-water-parks-sports","theme-parks","4","Water Parks Sports","STD_GST","Tier 45","2026-05-12","2026-05-15","647.57","629.71"
"theme-parks-with-water-parks-sports","theme-parks","4","Water Parks Sports","STD_GST","Tier 46","2026-05-16","2026-05-16","649.07","631.21"
"theme-parks-with-water-parks-sports","theme-parks","4","Water Parks Sports","STD_GST","Tier 47","2026-05-17","2026-05-17","650.6","632.74"
"theme-parks-with-water-parks-sports","theme-parks","4","Water Parks Sports","STD_GST","Tier 48","2026-05-18","2026-05-18","654.71","636.85"
"theme-parks-with-water-parks-sports","theme-parks","4","Water Parks Sports","STD_GST","Tier 49","2026-05-19","2026-05-19","662.86","645"
"theme-parks-with-water-parks-sports","theme-parks","4","Water Parks Sports","STD_GST","Tier 50","2026-05-20","2026-05-20","667.96","650.1"
"theme-parks-with-water-parks-sports","theme-parks","4","Water Parks Sports","STD_GST","Tier 51","2026-05-21","2026-05-21","673.07","655.21"
"theme-parks-with-water-parks-sports","theme-parks","4","Water Parks Sports","STD_GST","Tier 52","2026-05-22","2026-05-22","678.18","660.32"
"theme-parks-with-water-parks-sports","theme-parks","4","Water Parks Sports","STD_GST","Tier 53","2026-05-23","2026-05-23","676.14","658.28"
"theme-parks-with-water-parks-sports","theme-parks","4","Water Parks Sports","STD_GST","Tier 54","2026-05-24","2026-05-24","672.04","654.18"
"theme-parks-with-water-parks-sports","theme-parks","4","Water Parks Sports","STD_GST","Tier 55","2026-05-25","2026-05-25","665.43","647.57"
"theme-parks-with-water-parks-sports","theme-parks","4","Water Parks Sports","STD_GST","Tier 56","2026-05-26","2026-05-26","662.36","644.5"
"theme-parks-with-water-parks-sports","theme-parks","4","Water Parks Sports","STD_GST","Tier 57","2026-05-27","2026-05-27","659.78","641.92"
"theme-parks-with-water-parks-sports","theme-parks","4","Water Parks Sports","STD_GST","Tier 58","2026-05-28","2026-05-28","654.71","636.85"
"theme-parks-with-water-parks-sports","theme-parks","4","Water Parks Sports","STD_GST","Tier 59","2026-05-29","2026-05-29","649.6","631.74"
"theme-parks-with-water-parks-sports","theme-parks","4","Water Parks Sports","STD_GST","Tier 60","2026-05-30","2026-05-30","642.68","624.94"
"theme-parks-with-water-parks-sports","theme-parks","4","Water Parks Sports","STD_GST","Tier 61","2026-05-31","2026-05-31","642.19","624.45"
"theme-parks-with-water-parks-sports","theme-parks","4","Water Parks Sports","STD_GST","Tier 62","2026-06-01","2026-06-01","644.21","626.47"
"theme-parks-with-water-parks-sports","theme-parks","4","Water Parks Sports","STD_GST","Tier 63","2026-06-02","2026-06-02","641.69","623.95"
"theme-parks-with-water-parks-sports","theme-parks","4","Water Parks Sports","STD_GST","Tier 64","2026-06-03","2026-06-04","639.14","621.4"
"theme-parks-with-water-parks-sports","theme-parks","4","Water Parks Sports","STD_GST","Tier 65","2026-06-05","2026-06-05","643.46","625.6"
"theme-parks-with-water-parks-sports","theme-parks","4","Water Parks Sports","STD_GST","Tier 66","2026-06-06","2026-06-06","639.14","621.4"
"theme-parks-with-water-parks-sports","theme-parks","4","Water Parks Sports","STD_GST","Tier 67","2026-06-07","2026-06-07","646.03","628.17"
"theme-parks-with-water-parks-sports","theme-parks","4","Water Parks Sports","STD_GST","Tier 68","2026-06-08","2026-06-15","641.69","623.95"
"theme-parks-with-water-parks-sports","theme-parks","4","Water Parks Sports","STD_GST","Tier 69","2026-06-16","2026-06-18","644.21","626.47"
"theme-parks-with-water-parks-sports","theme-parks","4","Water Parks Sports","STD_GST","Tier 70","2026-06-19","2026-06-19","649.28","631.54"
"theme-parks-with-water-parks-sports","theme-parks","4","Water Parks Sports","STD_GST","Tier 71","2026-06-20","2026-06-20","652.34","634.6"
"theme-parks-with-water-parks-sports","theme-parks","4","Water Parks Sports","STD_GST","Tier 72","2026-06-21","2026-06-21","652.83","635.09"
"theme-parks-with-water-parks-sports","theme-parks","4","Water Parks Sports","STD_GST","Tier 73","2026-06-22","2026-06-23","655.88","638.14"
"theme-parks-with-water-parks-sports","theme-parks","4","Water Parks Sports","STD_GST","Tier 74","2026-06-24","2026-06-25","658.9","641.16"
"theme-parks-with-water-parks-sports","theme-parks","4","Water Parks Sports","STD_GST","Tier 75","2026-06-26","2026-06-26","658.78","640.92"
"theme-parks-with-water-parks-sports","theme-parks","4","Water Parks Sports","STD_GST","Tier 76","2026-06-27","2026-06-27","658.28","640.42"
"theme-parks-with-water-parks-sports","theme-parks","4","Water Parks Sports","STD_GST","Tier 77","2026-06-28","2026-06-28","657.75","639.89"
"theme-parks-with-water-parks-sports","theme-parks","4","Water Parks Sports","STD_GST","Tier 78","2026-06-29","2026-06-29","654.71","636.85"
"theme-parks-with-water-parks-sports","theme-parks","4","Water Parks Sports","STD_GST","Tier 79","2026-06-30","2026-06-30","651.64","633.78"
"theme-parks-with-water-parks-sports","theme-parks","4","Water Parks Sports","STD_GST","Tier 80","2026-07-01","2026-07-01","645","627.14"
"theme-parks-with-water-parks-sports","theme-parks","4","Water Parks Sports","STD_GST","Tier 81","2026-07-02","2026-07-02","641.42","623.56"
"theme-parks-with-water-parks-sports","theme-parks","4","Water Parks Sports","STD_GST","Tier 82","2026-07-03","2026-07-03","637.35","619.49"
"theme-parks-with-water-parks-sports","theme-parks","4","Water Parks Sports","STD_GST","Tier 83","2026-07-04","2026-07-04","631.21","613.35"
"theme-parks-with-water-parks-sports","theme-parks","4","Water Parks Sports","STD_GST","Tier 84","2026-07-05","2026-07-05","625.1","607.24"
"theme-parks-with-water-parks-sports","theme-parks","4","Water Parks Sports","STD_GST","Tier 85","2026-07-06","2026-07-06","618.99","601.13"
"theme-parks-with-water-parks-sports","theme-parks","5","Water Parks Sports","STD_GST","Tier 1","2026-03-08","2026-03-08","762.95","742.93"
"theme-parks-with-water-parks-sports","theme-parks","5","Water Parks Sports","STD_GST","Tier 2","2026-03-09","2026-03-09","760.47","740.44"
"theme-parks-with-water-parks-sports","theme-parks","5","Water Parks Sports","STD_GST","Tier 3","2026-03-10","2026-03-10","759.47","739.44"
"theme-parks-with-water-parks-sports","theme-parks","5","Water Parks Sports","STD_GST","Tier 4","2026-03-11","2026-03-11","756.46","736.44"
"theme-parks-with-water-parks-sports","theme-parks","5","Water Parks Sports","STD_GST","Tier 5","2026-03-12","2026-03-12","753.46","733.44"
"theme-parks-with-water-parks-sports","theme-parks","5","Water Parks Sports","STD_GST","Tier 6","2026-03-13","2026-03-13","752.94","732.91"
"theme-parks-with-water-parks-sports","theme-parks","5","Water Parks Sports","STD_GST","Tier 7","2026-03-14","2026-03-14","751.46","731.43"
"theme-parks-with-water-parks-sports","theme-parks","5","Water Parks Sports","STD_GST","Tier 8","2026-03-15","2026-03-15","749.94","729.91"
"theme-parks-with-water-parks-sports","theme-parks","5","Water Parks Sports","STD_GST","Tier 9","2026-03-16","2026-03-16","748.45","728.43"
"theme-parks-with-water-parks-sports","theme-parks","5","Water Parks Sports","STD_GST","Tier 10","2026-03-17","2026-03-17","746.93","726.91"
"theme-parks-with-water-parks-sports","theme-parks","5","Water Parks Sports","STD_GST","Tier 11","2026-03-18","2026-03-18","745.45","725.43"
"theme-parks-with-water-parks-sports","theme-parks","5","Water Parks Sports","STD_GST","Tier 12","2026-03-19","2026-03-19","745.93","725.91"
"theme-parks-with-water-parks-sports","theme-parks","5","Water Parks Sports","STD_GST","Tier 13","2026-03-20","2026-03-20","747.45","727.43"
"theme-parks-with-water-parks-sports","theme-parks","5","Water Parks Sports","STD_GST","Tier 14","2026-03-21","2026-03-21","749.46","729.43"
"theme-parks-with-water-parks-sports","theme-parks","5","Water Parks Sports","STD_GST","Tier 15","2026-03-22","2026-03-24","750.94","730.91"
"theme-parks-with-water-parks-sports","theme-parks","5","Water Parks Sports","STD_GST","Tier 16","2026-03-25","2026-03-25","753.46","733.44"
"theme-parks-with-water-parks-sports","theme-parks","5","Water Parks Sports","STD_GST","Tier 17","2026-03-26","2026-03-26","755.94","735.92"
"theme-parks-with-water-parks-sports","theme-parks","5","Water Parks Sports","STD_GST","Tier 18","2026-03-27","2026-03-27","759.95","739.92"
"theme-parks-with-water-parks-sports","theme-parks","5","Water Parks Sports","STD_GST","Tier 19","2026-03-28","2026-03-29","762.95","742.93"
"theme-parks-with-water-parks-sports","theme-parks","5","Water Parks Sports","STD_GST","Tier 20","2026-03-30","2026-04-02","761.47","741.45"
"theme-parks-with-water-parks-sports","theme-parks","5","Water Parks Sports","STD_GST","Tier 21","2026-04-03","2026-04-05","762.95","742.93"
"theme-parks-with-water-parks-sports","theme-parks","5","Water Parks Sports","STD_GST","Tier 22","2026-04-06","2026-04-06","761.47","741.45"
"theme-parks-with-water-parks-sports","theme-parks","5","Water Parks Sports","STD_GST","Tier 23","2026-04-07","2026-04-07","758.95","738.92"
"theme-parks-with-water-parks-sports","theme-parks","5","Water Parks Sports","STD_GST","Tier 24","2026-04-08","2026-04-08","756.46","736.44"
"theme-parks-with-water-parks-sports","theme-parks","5","Water Parks Sports","STD_GST","Tier 25","2026-04-09","2026-04-09","753.94","733.92"
"theme-parks-with-water-parks-sports","theme-parks","5","Water Parks Sports","STD_GST","Tier 26","2026-04-10","2026-04-12","755.46","735.44"
"theme-parks-with-water-parks-sports","theme-parks","5","Water Parks Sports","STD_GST","Tier 27","2026-04-13","2026-04-16","753.94","733.92"
"theme-parks-with-water-parks-sports","theme-parks","5","Water Parks Sports","STD_GST","Tier 28","2026-04-17","2026-04-19","757.95","737.92"
"theme-parks-with-water-parks-sports","theme-parks","5","Water Parks Sports","STD_GST","Tier 29","2026-04-20","2026-04-20","753.46","733.44"
"theme-parks-with-water-parks-sports","theme-parks","5","Water Parks Sports","STD_GST","Tier 30","2026-04-21","2026-04-21","747.93","727.91"
"theme-parks-with-water-parks-sports","theme-parks","5","Water Parks Sports","STD_GST","Tier 31","2026-04-22","2026-04-22","739.92","719.9"
"theme-parks-with-water-parks-sports","theme-parks","5","Water Parks Sports","STD_GST","Tier 32","2026-04-23","2026-04-23","736.92","716.89"
"theme-parks-with-water-parks-sports","theme-parks","5","Water Parks Sports","STD_GST","Tier 33","2026-04-24","2026-04-24","737.92","717.9"
"theme-parks-with-water-parks-sports","theme-parks","5","Water Parks Sports","STD_GST","Tier 34","2026-04-25","2026-04-25","737.44","717.42"
"theme-parks-with-water-parks-sports","theme-parks","5","Water Parks Sports","STD_GST","Tier 35","2026-04-26","2026-04-26","731.91","711.89"
"theme-parks-with-water-parks-sports","theme-parks","5","Water Parks Sports","STD_GST","Tier 36","2026-04-27","2026-04-27","731.43","711.41"
"theme-parks-with-water-parks-sports","theme-parks","5","Water Parks Sports","STD_GST","Tier 37","2026-04-28","2026-04-28","714.93","695.33"
"theme-parks-with-water-parks-sports","theme-parks","5","Water Parks Sports","STD_GST","Tier 38","2026-04-29","2026-04-30","710.03","690.43"
"theme-parks-with-water-parks-sports","theme-parks","5","Water Parks Sports","STD_GST","Tier 39","2026-05-01","2026-05-01","716.38","696.78"
"theme-parks-with-water-parks-sports","theme-parks","5","Water Parks Sports","STD_GST","Tier 40","2026-05-02","2026-05-03","718.85","699.25"
"theme-parks-with-water-parks-sports","theme-parks","5","Water Parks Sports","STD_GST","Tier 41","2026-05-04","2026-05-04","735.44","715.41"
"theme-parks-with-water-parks-sports","theme-parks","5","Water Parks Sports","STD_GST","Tier 42","2026-05-05","2026-05-05","728.91","708.88"
"theme-parks-with-water-parks-sports","theme-parks","5","Water Parks Sports","STD_GST","Tier 43","2026-05-06","2026-05-06","727.43","707.4"
"theme-parks-with-water-parks-sports","theme-parks","5","Water Parks Sports","STD_GST","Tier 44","2026-05-07","2026-05-07","732.43","712.41"
"theme-parks-with-water-parks-sports","theme-parks","5","Water Parks Sports","STD_GST","Tier 45","2026-05-08","2026-05-08","740.44","720.42"
"theme-parks-with-water-parks-sports","theme-parks","5","Water Parks Sports","STD_GST","Tier 46","2026-05-09","2026-05-09","739.44","719.42"
"theme-parks-with-water-parks-sports","theme-parks","5","Water Parks Sports","STD_GST","Tier 47","2026-05-10","2026-05-10","735.92","715.89"
"theme-parks-with-water-parks-sports","theme-parks","5","Water Parks Sports","STD_GST","Tier 48","2026-05-11","2026-05-11","726.91","706.88"
"theme-parks-with-water-parks-sports","theme-parks","5","Water Parks Sports","STD_GST","Tier 49","2026-05-12","2026-05-14","724.42","704.4"
"theme-parks-with-water-parks-sports","theme-parks","5","Water Parks Sports","STD_GST","Tier 50","2026-05-15","2026-05-15","731.43","711.41"
"theme-parks-with-water-parks-sports","theme-parks","5","Water Parks Sports","STD_GST","Tier 51","2026-05-16","2026-05-16","732.91","712.89"
"theme-parks-with-water-parks-sports","theme-parks","5","Water Parks Sports","STD_GST","Tier 52","2026-05-17","2026-05-17","734.44","714.41"
"theme-parks-with-water-parks-sports","theme-parks","5","Water Parks Sports","STD_GST","Tier 53","2026-05-18","2026-05-18","736.92","716.89"
"theme-parks-with-water-parks-sports","theme-parks","5","Water Parks Sports","STD_GST","Tier 54","2026-05-19","2026-05-19","744.45","724.42"
"theme-parks-with-water-parks-sports","theme-parks","5","Water Parks Sports","STD_GST","Tier 55","2026-05-20","2026-05-20","749.46","729.43"
"theme-parks-with-water-parks-sports","theme-parks","5","Water Parks Sports","STD_GST","Tier 56","2026-05-21","2026-05-21","754.46","734.44"
"theme-parks-with-water-parks-sports","theme-parks","5","Water Parks Sports","STD_GST","Tier 57","2026-05-22","2026-05-22","759.47","739.44"
"theme-parks-with-water-parks-sports","theme-parks","5","Water Parks Sports","STD_GST","Tier 58","2026-05-23","2026-05-23","755.46","735.44"
"theme-parks-with-water-parks-sports","theme-parks","5","Water Parks Sports","STD_GST","Tier 59","2026-05-24","2026-05-24","748.93","728.91"
"theme-parks-with-water-parks-sports","theme-parks","5","Water Parks Sports","STD_GST","Tier 60","2026-05-25","2026-05-25","744.45","724.42"
"theme-parks-with-water-parks-sports","theme-parks","5","Water Parks Sports","STD_GST","Tier 61","2026-05-26","2026-05-26","741.45","721.42"
"theme-parks-with-water-parks-sports","theme-parks","5","Water Parks Sports","STD_GST","Tier 62","2026-05-27","2026-05-27","736.44","716.41"
"theme-parks-with-water-parks-sports","theme-parks","5","Water Parks Sports","STD_GST","Tier 63","2026-05-28","2026-05-28","731.43","711.41"
"theme-parks-with-water-parks-sports","theme-parks","5","Water Parks Sports","STD_GST","Tier 64","2026-05-29","2026-05-29","713.44","693.84"
"theme-parks-with-water-parks-sports","theme-parks","5","Water Parks Sports","STD_GST","Tier 65","2026-05-30","2026-05-30","711.01","691.41"
"theme-parks-with-water-parks-sports","theme-parks","5","Water Parks Sports","STD_GST","Tier 66","2026-05-31","2026-05-31","710.5","690.9"
"theme-parks-with-water-parks-sports","theme-parks","5","Water Parks Sports","STD_GST","Tier 67","2026-06-01","2026-06-01","710.03","690.43"
"theme-parks-with-water-parks-sports","theme-parks","5","Water Parks Sports","STD_GST","Tier 68","2026-06-02","2026-06-02","707.56","687.96"
"theme-parks-with-water-parks-sports","theme-parks","5","Water Parks Sports","STD_GST","Tier 69","2026-06-03","2026-06-04","705.13","685.53"
"theme-parks-with-water-parks-sports","theme-parks","5","Water Parks Sports","STD_GST","Tier 70","2026-06-05","2026-06-05","707.56","687.96"
"theme-parks-with-water-parks-sports","theme-parks","5","Water Parks Sports","STD_GST","Tier 71","2026-06-06","2026-06-07","710.03","690.43"
"theme-parks-with-water-parks-sports","theme-parks","5","Water Parks Sports","STD_GST","Tier 72","2026-06-08","2026-06-11","707.56","687.96"
"theme-parks-with-water-parks-sports","theme-parks","5","Water Parks Sports","STD_GST","Tier 73","2026-06-12","2026-06-12","710.03","690.43"
"theme-parks-with-water-parks-sports","theme-parks","5","Water Parks Sports","STD_GST","Tier 74","2026-06-13","2026-06-13","712.46","692.86"
"theme-parks-with-water-parks-sports","theme-parks","5","Water Parks Sports","STD_GST","Tier 75","2026-06-14","2026-06-17","710.03","690.43"
"theme-parks-with-water-parks-sports","theme-parks","5","Water Parks Sports","STD_GST","Tier 76","2026-06-18","2026-06-18","714.93","695.33"
"theme-parks-with-water-parks-sports","theme-parks","5","Water Parks Sports","STD_GST","Tier 77","2026-06-19","2026-06-19","720.3","700.7"
"theme-parks-with-water-parks-sports","theme-parks","5","Water Parks Sports","STD_GST","Tier 78","2026-06-20","2026-06-20","723.24","703.64"
"theme-parks-with-water-parks-sports","theme-parks","5","Water Parks Sports","STD_GST","Tier 79","2026-06-21","2026-06-22","723.75","704.15"
"theme-parks-with-water-parks-sports","theme-parks","5","Water Parks Sports","STD_GST","Tier 80","2026-06-23","2026-06-24","724.22","704.62"
"theme-parks-with-water-parks-sports","theme-parks","5","Water Parks Sports","STD_GST","Tier 81","2026-06-25","2026-06-26","740.44","720.42"
"theme-parks-with-water-parks-sports","theme-parks","5","Water Parks Sports","STD_GST","Tier 82","2026-06-27","2026-06-27","739.92","719.9"
"theme-parks-with-water-parks-sports","theme-parks","5","Water Parks Sports","STD_GST","Tier 83","2026-06-28","2026-06-28","736.92","716.89"
"theme-parks-with-water-parks-sports","theme-parks","5","Water Parks Sports","STD_GST","Tier 84","2026-06-29","2026-06-29","730.91","710.89"
"theme-parks-with-water-parks-sports","theme-parks","5","Water Parks Sports","STD_GST","Tier 85","2026-06-30","2026-06-30","724.9","704.88"
"theme-parks-with-water-parks-sports","theme-parks","5","Water Parks Sports","STD_GST","Tier 86","2026-07-01","2026-07-01","718.42","698.39"
"theme-parks-with-water-parks-sports","theme-parks","5","Water Parks Sports","STD_GST","Tier 87","2026-07-02","2026-07-02","714.89","694.87"
"theme-parks-with-water-parks-sports","theme-parks","5","Water Parks Sports","STD_GST","Tier 88","2026-07-03","2026-07-03","713.41","693.39"
"theme-parks-with-water-parks-sports","theme-parks","5","Water Parks Sports","STD_GST","Tier 89","2026-07-04","2026-07-04","707.4","687.38"
"theme-parks-with-water-parks-sports","theme-parks","5","Water Parks Sports","STD_GST","Tier 90","2026-07-05","2026-07-05","684.04","664.44"
"theme-parks-with-water-parks-sports","theme-parks","5","Water Parks Sports","STD_GST","Tier 91","2026-07-06","2026-07-06","675.73","656.13"
"theme-parks-with-water-parks-sports","theme-parks","6","Water Parks Sports","STD_GST","Tier 1","2026-03-08","2026-03-08","806.45","785.24"
"theme-parks-with-water-parks-sports","theme-parks","6","Water Parks Sports","STD_GST","Tier 2","2026-03-09","2026-03-09","804.11","782.9"
"theme-parks-with-water-parks-sports","theme-parks","6","Water Parks Sports","STD_GST","Tier 3","2026-03-10","2026-03-10","801.27","780.06"
"theme-parks-with-water-parks-sports","theme-parks","6","Water Parks Sports","STD_GST","Tier 4","2026-03-11","2026-03-11","798.43","777.22"
"theme-parks-with-water-parks-sports","theme-parks","6","Water Parks Sports","STD_GST","Tier 5","2026-03-12","2026-03-13","797.96","776.75"
"theme-parks-with-water-parks-sports","theme-parks","6","Water Parks Sports","STD_GST","Tier 6","2026-03-14","2026-03-14","796.56","775.35"
"theme-parks-with-water-parks-sports","theme-parks","6","Water Parks Sports","STD_GST","Tier 7","2026-03-15","2026-03-15","795.12","773.91"
"theme-parks-with-water-parks-sports","theme-parks","6","Water Parks Sports","STD_GST","Tier 8","2026-03-16","2026-03-16","791.39","770.18"
"theme-parks-with-water-parks-sports","theme-parks","6","Water Parks Sports","STD_GST","Tier 9","2026-03-17","2026-03-17","789.95","768.74"
"theme-parks-with-water-parks-sports","theme-parks","6","Water Parks Sports","STD_GST","Tier 10","2026-03-18","2026-03-18","788.55","767.34"
"theme-parks-with-water-parks-sports","theme-parks","6","Water Parks Sports","STD_GST","Tier 11","2026-03-19","2026-03-19","789.95","768.74"
"theme-parks-with-water-parks-sports","theme-parks","6","Water Parks Sports","STD_GST","Tier 12","2026-03-20","2026-03-20","794.19","772.98"
"theme-parks-with-water-parks-sports","theme-parks","6","Water Parks Sports","STD_GST","Tier 13","2026-03-21","2026-03-24","796.1","774.89"
"theme-parks-with-water-parks-sports","theme-parks","6","Water Parks Sports","STD_GST","Tier 14","2026-03-25","2026-03-25","798.43","777.22"
"theme-parks-with-water-parks-sports","theme-parks","6","Water Parks Sports","STD_GST","Tier 15","2026-03-26","2026-03-26","802.2","780.99"
"theme-parks-with-water-parks-sports","theme-parks","6","Water Parks Sports","STD_GST","Tier 16","2026-03-27","2026-03-27","805.98","784.77"
"theme-parks-with-water-parks-sports","theme-parks","6","Water Parks Sports","STD_GST","Tier 17","2026-03-28","2026-03-28","808.82","787.61"
"theme-parks-with-water-parks-sports","theme-parks","6","Water Parks Sports","STD_GST","Tier 18","2026-03-29","2026-03-29","807.38","786.17"
"theme-parks-with-water-parks-sports","theme-parks","6","Water Parks Sports","STD_GST","Tier 19","2026-03-30","2026-04-01","805.98","784.77"
"theme-parks-with-water-parks-sports","theme-parks","6","Water Parks Sports","STD_GST","Tier 20","2026-04-02","2026-04-02","807.38","786.17"
"theme-parks-with-water-parks-sports","theme-parks","6","Water Parks Sports","STD_GST","Tier 21","2026-04-03","2026-04-04","808.82","787.61"
"theme-parks-with-water-parks-sports","theme-parks","6","Water Parks Sports","STD_GST","Tier 22","2026-04-05","2026-04-05","807.38","786.17"
"theme-parks-with-water-parks-sports","theme-parks","6","Water Parks Sports","STD_GST","Tier 23","2026-04-06","2026-04-06","803.6","782.39"
"theme-parks-with-water-parks-sports","theme-parks","6","Water Parks Sports","STD_GST","Tier 24","2026-04-07","2026-04-07","801.27","780.06"
"theme-parks-with-water-parks-sports","theme-parks","6","Water Parks Sports","STD_GST","Tier 25","2026-04-08","2026-04-08","798.9","777.69"
"theme-parks-with-water-parks-sports","theme-parks","6","Water Parks Sports","STD_GST","Tier 26","2026-04-09","2026-04-09","800.34","779.13"
"theme-parks-with-water-parks-sports","theme-parks","6","Water Parks Sports","STD_GST","Tier 27","2026-04-10","2026-04-11","801.74","780.53"
"theme-parks-with-water-parks-sports","theme-parks","6","Water Parks Sports","STD_GST","Tier 28","2026-04-12","2026-04-12","800.34","779.13"
"theme-parks-with-water-parks-sports","theme-parks","6","Water Parks Sports","STD_GST","Tier 29","2026-04-13","2026-04-13","798.9","777.69"
"theme-parks-with-water-parks-sports","theme-parks","6","Water Parks Sports","STD_GST","Tier 30","2026-04-14","2026-04-15","796.56","775.35"
"theme-parks-with-water-parks-sports","theme-parks","6","Water Parks Sports","STD_GST","Tier 31","2026-04-16","2026-04-16","800.34","779.13"
"theme-parks-with-water-parks-sports","theme-parks","6","Water Parks Sports","STD_GST","Tier 32","2026-04-17","2026-04-18","804.11","782.9"
"theme-parks-with-water-parks-sports","theme-parks","6","Water Parks Sports","STD_GST","Tier 33","2026-04-19","2026-04-19","799.87","778.66"
"theme-parks-with-water-parks-sports","theme-parks","6","Water Parks Sports","STD_GST","Tier 34","2026-04-20","2026-04-20","793.25","772.04"
"theme-parks-with-water-parks-sports","theme-parks","6","Water Parks Sports","STD_GST","Tier 35","2026-04-21","2026-04-21","785.7","764.49"
"theme-parks-with-water-parks-sports","theme-parks","6","Water Parks Sports","STD_GST","Tier 36","2026-04-22","2026-04-22","780.53","759.32"
"theme-parks-with-water-parks-sports","theme-parks","6","Water Parks Sports","STD_GST","Tier 37","2026-04-23","2026-04-23","781.46","760.25"
"theme-parks-with-water-parks-sports","theme-parks","6","Water Parks Sports","STD_GST","Tier 38","2026-04-24","2026-04-24","784.77","763.56"
"theme-parks-with-water-parks-sports","theme-parks","6","Water Parks Sports","STD_GST","Tier 39","2026-04-25","2026-04-25","779.59","758.38"
"theme-parks-with-water-parks-sports","theme-parks","6","Water Parks Sports","STD_GST","Tier 40","2026-04-26","2026-04-26","779.13","757.92"
"theme-parks-with-water-parks-sports","theme-parks","6","Water Parks Sports","STD_GST","Tier 41","2026-04-27","2026-04-27","773.91","752.7"
"theme-parks-with-water-parks-sports","theme-parks","6","Water Parks Sports","STD_GST","Tier 42","2026-04-28","2026-04-28","736.5","716.13"
"theme-parks-with-water-parks-sports","theme-parks","6","Water Parks Sports","STD_GST","Tier 43","2026-04-29","2026-04-29","734.22","713.85"
"theme-parks-with-water-parks-sports","theme-parks","6","Water Parks Sports","STD_GST","Tier 44","2026-04-30","2026-04-30","742.36","721.99"
"theme-parks-with-water-parks-sports","theme-parks","6","Water Parks Sports","STD_GST","Tier 45","2026-05-01","2026-05-01","748.27","727.9"
"theme-parks-with-water-parks-sports","theme-parks","6","Water Parks Sports","STD_GST","Tier 46","2026-05-02","2026-05-02","750.51","730.14"
"theme-parks-with-water-parks-sports","theme-parks","6","Water Parks Sports","STD_GST","Tier 47","2026-05-03","2026-05-03","746.89","726.52"
"theme-parks-with-water-parks-sports","theme-parks","6","Water Parks Sports","STD_GST","Tier 48","2026-05-04","2026-05-04","776.29","755.08"
"theme-parks-with-water-parks-sports","theme-parks","6","Water Parks Sports","STD_GST","Tier 49","2026-05-05","2026-05-05","770.18","748.97"
"theme-parks-with-water-parks-sports","theme-parks","6","Water Parks Sports","STD_GST","Tier 50","2026-05-06","2026-05-06","768.74","747.53"
"theme-parks-with-water-parks-sports","theme-parks","6","Water Parks Sports","STD_GST","Tier 51","2026-05-07","2026-05-07","778.66","757.45"
"theme-parks-with-water-parks-sports","theme-parks","6","Water Parks Sports","STD_GST","Tier 52","2026-05-08","2026-05-08","786.17","764.96"
"theme-parks-with-water-parks-sports","theme-parks","6","Water Parks Sports","STD_GST","Tier 53","2026-05-09","2026-05-09","782.9","761.69"
"theme-parks-with-water-parks-sports","theme-parks","6","Water Parks Sports","STD_GST","Tier 54","2026-05-10","2026-05-10","774.42","753.21"
"theme-parks-with-water-parks-sports","theme-parks","6","Water Parks Sports","STD_GST","Tier 55","2026-05-11","2026-05-11","768.27","747.06"
"theme-parks-with-water-parks-sports","theme-parks","6","Water Parks Sports","STD_GST","Tier 56","2026-05-12","2026-05-13","765.94","744.73"
"theme-parks-with-water-parks-sports","theme-parks","6","Water Parks Sports","STD_GST","Tier 57","2026-05-14","2026-05-14","772.51","751.3"
"theme-parks-with-water-parks-sports","theme-parks","6","Water Parks Sports","STD_GST","Tier 58","2026-05-15","2026-05-15","779.13","757.92"
"theme-parks-with-water-parks-sports","theme-parks","6","Water Parks Sports","STD_GST","Tier 59","2026-05-16","2026-05-17","780.53","759.32"
"theme-parks-with-water-parks-sports","theme-parks","6","Water Parks Sports","STD_GST","Tier 60","2026-05-18","2026-05-18","782.39","761.18"
"theme-parks-with-water-parks-sports","theme-parks","6","Water Parks Sports","STD_GST","Tier 61","2026-05-19","2026-05-19","789.48","768.27"
"theme-parks-with-water-parks-sports","theme-parks","6","Water Parks Sports","STD_GST","Tier 62","2026-05-20","2026-05-20","794.19","772.98"
"theme-parks-with-water-parks-sports","theme-parks","6","Water Parks Sports","STD_GST","Tier 63","2026-05-21","2026-05-21","798.9","777.69"
"theme-parks-with-water-parks-sports","theme-parks","6","Water Parks Sports","STD_GST","Tier 64","2026-05-22","2026-05-22","801.74","780.53"
"theme-parks-with-water-parks-sports","theme-parks","6","Water Parks Sports","STD_GST","Tier 65","2026-05-23","2026-05-23","795.63","774.42"
"theme-parks-with-water-parks-sports","theme-parks","6","Water Parks Sports","STD_GST","Tier 66","2026-05-24","2026-05-24","791.39","770.18"
"theme-parks-with-water-parks-sports","theme-parks","6","Water Parks Sports","STD_GST","Tier 67","2026-05-25","2026-05-25","787.15","765.94"
"theme-parks-with-water-parks-sports","theme-parks","6","Water Parks Sports","STD_GST","Tier 68","2026-05-26","2026-05-26","781.93","760.72"
"theme-parks-with-water-parks-sports","theme-parks","6","Water Parks Sports","STD_GST","Tier 69","2026-05-27","2026-05-27","777.22","756.01"
"theme-parks-with-water-parks-sports","theme-parks","6","Water Parks Sports","STD_GST","Tier 70","2026-05-28","2026-05-28","774.89","753.68"
"theme-parks-with-water-parks-sports","theme-parks","6","Water Parks Sports","STD_GST","Tier 71","2026-05-29","2026-05-29","741.92","721.55"
"theme-parks-with-water-parks-sports","theme-parks","6","Water Parks Sports","STD_GST","Tier 72","2026-05-30","2026-05-30","739.68","719.31"
"theme-parks-with-water-parks-sports","theme-parks","6","Water Parks Sports","STD_GST","Tier 73","2026-05-31","2026-05-31","736.95","716.58"
"theme-parks-with-water-parks-sports","theme-parks","6","Water Parks Sports","STD_GST","Tier 74","2026-06-01","2026-06-01","736.5","716.13"
"theme-parks-with-water-parks-sports","theme-parks","6","Water Parks Sports","STD_GST","Tier 75","2026-06-02","2026-06-02","734.22","713.85"
"theme-parks-with-water-parks-sports","theme-parks","6","Water Parks Sports","STD_GST","Tier 76","2026-06-03","2026-06-03","731.98","711.61"
"theme-parks-with-water-parks-sports","theme-parks","6","Water Parks Sports","STD_GST","Tier 77","2026-06-04","2026-06-04","734.22","713.85"
"theme-parks-with-water-parks-sports","theme-parks","6","Water Parks Sports","STD_GST","Tier 78","2026-06-05","2026-06-06","738.74","718.37"
"theme-parks-with-water-parks-sports","theme-parks","6","Water Parks Sports","STD_GST","Tier 79","2026-06-07","2026-06-07","736.5","716.13"
"theme-parks-with-water-parks-sports","theme-parks","6","Water Parks Sports","STD_GST","Tier 80","2026-06-08","2026-06-10","734.22","713.85"
"theme-parks-with-water-parks-sports","theme-parks","6","Water Parks Sports","STD_GST","Tier 81","2026-06-11","2026-06-11","736.5","716.13"
"theme-parks-with-water-parks-sports","theme-parks","6","Water Parks Sports","STD_GST","Tier 82","2026-06-12","2026-06-13","741.02","720.65"
"theme-parks-with-water-parks-sports","theme-parks","6","Water Parks Sports","STD_GST","Tier 83","2026-06-14","2026-06-14","738.74","718.37"
"theme-parks-with-water-parks-sports","theme-parks","6","Water Parks Sports","STD_GST","Tier 84","2026-06-15","2026-06-16","736.5","716.13"
"theme-parks-with-water-parks-sports","theme-parks","6","Water Parks Sports","STD_GST","Tier 85","2026-06-17","2026-06-17","741.02","720.65"
"theme-parks-with-water-parks-sports","theme-parks","6","Water Parks Sports","STD_GST","Tier 86","2026-06-18","2026-06-18","745.99","725.62"
"theme-parks-with-water-parks-sports","theme-parks","6","Water Parks Sports","STD_GST","Tier 87","2026-06-19","2026-06-19","750.96","730.59"
"theme-parks-with-water-parks-sports","theme-parks","6","Water Parks Sports","STD_GST","Tier 88","2026-06-20","2026-06-20","753.69","733.32"
"theme-parks-with-water-parks-sports","theme-parks","6","Water Parks Sports","STD_GST","Tier 89","2026-06-21","2026-06-21","751.41","731.04"
"theme-parks-with-water-parks-sports","theme-parks","6","Water Parks Sports","STD_GST","Tier 90","2026-06-22","2026-06-22","751.9","731.53"
"theme-parks-with-water-parks-sports","theme-parks","6","Water Parks Sports","STD_GST","Tier 91","2026-06-23","2026-06-23","749.62","729.25"
"theme-parks-with-water-parks-sports","theme-parks","6","Water Parks Sports","STD_GST","Tier 92","2026-06-24","2026-06-24","750.06","729.69"
"theme-parks-with-water-parks-sports","theme-parks","6","Water Parks Sports","STD_GST","Tier 93","2026-06-25","2026-06-26","785.7","764.49"
"theme-parks-with-water-parks-sports","theme-parks","6","Water Parks Sports","STD_GST","Tier 94","2026-06-27","2026-06-27","782.9","761.69"
"theme-parks-with-water-parks-sports","theme-parks","6","Water Parks Sports","STD_GST","Tier 95","2026-06-28","2026-06-28","777.22","756.01"
"theme-parks-with-water-parks-sports","theme-parks","6","Water Parks Sports","STD_GST","Tier 96","2026-06-29","2026-06-29","768.74","747.53"
"theme-parks-with-water-parks-sports","theme-parks","6","Water Parks Sports","STD_GST","Tier 97","2026-06-30","2026-06-30","763.09","741.88"
"theme-parks-with-water-parks-sports","theme-parks","6","Water Parks Sports","STD_GST","Tier 98","2026-07-01","2026-07-01","756.94","735.73"
"theme-parks-with-water-parks-sports","theme-parks","6","Water Parks Sports","STD_GST","Tier 99","2026-07-02","2026-07-02","756.01","734.8"
"theme-parks-with-water-parks-sports","theme-parks","6","Water Parks Sports","STD_GST","Tier 100","2026-07-03","2026-07-03","754.61","733.4"
"theme-parks-with-water-parks-sports","theme-parks","6","Water Parks Sports","STD_GST","Tier 101","2026-07-04","2026-07-04","746.59","725.38"
"theme-parks-with-water-parks-sports","theme-parks","6","Water Parks Sports","STD_GST","Tier 102","2026-07-05","2026-07-05","707.08","686.71"
"theme-parks-with-water-parks-sports","theme-parks","6","Water Parks Sports","STD_GST","Tier 103","2026-07-06","2026-07-06","701.62","681.25"
"theme-parks-with-water-parks-sports","theme-parks","7","Water Parks Sports","STD_GST","Tier 1","2026-03-08","2026-03-08","827.72","805.91"
"theme-parks-with-water-parks-sports","theme-parks","7","Water Parks Sports","STD_GST","Tier 2","2026-03-09","2026-03-09","823.79","801.99"
"theme-parks-with-water-parks-sports","theme-parks","7","Water Parks Sports","STD_GST","Tier 3","2026-03-10","2026-03-10","821.18","799.37"
"theme-parks-with-water-parks-sports","theme-parks","7","Water Parks Sports","STD_GST","Tier 4","2026-03-11","2026-03-13","820.74","798.94"
"theme-parks-with-water-parks-sports","theme-parks","7","Water Parks Sports","STD_GST","Tier 5","2026-03-14","2026-03-14","819.43","797.63"
"theme-parks-with-water-parks-sports","theme-parks","7","Water Parks Sports","STD_GST","Tier 6","2026-03-15","2026-03-15","815.94","794.14"
"theme-parks-with-water-parks-sports","theme-parks","7","Water Parks Sports","STD_GST","Tier 7","2026-03-16","2026-03-16","812.45","790.65"
"theme-parks-with-water-parks-sports","theme-parks","7","Water Parks Sports","STD_GST","Tier 8","2026-03-17","2026-03-17","811.15","789.34"
"theme-parks-with-water-parks-sports","theme-parks","7","Water Parks Sports","STD_GST","Tier 9","2026-03-18","2026-03-18","810.71","788.9"
"theme-parks-with-water-parks-sports","theme-parks","7","Water Parks Sports","STD_GST","Tier 10","2026-03-19","2026-03-19","814.63","792.83"
"theme-parks-with-water-parks-sports","theme-parks","7","Water Parks Sports","STD_GST","Tier 11","2026-03-20","2026-03-20","818.56","796.75"
"theme-parks-with-water-parks-sports","theme-parks","7","Water Parks Sports","STD_GST","Tier 12","2026-03-21","2026-03-24","819","797.19"
"theme-parks-with-water-parks-sports","theme-parks","7","Water Parks Sports","STD_GST","Tier 13","2026-03-25","2026-03-25","822.48","800.68"
"theme-parks-with-water-parks-sports","theme-parks","7","Water Parks Sports","STD_GST","Tier 14","2026-03-26","2026-03-26","825.97","804.17"
"theme-parks-with-water-parks-sports","theme-parks","7","Water Parks Sports","STD_GST","Tier 15","2026-03-27","2026-03-27","829.46","807.66"
"theme-parks-with-water-parks-sports","theme-parks","7","Water Parks Sports","STD_GST","Tier 16","2026-03-28","2026-03-28","830.77","808.97"
"theme-parks-with-water-parks-sports","theme-parks","7","Water Parks Sports","STD_GST","Tier 17","2026-03-29","2026-03-29","829.46","807.66"
"theme-parks-with-water-parks-sports","theme-parks","7","Water Parks Sports","STD_GST","Tier 18","2026-03-30","2026-03-31","828.15","806.35"
"theme-parks-with-water-parks-sports","theme-parks","7","Water Parks Sports","STD_GST","Tier 19","2026-04-01","2026-04-01","829.46","807.66"
"theme-parks-with-water-parks-sports","theme-parks","7","Water Parks Sports","STD_GST","Tier 20","2026-04-02","2026-04-02","830.77","808.97"
"theme-parks-with-water-parks-sports","theme-parks","7","Water Parks Sports","STD_GST","Tier 21","2026-04-03","2026-04-03","832.08","810.27"
"theme-parks-with-water-parks-sports","theme-parks","7","Water Parks Sports","STD_GST","Tier 22","2026-04-04","2026-04-04","830.77","808.97"
"theme-parks-with-water-parks-sports","theme-parks","7","Water Parks Sports","STD_GST","Tier 23","2026-04-05","2026-04-05","827.28","805.48"
"theme-parks-with-water-parks-sports","theme-parks","7","Water Parks Sports","STD_GST","Tier 24","2026-04-06","2026-04-06","823.79","801.99"
"theme-parks-with-water-parks-sports","theme-parks","7","Water Parks Sports","STD_GST","Tier 25","2026-04-07","2026-04-07","821.61","799.81"
"theme-parks-with-water-parks-sports","theme-parks","7","Water Parks Sports","STD_GST","Tier 26","2026-04-08","2026-04-08","822.92","801.12"
"theme-parks-with-water-parks-sports","theme-parks","7","Water Parks Sports","STD_GST","Tier 27","2026-04-09","2026-04-09","824.23","802.42"
"theme-parks-with-water-parks-sports","theme-parks","7","Water Parks Sports","STD_GST","Tier 28","2026-04-10","2026-04-10","825.54","803.73"
"theme-parks-with-water-parks-sports","theme-parks","7","Water Parks Sports","STD_GST","Tier 29","2026-04-11","2026-04-11","824.23","802.42"
"theme-parks-with-water-parks-sports","theme-parks","7","Water Parks Sports","STD_GST","Tier 30","2026-04-12","2026-04-12","822.92","801.12"
"theme-parks-with-water-parks-sports","theme-parks","7","Water Parks Sports","STD_GST","Tier 31","2026-04-13","2026-04-13","819.43","797.63"
"theme-parks-with-water-parks-sports","theme-parks","7","Water Parks Sports","STD_GST","Tier 32","2026-04-14","2026-04-14","817.25","795.45"
"theme-parks-with-water-parks-sports","theme-parks","7","Water Parks Sports","STD_GST","Tier 33","2026-04-15","2026-04-15","820.74","798.94"
"theme-parks-with-water-parks-sports","theme-parks","7","Water Parks Sports","STD_GST","Tier 34","2026-04-16","2026-04-16","824.23","802.42"
"theme-parks-with-water-parks-sports","theme-parks","7","Water Parks Sports","STD_GST","Tier 35","2026-04-17","2026-04-17","827.72","805.91"
"theme-parks-with-water-parks-sports","theme-parks","7","Water Parks Sports","STD_GST","Tier 36","2026-04-18","2026-04-18","823.79","801.99"
"theme-parks-with-water-parks-sports","theme-parks","7","Water Parks Sports","STD_GST","Tier 37","2026-04-19","2026-04-19","817.69","795.88"
"theme-parks-with-water-parks-sports","theme-parks","7","Water Parks Sports","STD_GST","Tier 38","2026-04-20","2026-04-20","809.4","787.6"
"theme-parks-with-water-parks-sports","theme-parks","7","Water Parks Sports","STD_GST","Tier 39","2026-04-21","2026-04-21","804.6","782.8"
"theme-parks-with-water-parks-sports","theme-parks","7","Water Parks Sports","STD_GST","Tier 40","2026-04-22","2026-04-22","803.3","781.49"
"theme-parks-with-water-parks-sports","theme-parks","7","Water Parks Sports","STD_GST","Tier 41","2026-04-23","2026-04-23","806.35","784.54"
"theme-parks-with-water-parks-sports","theme-parks","7","Water Parks Sports","STD_GST","Tier 42","2026-04-24","2026-04-24","805.04","783.24"
"theme-parks-with-water-parks-sports","theme-parks","7","Water Parks Sports","STD_GST","Tier 43","2026-04-25","2026-04-25","804.6","782.8"
"theme-parks-with-water-parks-sports","theme-parks","7","Water Parks Sports","STD_GST","Tier 44","2026-04-26","2026-04-26","799.81","778"
"theme-parks-with-water-parks-sports","theme-parks","7","Water Parks Sports","STD_GST","Tier 45","2026-04-27","2026-04-27","789.34","767.54"
"theme-parks-with-water-parks-sports","theme-parks","7","Water Parks Sports","STD_GST","Tier 46","2026-04-28","2026-04-28","757.26","736.22"
"theme-parks-with-water-parks-sports","theme-parks","7","Water Parks Sports","STD_GST","Tier 47","2026-04-29","2026-04-29","762.73","741.69"
"theme-parks-with-water-parks-sports","theme-parks","7","Water Parks Sports","STD_GST","Tier 48","2026-04-30","2026-04-30","770.3","749.27"
"theme-parks-with-water-parks-sports","theme-parks","7","Water Parks Sports","STD_GST","Tier 49","2026-05-01","2026-05-01","775.77","754.74"
"theme-parks-with-water-parks-sports","theme-parks","7","Water Parks Sports","STD_GST","Tier 50","2026-05-02","2026-05-02","774.51","753.47"
"theme-parks-with-water-parks-sports","theme-parks","7","Water Parks Sports","STD_GST","Tier 51","2026-05-03","2026-05-03","769.04","748"
"theme-parks-with-water-parks-sports","theme-parks","7","Water Parks Sports","STD_GST","Tier 52","2026-05-04","2026-05-04","795.88","774.08"
"theme-parks-with-water-parks-sports","theme-parks","7","Water Parks Sports","STD_GST","Tier 53","2026-05-05","2026-05-05","790.21","768.41"
"theme-parks-with-water-parks-sports","theme-parks","7","Water Parks Sports","STD_GST","Tier 54","2026-05-06","2026-05-06","793.7","771.9"
"theme-parks-with-water-parks-sports","theme-parks","7","Water Parks Sports","STD_GST","Tier 55","2026-05-07","2026-05-07","802.86","781.06"
"theme-parks-with-water-parks-sports","theme-parks","7","Water Parks Sports","STD_GST","Tier 56","2026-05-08","2026-05-08","807.66","785.85"
"theme-parks-with-water-parks-sports","theme-parks","7","Water Parks Sports","STD_GST","Tier 57","2026-05-09","2026-05-09","799.81","778"
"theme-parks-with-water-parks-sports","theme-parks","7","Water Parks Sports","STD_GST","Tier 58","2026-05-10","2026-05-10","794.14","772.33"
"theme-parks-with-water-parks-sports","theme-parks","7","Water Parks Sports","STD_GST","Tier 59","2026-05-11","2026-05-11","788.47","766.66"
"theme-parks-with-water-parks-sports","theme-parks","7","Water Parks Sports","STD_GST","Tier 60","2026-05-12","2026-05-12","786.29","764.48"
"theme-parks-with-water-parks-sports","theme-parks","7","Water Parks Sports","STD_GST","Tier 61","2026-05-13","2026-05-13","792.39","770.59"
"theme-parks-with-water-parks-sports","theme-parks","7","Water Parks Sports","STD_GST","Tier 62","2026-05-14","2026-05-14","798.5","776.69"
"theme-parks-with-water-parks-sports","theme-parks","7","Water Parks Sports","STD_GST","Tier 63","2026-05-15","2026-05-16","804.6","782.8"
"theme-parks-with-water-parks-sports","theme-parks","7","Water Parks Sports","STD_GST","Tier 64","2026-05-17","2026-05-17","804.17","782.36"
"theme-parks-with-water-parks-sports","theme-parks","7","Water Parks Sports","STD_GST","Tier 65","2026-05-18","2026-05-18","805.91","784.11"
"theme-parks-with-water-parks-sports","theme-parks","7","Water Parks Sports","STD_GST","Tier 66","2026-05-19","2026-05-19","812.45","790.65"
"theme-parks-with-water-parks-sports","theme-parks","7","Water Parks Sports","STD_GST","Tier 67","2026-05-20","2026-05-20","816.82","795.01"
"theme-parks-with-water-parks-sports","theme-parks","7","Water Parks Sports","STD_GST","Tier 68","2026-05-21","2026-05-21","819.43","797.63"
"theme-parks-with-water-parks-sports","theme-parks","7","Water Parks Sports","STD_GST","Tier 69","2026-05-22","2026-05-22","819.87","798.06"
"theme-parks-with-water-parks-sports","theme-parks","7","Water Parks Sports","STD_GST","Tier 70","2026-05-23","2026-05-23","815.94","794.14"
"theme-parks-with-water-parks-sports","theme-parks","7","Water Parks Sports","STD_GST","Tier 71","2026-05-24","2026-05-24","812.02","790.21"
"theme-parks-with-water-parks-sports","theme-parks","7","Water Parks Sports","STD_GST","Tier 72","2026-05-25","2026-05-25","805.91","784.11"
"theme-parks-with-water-parks-sports","theme-parks","7","Water Parks Sports","STD_GST","Tier 73","2026-05-26","2026-05-26","801.12","779.31"
"theme-parks-with-water-parks-sports","theme-parks","7","Water Parks Sports","STD_GST","Tier 74","2026-05-27","2026-05-27","798.94","777.13"
"theme-parks-with-water-parks-sports","theme-parks","7","Water Parks Sports","STD_GST","Tier 75","2026-05-28","2026-05-28","796.75","774.95"
"theme-parks-with-water-parks-sports","theme-parks","7","Water Parks Sports","STD_GST","Tier 76","2026-05-29","2026-05-29","766.52","745.48"
"theme-parks-with-water-parks-sports","theme-parks","7","Water Parks Sports","STD_GST","Tier 77","2026-05-30","2026-05-30","762.31","741.27"
"theme-parks-with-water-parks-sports","theme-parks","7","Water Parks Sports","STD_GST","Tier 78","2026-05-31","2026-05-31","759.78","738.75"
"theme-parks-with-water-parks-sports","theme-parks","7","Water Parks Sports","STD_GST","Tier 79","2026-06-01","2026-06-01","759.36","738.33"
"theme-parks-with-water-parks-sports","theme-parks","7","Water Parks Sports","STD_GST","Tier 80","2026-06-02","2026-06-03","757.26","736.22"
"theme-parks-with-water-parks-sports","theme-parks","7","Water Parks Sports","STD_GST","Tier 81","2026-06-04","2026-06-04","761.47","740.43"
"theme-parks-with-water-parks-sports","theme-parks","7","Water Parks Sports","STD_GST","Tier 82","2026-06-05","2026-06-05","763.57","742.54"
"theme-parks-with-water-parks-sports","theme-parks","7","Water Parks Sports","STD_GST","Tier 83","2026-06-06","2026-06-06","761.47","740.43"
"theme-parks-with-water-parks-sports","theme-parks","7","Water Parks Sports","STD_GST","Tier 84","2026-06-07","2026-06-07","759.36","738.33"
"theme-parks-with-water-parks-sports","theme-parks","7","Water Parks Sports","STD_GST","Tier 85","2026-06-08","2026-06-09","757.26","736.22"
"theme-parks-with-water-parks-sports","theme-parks","7","Water Parks Sports","STD_GST","Tier 86","2026-06-10","2026-06-10","759.36","738.33"
"theme-parks-with-water-parks-sports","theme-parks","7","Water Parks Sports","STD_GST","Tier 87","2026-06-11","2026-06-11","763.57","742.54"
"theme-parks-with-water-parks-sports","theme-parks","7","Water Parks Sports","STD_GST","Tier 88","2026-06-12","2026-06-13","765.67","744.64"
"theme-parks-with-water-parks-sports","theme-parks","7","Water Parks Sports","STD_GST","Tier 89","2026-06-14","2026-06-14","761.47","740.43"
"theme-parks-with-water-parks-sports","theme-parks","7","Water Parks Sports","STD_GST","Tier 90","2026-06-15","2026-06-15","759.36","738.33"
"theme-parks-with-water-parks-sports","theme-parks","7","Water Parks Sports","STD_GST","Tier 91","2026-06-16","2026-06-16","763.57","742.54"
"theme-parks-with-water-parks-sports","theme-parks","7","Water Parks Sports","STD_GST","Tier 92","2026-06-17","2026-06-17","768.2","747.16"
"theme-parks-with-water-parks-sports","theme-parks","7","Water Parks Sports","STD_GST","Tier 93","2026-06-18","2026-06-18","772.83","751.79"
"theme-parks-with-water-parks-sports","theme-parks","7","Water Parks Sports","STD_GST","Tier 94","2026-06-19","2026-06-20","777.45","756.42"
"theme-parks-with-water-parks-sports","theme-parks","7","Water Parks Sports","STD_GST","Tier 95","2026-06-21","2026-06-21","775.77","754.74"
"theme-parks-with-water-parks-sports","theme-parks","7","Water Parks Sports","STD_GST","Tier 96","2026-06-22","2026-06-22","773.67","752.63"
"theme-parks-with-water-parks-sports","theme-parks","7","Water Parks Sports","STD_GST","Tier 97","2026-06-23","2026-06-23","771.98","750.95"
"theme-parks-with-water-parks-sports","theme-parks","7","Water Parks Sports","STD_GST","Tier 98","2026-06-24","2026-06-24","776.19","755.16"
"theme-parks-with-water-parks-sports","theme-parks","7","Water Parks Sports","STD_GST","Tier 99","2026-06-25","2026-06-25","808.97","787.16"
"theme-parks-with-water-parks-sports","theme-parks","7","Water Parks Sports","STD_GST","Tier 100","2026-06-26","2026-06-26","806.78","784.98"
"theme-parks-with-water-parks-sports","theme-parks","7","Water Parks Sports","STD_GST","Tier 101","2026-06-27","2026-06-27","801.55","779.75"
"theme-parks-with-water-parks-sports","theme-parks","7","Water Parks Sports","STD_GST","Tier 102","2026-06-28","2026-06-28","793.7","771.9"
"theme-parks-with-water-parks-sports","theme-parks","7","Water Parks Sports","STD_GST","Tier 103","2026-06-29","2026-06-29","785.85","764.05"
"theme-parks-with-water-parks-sports","theme-parks","7","Water Parks Sports","STD_GST","Tier 104","2026-06-30","2026-06-30","780.62","758.81"
"theme-parks-with-water-parks-sports","theme-parks","7","Water Parks Sports","STD_GST","Tier 105","2026-07-01","2026-07-01","777.13","755.33"
"theme-parks-with-water-parks-sports","theme-parks","7","Water Parks Sports","STD_GST","Tier 106","2026-07-02","2026-07-02","776.26","754.45"
"theme-parks-with-water-parks-sports","theme-parks","7","Water Parks Sports","STD_GST","Tier 107","2026-07-03","2026-07-03","772.77","750.96"
"theme-parks-with-water-parks-sports","theme-parks","7","Water Parks Sports","STD_GST","Tier 108","2026-07-04","2026-07-04","763.17","741.37"
"theme-parks-with-water-parks-sports","theme-parks","7","Water Parks Sports","STD_GST","Tier 109","2026-07-05","2026-07-05","729.07","708.04"
"theme-parks-with-water-parks-sports","theme-parks","7","Water Parks Sports","STD_GST","Tier 110","2026-07-06","2026-07-06","724.02","702.99"
"theme-parks-with-water-parks-sports","theme-parks","8","Water Parks Sports","STD_GST","Tier 1","2026-03-08","2026-03-08","849.77","827.25"
"theme-parks-with-water-parks-sports","theme-parks","8","Water Parks Sports","STD_GST","Tier 2","2026-03-09","2026-03-12","848.24","825.72"
"theme-parks-with-water-parks-sports","theme-parks","8","Water Parks Sports","STD_GST","Tier 3","2026-03-13","2026-03-13","846.39","823.87"
"theme-parks-with-water-parks-sports","theme-parks","8","Water Parks Sports","STD_GST","Tier 4","2026-03-14","2026-03-14","843.37","820.85"
"theme-parks-with-water-parks-sports","theme-parks","8","Water Parks Sports","STD_GST","Tier 5","2026-03-15","2026-03-15","840.36","817.84"
"theme-parks-with-water-parks-sports","theme-parks","8","Water Parks Sports","STD_GST","Tier 6","2026-03-16","2026-03-16","838.1","815.58"
"theme-parks-with-water-parks-sports","theme-parks","8","Water Parks Sports","STD_GST","Tier 7","2026-03-17","2026-03-17","840","817.48"
"theme-parks-with-water-parks-sports","theme-parks","8","Water Parks Sports","STD_GST","Tier 8","2026-03-18","2026-03-18","841.89","819.37"
"theme-parks-with-water-parks-sports","theme-parks","8","Water Parks Sports","STD_GST","Tier 9","2026-03-19","2026-03-19","844.14","821.62"
"theme-parks-with-water-parks-sports","theme-parks","8","Water Parks Sports","STD_GST","Tier 10","2026-03-20","2026-03-20","846.39","823.87"
"theme-parks-with-water-parks-sports","theme-parks","8","Water Parks Sports","STD_GST","Tier 11","2026-03-21","2026-03-22","846.75","824.23"
"theme-parks-with-water-parks-sports","theme-parks","8","Water Parks Sports","STD_GST","Tier 12","2026-03-23","2026-03-23","847.88","825.36"
"theme-parks-with-water-parks-sports","theme-parks","8","Water Parks Sports","STD_GST","Tier 13","2026-03-24","2026-03-24","849","826.48"
"theme-parks-with-water-parks-sports","theme-parks","8","Water Parks Sports","STD_GST","Tier 14","2026-03-25","2026-03-25","852.02","829.5"
"theme-parks-with-water-parks-sports","theme-parks","8","Water Parks Sports","STD_GST","Tier 15","2026-03-26","2026-03-26","853.87","831.35"
"theme-parks-with-water-parks-sports","theme-parks","8","Water Parks Sports","STD_GST","Tier 16","2026-03-27","2026-03-27","855.76","833.24"
"theme-parks-with-water-parks-sports","theme-parks","8","Water Parks Sports","STD_GST","Tier 17","2026-03-28","2026-03-28","856.89","834.37"
"theme-parks-with-water-parks-sports","theme-parks","8","Water Parks Sports","STD_GST","Tier 18","2026-03-29","2026-03-30","855.76","833.24"
"theme-parks-with-water-parks-sports","theme-parks","8","Water Parks Sports","STD_GST","Tier 19","2026-03-31","2026-03-31","856.89","834.37"
"theme-parks-with-water-parks-sports","theme-parks","8","Water Parks Sports","STD_GST","Tier 20","2026-04-01","2026-04-02","858.01","835.49"
"theme-parks-with-water-parks-sports","theme-parks","8","Water Parks Sports","STD_GST","Tier 21","2026-04-03","2026-04-03","856.12","833.6"
"theme-parks-with-water-parks-sports","theme-parks","8","Water Parks Sports","STD_GST","Tier 22","2026-04-04","2026-04-04","853.15","830.63"
"theme-parks-with-water-parks-sports","theme-parks","8","Water Parks Sports","STD_GST","Tier 23","2026-04-05","2026-04-06","850.13","827.61"
"theme-parks-with-water-parks-sports","theme-parks","8","Water Parks Sports","STD_GST","Tier 24","2026-04-07","2026-04-07","851.26","828.74"
"theme-parks-with-water-parks-sports","theme-parks","8","Water Parks Sports","STD_GST","Tier 25","2026-04-08","2026-04-10","852.38","829.86"
"theme-parks-with-water-parks-sports","theme-parks","8","Water Parks Sports","STD_GST","Tier 26","2026-04-11","2026-04-11","849.36","826.84"
"theme-parks-with-water-parks-sports","theme-parks","8","Water Parks Sports","STD_GST","Tier 27","2026-04-12","2026-04-13","846.39","823.87"
"theme-parks-with-water-parks-sports","theme-parks","8","Water Parks Sports","STD_GST","Tier 28","2026-04-14","2026-04-14","847.52","825"
"theme-parks-with-water-parks-sports","theme-parks","8","Water Parks Sports","STD_GST","Tier 29","2026-04-15","2026-04-15","850.49","827.97"
"theme-parks-with-water-parks-sports","theme-parks","8","Water Parks Sports","STD_GST","Tier 30","2026-04-16","2026-04-16","850.13","827.61"
"theme-parks-with-water-parks-sports","theme-parks","8","Water Parks Sports","STD_GST","Tier 31","2026-04-17","2026-04-17","847.88","825.36"
"theme-parks-with-water-parks-sports","theme-parks","8","Water Parks Sports","STD_GST","Tier 32","2026-04-18","2026-04-18","840.76","818.24"
"theme-parks-with-water-parks-sports","theme-parks","8","Water Parks Sports","STD_GST","Tier 33","2026-04-19","2026-04-19","835.49","812.97"
"theme-parks-with-water-parks-sports","theme-parks","8","Water Parks Sports","STD_GST","Tier 34","2026-04-20","2026-04-20","833.24","810.72"
"theme-parks-with-water-parks-sports","theme-parks","8","Water Parks Sports","STD_GST","Tier 35","2026-04-21","2026-04-21","834.01","811.49"
"theme-parks-with-water-parks-sports","theme-parks","8","Water Parks Sports","STD_GST","Tier 36","2026-04-22","2026-04-22","830.99","808.47"
"theme-parks-with-water-parks-sports","theme-parks","8","Water Parks Sports","STD_GST","Tier 37","2026-04-23","2026-04-23","833.6","811.08"
"theme-parks-with-water-parks-sports","theme-parks","8","Water Parks Sports","STD_GST","Tier 38","2026-04-24","2026-04-24","832.47","809.95"
"theme-parks-with-water-parks-sports","theme-parks","8","Water Parks Sports","STD_GST","Tier 39","2026-04-25","2026-04-25","823.47","800.95"
"theme-parks-with-water-parks-sports","theme-parks","8","Water Parks Sports","STD_GST","Tier 40","2026-04-26","2026-04-26","816.35","793.83"
"theme-parks-with-water-parks-sports","theme-parks","8","Water Parks Sports","STD_GST","Tier 41","2026-04-27","2026-04-27","815.99","793.47"
"theme-parks-with-water-parks-sports","theme-parks","8","Water Parks Sports","STD_GST","Tier 42","2026-04-28","2026-04-28","795.69","773.81"
"theme-parks-with-water-parks-sports","theme-parks","8","Water Parks Sports","STD_GST","Tier 43","2026-04-29","2026-04-29","800.46","778.58"
"theme-parks-with-water-parks-sports","theme-parks","8","Water Parks Sports","STD_GST","Tier 44","2026-04-30","2026-05-01","804.09","782.21"
"theme-parks-with-water-parks-sports","theme-parks","8","Water Parks Sports","STD_GST","Tier 45","2026-05-02","2026-05-02","801.16","779.28"
"theme-parks-with-water-parks-sports","theme-parks","8","Water Parks Sports","STD_GST","Tier 46","2026-05-03","2026-05-03","796.43","774.55"
"theme-parks-with-water-parks-sports","theme-parks","8","Water Parks Sports","STD_GST","Tier 47","2026-05-04","2026-05-04","822.75","800.23"
"theme-parks-with-water-parks-sports","theme-parks","8","Water Parks Sports","STD_GST","Tier 48","2026-05-05","2026-05-05","821.98","799.46"
"theme-parks-with-water-parks-sports","theme-parks","8","Water Parks Sports","STD_GST","Tier 49","2026-05-06","2026-05-06","823.11","800.59"
"theme-parks-with-water-parks-sports","theme-parks","8","Water Parks Sports","STD_GST","Tier 50","2026-05-07","2026-05-07","825","802.48"
"theme-parks-with-water-parks-sports","theme-parks","8","Water Parks Sports","STD_GST","Tier 51","2026-05-08","2026-05-08","826.84","804.32"
"theme-parks-with-water-parks-sports","theme-parks","8","Water Parks Sports","STD_GST","Tier 52","2026-05-09","2026-05-09","821.98","799.46"
"theme-parks-with-water-parks-sports","theme-parks","8","Water Parks Sports","STD_GST","Tier 53","2026-05-10","2026-05-10","817.12","794.6"
"theme-parks-with-water-parks-sports","theme-parks","8","Water Parks Sports","STD_GST","Tier 54","2026-05-11","2026-05-11","817.48","794.96"
"theme-parks-with-water-parks-sports","theme-parks","8","Water Parks Sports","STD_GST","Tier 55","2026-05-12","2026-05-12","820.85","798.33"
"theme-parks-with-water-parks-sports","theme-parks","8","Water Parks Sports","STD_GST","Tier 56","2026-05-13","2026-05-13","826.12","803.6"
"theme-parks-with-water-parks-sports","theme-parks","8","Water Parks Sports","STD_GST","Tier 57","2026-05-14","2026-05-14","830.22","807.7"
"theme-parks-with-water-parks-sports","theme-parks","8","Water Parks Sports","STD_GST","Tier 58","2026-05-15","2026-05-15","834.01","811.49"
"theme-parks-with-water-parks-sports","theme-parks","8","Water Parks Sports","STD_GST","Tier 59","2026-05-16","2026-05-16","833.6","811.08"
"theme-parks-with-water-parks-sports","theme-parks","8","Water Parks Sports","STD_GST","Tier 60","2026-05-17","2026-05-17","833.24","810.72"
"theme-parks-with-water-parks-sports","theme-parks","8","Water Parks Sports","STD_GST","Tier 61","2026-05-18","2026-05-18","834.73","812.21"
"theme-parks-with-water-parks-sports","theme-parks","8","Water Parks Sports","STD_GST","Tier 62","2026-05-19","2026-05-19","838.87","816.35"
"theme-parks-with-water-parks-sports","theme-parks","8","Water Parks Sports","STD_GST","Tier 63","2026-05-20","2026-05-20","839.23","816.71"
"theme-parks-with-water-parks-sports","theme-parks","8","Water Parks Sports","STD_GST","Tier 64","2026-05-21","2026-05-21","841.12","818.6"
"theme-parks-with-water-parks-sports","theme-parks","8","Water Parks Sports","STD_GST","Tier 65","2026-05-22","2026-05-22","843.01","820.49"
"theme-parks-with-water-parks-sports","theme-parks","8","Water Parks Sports","STD_GST","Tier 66","2026-05-23","2026-05-23","837.74","815.22"
"theme-parks-with-water-parks-sports","theme-parks","8","Water Parks Sports","STD_GST","Tier 67","2026-05-24","2026-05-24","832.47","809.95"
"theme-parks-with-water-parks-sports","theme-parks","8","Water Parks Sports","STD_GST","Tier 68","2026-05-25","2026-05-25","829.1","806.58"
"theme-parks-with-water-parks-sports","theme-parks","8","Water Parks Sports","STD_GST","Tier 69","2026-05-26","2026-05-26","826.84","804.32"
"theme-parks-with-water-parks-sports","theme-parks","8","Water Parks Sports","STD_GST","Tier 70","2026-05-27","2026-05-27","825","802.48"
"theme-parks-with-water-parks-sports","theme-parks","8","Water Parks Sports","STD_GST","Tier 71","2026-05-28","2026-05-28","821.21","798.69"
"theme-parks-with-water-parks-sports","theme-parks","8","Water Parks Sports","STD_GST","Tier 72","2026-05-29","2026-05-29","794.24","772.36"
"theme-parks-with-water-parks-sports","theme-parks","8","Water Parks Sports","STD_GST","Tier 73","2026-05-30","2026-05-30","790.61","768.73"
"theme-parks-with-water-parks-sports","theme-parks","8","Water Parks Sports","STD_GST","Tier 74","2026-05-31","2026-05-31","788.42","766.54"
"theme-parks-with-water-parks-sports","theme-parks","8","Water Parks Sports","STD_GST","Tier 75","2026-06-01","2026-06-01","789.87","767.99"
"theme-parks-with-water-parks-sports","theme-parks","8","Water Parks Sports","STD_GST","Tier 76","2026-06-02","2026-06-05","791.71","769.83"
"theme-parks-with-water-parks-sports","theme-parks","8","Water Parks Sports","STD_GST","Tier 77","2026-06-06","2026-06-06","789.87","767.99"
"theme-parks-with-water-parks-sports","theme-parks","8","Water Parks Sports","STD_GST","Tier 78","2026-06-07","2026-06-08","788.03","766.15"
"theme-parks-with-water-parks-sports","theme-parks","8","Water Parks Sports","STD_GST","Tier 79","2026-06-09","2026-06-09","791.71","769.83"
"theme-parks-with-water-parks-sports","theme-parks","8","Water Parks Sports","STD_GST","Tier 80","2026-06-10","2026-06-10","793.5","771.62"
"theme-parks-with-water-parks-sports","theme-parks","8","Water Parks Sports","STD_GST","Tier 81","2026-06-11","2026-06-12","795.34","773.46"
"theme-parks-with-water-parks-sports","theme-parks","8","Water Parks Sports","STD_GST","Tier 82","2026-06-13","2026-06-14","793.5","771.62"
"theme-parks-with-water-parks-sports","theme-parks","8","Water Parks Sports","STD_GST","Tier 83","2026-06-15","2026-06-15","795.69","773.81"
"theme-parks-with-water-parks-sports","theme-parks","8","Water Parks Sports","STD_GST","Tier 84","2026-06-16","2026-06-16","799.71","777.83"
"theme-parks-with-water-parks-sports","theme-parks","8","Water Parks Sports","STD_GST","Tier 85","2026-06-17","2026-06-17","803.74","781.86"
"theme-parks-with-water-parks-sports","theme-parks","8","Water Parks Sports","STD_GST","Tier 86","2026-06-18","2026-06-18","805.53","783.65"
"theme-parks-with-water-parks-sports","theme-parks","8","Water Parks Sports","STD_GST","Tier 87","2026-06-19","2026-06-19","807.72","785.84"
"theme-parks-with-water-parks-sports","theme-parks","8","Water Parks Sports","STD_GST","Tier 88","2026-06-20","2026-06-20","805.93","784.05"
"theme-parks-with-water-parks-sports","theme-parks","8","Water Parks Sports","STD_GST","Tier 89","2026-06-21","2026-06-21","802.65","780.77"
"theme-parks-with-water-parks-sports","theme-parks","8","Water Parks Sports","STD_GST","Tier 90","2026-06-22","2026-06-22","804.44","782.56"
"theme-parks-with-water-parks-sports","theme-parks","8","Water Parks Sports","STD_GST","Tier 91","2026-06-23","2026-06-23","806.28","784.4"
"theme-parks-with-water-parks-sports","theme-parks","8","Water Parks Sports","STD_GST","Tier 92","2026-06-24","2026-06-24","808.12","786.24"
"theme-parks-with-water-parks-sports","theme-parks","8","Water Parks Sports","STD_GST","Tier 93","2026-06-25","2026-06-25","831.35","808.83"
"theme-parks-with-water-parks-sports","theme-parks","8","Water Parks Sports","STD_GST","Tier 94","2026-06-26","2026-06-26","825","802.48"
"theme-parks-with-water-parks-sports","theme-parks","8","Water Parks Sports","STD_GST","Tier 95","2026-06-27","2026-06-27","818.24","795.72"
"theme-parks-with-water-parks-sports","theme-parks","8","Water Parks Sports","STD_GST","Tier 96","2026-06-28","2026-06-28","811.49","788.97"
"theme-parks-with-water-parks-sports","theme-parks","8","Water Parks Sports","STD_GST","Tier 97","2026-06-29","2026-06-29","806.58","784.06"
"theme-parks-with-water-parks-sports","theme-parks","8","Water Parks Sports","STD_GST","Tier 98","2026-06-30","2026-06-30","803.96","781.44"
"theme-parks-with-water-parks-sports","theme-parks","8","Water Parks Sports","STD_GST","Tier 99","2026-07-01","2026-07-01","799.1","776.58"
"theme-parks-with-water-parks-sports","theme-parks","8","Water Parks Sports","STD_GST","Tier 100","2026-07-02","2026-07-02","794.6","772.08"
"theme-parks-with-water-parks-sports","theme-parks","8","Water Parks Sports","STD_GST","Tier 101","2026-07-03","2026-07-03","791.58","769.06"
"theme-parks-with-water-parks-sports","theme-parks","8","Water Parks Sports","STD_GST","Tier 102","2026-07-04","2026-07-04","785.18","762.66"
"theme-parks-with-water-parks-sports","theme-parks","8","Water Parks Sports","STD_GST","Tier 103","2026-07-05","2026-07-05","754.86","732.98"
"theme-parks-with-water-parks-sports","theme-parks","8","Water Parks Sports","STD_GST","Tier 104","2026-07-06","2026-07-06","752.32","730.44"
"theme-parks-with-water-parks-sports","theme-parks","9","Water Parks Sports","STD_GST","Tier 1","2026-03-08","2026-03-08","869.16","846.12"
"theme-parks-with-water-parks-sports","theme-parks","9","Water Parks Sports","STD_GST","Tier 2","2026-03-09","2026-03-11","868.06","845.02"
"theme-parks-with-water-parks-sports","theme-parks","9","Water Parks Sports","STD_GST","Tier 3","2026-03-12","2026-03-12","866.3","843.26"
"theme-parks-with-water-parks-sports","theme-parks","9","Water Parks Sports","STD_GST","Tier 4","2026-03-13","2026-03-13","864.55","841.51"
"theme-parks-with-water-parks-sports","theme-parks","9","Water Parks Sports","STD_GST","Tier 5","2026-03-14","2026-03-14","861.7","838.66"
"theme-parks-with-water-parks-sports","theme-parks","9","Water Parks Sports","STD_GST","Tier 6","2026-03-15","2026-03-16","859.58","836.54"
"theme-parks-with-water-parks-sports","theme-parks","9","Water Parks Sports","STD_GST","Tier 7","2026-03-17","2026-03-17","861.33","838.29"
"theme-parks-with-water-parks-sports","theme-parks","9","Water Parks Sports","STD_GST","Tier 8","2026-03-18","2026-03-18","862.06","839.02"
"theme-parks-with-water-parks-sports","theme-parks","9","Water Parks Sports","STD_GST","Tier 9","2026-03-19","2026-03-19","864.18","841.14"
"theme-parks-with-water-parks-sports","theme-parks","9","Water Parks Sports","STD_GST","Tier 10","2026-03-20","2026-03-20","866.3","843.26"
"theme-parks-with-water-parks-sports","theme-parks","9","Water Parks Sports","STD_GST","Tier 11","2026-03-21","2026-03-21","866.67","843.63"
"theme-parks-with-water-parks-sports","theme-parks","9","Water Parks Sports","STD_GST","Tier 12","2026-03-22","2026-03-22","867.73","844.69"
"theme-parks-with-water-parks-sports","theme-parks","9","Water Parks Sports","STD_GST","Tier 13","2026-03-23","2026-03-23","868.79","845.75"
"theme-parks-with-water-parks-sports","theme-parks","9","Water Parks Sports","STD_GST","Tier 14","2026-03-24","2026-03-24","869.85","846.81"
"theme-parks-with-water-parks-sports","theme-parks","9","Water Parks Sports","STD_GST","Tier 15","2026-03-25","2026-03-25","871.6","848.56"
"theme-parks-with-water-parks-sports","theme-parks","9","Water Parks Sports","STD_GST","Tier 16","2026-03-26","2026-03-26","873.4","850.36"
"theme-parks-with-water-parks-sports","theme-parks","9","Water Parks Sports","STD_GST","Tier 17","2026-03-27","2026-03-27","875.15","852.11"
"theme-parks-with-water-parks-sports","theme-parks","9","Water Parks Sports","STD_GST","Tier 18","2026-03-28","2026-03-30","876.21","853.17"
"theme-parks-with-water-parks-sports","theme-parks","9","Water Parks Sports","STD_GST","Tier 19","2026-03-31","2026-04-01","877.27","854.23"
"theme-parks-with-water-parks-sports","theme-parks","9","Water Parks Sports","STD_GST","Tier 20","2026-04-02","2026-04-02","875.52","852.48"
"theme-parks-with-water-parks-sports","theme-parks","9","Water Parks Sports","STD_GST","Tier 21","2026-04-03","2026-04-03","873.77","850.73"
"theme-parks-with-water-parks-sports","theme-parks","9","Water Parks Sports","STD_GST","Tier 22","2026-04-04","2026-04-06","870.91","847.87"
"theme-parks-with-water-parks-sports","theme-parks","9","Water Parks Sports","STD_GST","Tier 23","2026-04-07","2026-04-09","871.97","848.93"
"theme-parks-with-water-parks-sports","theme-parks","9","Water Parks Sports","STD_GST","Tier 24","2026-04-10","2026-04-10","870.22","847.18"
"theme-parks-with-water-parks-sports","theme-parks","9","Water Parks Sports","STD_GST","Tier 25","2026-04-11","2026-04-13","867.36","844.32"
"theme-parks-with-water-parks-sports","theme-parks","9","Water Parks Sports","STD_GST","Tier 26","2026-04-14","2026-04-14","868.42","845.38"
"theme-parks-with-water-parks-sports","theme-parks","9","Water Parks Sports","STD_GST","Tier 27","2026-04-15","2026-04-15","868.06","845.02"
"theme-parks-with-water-parks-sports","theme-parks","9","Water Parks Sports","STD_GST","Tier 28","2026-04-16","2026-04-16","865.94","842.9"
"theme-parks-with-water-parks-sports","theme-parks","9","Water Parks Sports","STD_GST","Tier 29","2026-04-17","2026-04-17","862.06","839.02"
"theme-parks-with-water-parks-sports","theme-parks","9","Water Parks Sports","STD_GST","Tier 30","2026-04-18","2026-04-18","857.09","834.05"
"theme-parks-with-water-parks-sports","theme-parks","9","Water Parks Sports","STD_GST","Tier 31","2026-04-19","2026-04-19","854.97","831.93"
"theme-parks-with-water-parks-sports","theme-parks","9","Water Parks Sports","STD_GST","Tier 32","2026-04-20","2026-04-20","854.6","831.56"
"theme-parks-with-water-parks-sports","theme-parks","9","Water Parks Sports","STD_GST","Tier 33","2026-04-21","2026-04-21","851.79","828.75"
"theme-parks-with-water-parks-sports","theme-parks","9","Water Parks Sports","STD_GST","Tier 34","2026-04-22","2026-04-22","852.48","829.44"
"theme-parks-with-water-parks-sports","theme-parks","9","Water Parks Sports","STD_GST","Tier 35","2026-04-23","2026-04-23","851.42","828.38"
"theme-parks-with-water-parks-sports","theme-parks","9","Water Parks Sports","STD_GST","Tier 36","2026-04-24","2026-04-24","845.75","822.71"
"theme-parks-with-water-parks-sports","theme-parks","9","Water Parks Sports","STD_GST","Tier 37","2026-04-25","2026-04-25","839.02","815.98"
"theme-parks-with-water-parks-sports","theme-parks","9","Water Parks Sports","STD_GST","Tier 38","2026-04-26","2026-04-26","838.66","815.62"
"theme-parks-with-water-parks-sports","theme-parks","9","Water Parks Sports","STD_GST","Tier 39","2026-04-27","2026-04-27","820.28","797.73"
"theme-parks-with-water-parks-sports","theme-parks","9","Water Parks Sports","STD_GST","Tier 40","2026-04-28","2026-04-28","823.07","800.53"
"theme-parks-with-water-parks-sports","theme-parks","9","Water Parks Sports","STD_GST","Tier 41","2026-04-29","2026-04-29","824.79","802.24"
"theme-parks-with-water-parks-sports","theme-parks","9","Water Parks Sports","STD_GST","Tier 42","2026-04-30","2026-05-01","826.54","804"
"theme-parks-with-water-parks-sports","theme-parks","9","Water Parks Sports","STD_GST","Tier 43","2026-05-02","2026-05-02","823.75","801.2"
"theme-parks-with-water-parks-sports","theme-parks","9","Water Parks Sports","STD_GST","Tier 44","2026-05-03","2026-05-03","823.07","800.53"
"theme-parks-with-water-parks-sports","theme-parks","9","Water Parks Sports","STD_GST","Tier 45","2026-05-04","2026-05-04","843.96","820.92"
"theme-parks-with-water-parks-sports","theme-parks","9","Water Parks Sports","STD_GST","Tier 46","2026-05-05","2026-05-05","841.51","818.47"
"theme-parks-with-water-parks-sports","theme-parks","9","Water Parks Sports","STD_GST","Tier 47","2026-05-06","2026-05-06","838.66","815.62"
"theme-parks-with-water-parks-sports","theme-parks","9","Water Parks Sports","STD_GST","Tier 48","2026-05-07","2026-05-07","842.2","819.16"
"theme-parks-with-water-parks-sports","theme-parks","9","Water Parks Sports","STD_GST","Tier 49","2026-05-08","2026-05-08","843.96","820.92"
"theme-parks-with-water-parks-sports","theme-parks","9","Water Parks Sports","STD_GST","Tier 50","2026-05-09","2026-05-09","839.35","816.31"
"theme-parks-with-water-parks-sports","theme-parks","9","Water Parks Sports","STD_GST","Tier 51","2026-05-10","2026-05-10","839.72","816.68"
"theme-parks-with-water-parks-sports","theme-parks","9","Water Parks Sports","STD_GST","Tier 52","2026-05-11","2026-05-11","840.08","817.04"
"theme-parks-with-water-parks-sports","theme-parks","9","Water Parks Sports","STD_GST","Tier 53","2026-05-12","2026-05-12","843.26","820.22"
"theme-parks-with-water-parks-sports","theme-parks","9","Water Parks Sports","STD_GST","Tier 54","2026-05-13","2026-05-13","847.18","824.14"
"theme-parks-with-water-parks-sports","theme-parks","9","Water Parks Sports","STD_GST","Tier 55","2026-05-14","2026-05-14","850.73","827.69"
"theme-parks-with-water-parks-sports","theme-parks","9","Water Parks Sports","STD_GST","Tier 56","2026-05-15","2026-05-15","854.23","831.19"
"theme-parks-with-water-parks-sports","theme-parks","9","Water Parks Sports","STD_GST","Tier 57","2026-05-16","2026-05-16","853.91","830.87"
"theme-parks-with-water-parks-sports","theme-parks","9","Water Parks Sports","STD_GST","Tier 58","2026-05-17","2026-05-18","853.54","830.5"
"theme-parks-with-water-parks-sports","theme-parks","9","Water Parks Sports","STD_GST","Tier 59","2026-05-19","2026-05-19","855.66","832.62"
"theme-parks-with-water-parks-sports","theme-parks","9","Water Parks Sports","STD_GST","Tier 60","2026-05-20","2026-05-20","857.46","834.42"
"theme-parks-with-water-parks-sports","theme-parks","9","Water Parks Sports","STD_GST","Tier 61","2026-05-21","2026-05-22","859.21","836.17"
"theme-parks-with-water-parks-sports","theme-parks","9","Water Parks Sports","STD_GST","Tier 62","2026-05-23","2026-05-23","854.23","831.19"
"theme-parks-with-water-parks-sports","theme-parks","9","Water Parks Sports","STD_GST","Tier 63","2026-05-24","2026-05-24","851.05","828.01"
"theme-parks-with-water-parks-sports","theme-parks","9","Water Parks Sports","STD_GST","Tier 64","2026-05-25","2026-05-25","847.87","824.83"
"theme-parks-with-water-parks-sports","theme-parks","9","Water Parks Sports","STD_GST","Tier 65","2026-05-26","2026-05-26","845.75","822.71"
"theme-parks-with-water-parks-sports","theme-parks","9","Water Parks Sports","STD_GST","Tier 66","2026-05-27","2026-05-27","842.2","819.16"
"theme-parks-with-water-parks-sports","theme-parks","9","Water Parks Sports","STD_GST","Tier 67","2026-05-28","2026-05-28","838.66","815.62"
"theme-parks-with-water-parks-sports","theme-parks","9","Water Parks Sports","STD_GST","Tier 68","2026-05-29","2026-05-29","817.17","794.62"
"theme-parks-with-water-parks-sports","theme-parks","9","Water Parks Sports","STD_GST","Tier 69","2026-05-30","2026-05-30","813.69","791.15"
"theme-parks-with-water-parks-sports","theme-parks","9","Water Parks Sports","STD_GST","Tier 70","2026-05-31","2026-05-31","813.33","790.79"
"theme-parks-with-water-parks-sports","theme-parks","9","Water Parks Sports","STD_GST","Tier 71","2026-06-01","2026-06-02","816.49","793.94"
"theme-parks-with-water-parks-sports","theme-parks","9","Water Parks Sports","STD_GST","Tier 72","2026-06-03","2026-06-05","814.73","792.19"
"theme-parks-with-water-parks-sports","theme-parks","9","Water Parks Sports","STD_GST","Tier 73","2026-06-06","2026-06-07","813.02","790.47"
"theme-parks-with-water-parks-sports","theme-parks","9","Water Parks Sports","STD_GST","Tier 74","2026-06-08","2026-06-08","814.73","792.19"
"theme-parks-with-water-parks-sports","theme-parks","9","Water Parks Sports","STD_GST","Tier 75","2026-06-09","2026-06-09","816.49","793.94"
"theme-parks-with-water-parks-sports","theme-parks","9","Water Parks Sports","STD_GST","Tier 76","2026-06-10","2026-06-12","818.2","795.66"
"theme-parks-with-water-parks-sports","theme-parks","9","Water Parks Sports","STD_GST","Tier 77","2026-06-13","2026-06-13","819.96","797.42"
"theme-parks-with-water-parks-sports","theme-parks","9","Water Parks Sports","STD_GST","Tier 78","2026-06-14","2026-06-14","820.28","797.73"
"theme-parks-with-water-parks-sports","theme-parks","9","Water Parks Sports","STD_GST","Tier 79","2026-06-15","2026-06-15","822.35","799.81"
"theme-parks-with-water-parks-sports","theme-parks","9","Water Parks Sports","STD_GST","Tier 80","2026-06-16","2026-06-16","826.18","803.64"
"theme-parks-with-water-parks-sports","theme-parks","9","Water Parks Sports","STD_GST","Tier 81","2026-06-17","2026-06-17","827.94","805.4"
"theme-parks-with-water-parks-sports","theme-parks","9","Water Parks Sports","STD_GST","Tier 82","2026-06-18","2026-06-19","830.02","807.47"
"theme-parks-with-water-parks-sports","theme-parks","9","Water Parks Sports","STD_GST","Tier 83","2026-06-20","2026-06-21","828.62","806.07"
"theme-parks-with-water-parks-sports","theme-parks","9","Water Parks Sports","STD_GST","Tier 84","2026-06-22","2026-06-23","830.33","807.79"
"theme-parks-with-water-parks-sports","theme-parks","9","Water Parks Sports","STD_GST","Tier 85","2026-06-24","2026-06-24","830.02","807.47"
"theme-parks-with-water-parks-sports","theme-parks","9","Water Parks Sports","STD_GST","Tier 86","2026-06-25","2026-06-25","845.75","822.71"
"theme-parks-with-water-parks-sports","theme-parks","9","Water Parks Sports","STD_GST","Tier 87","2026-06-26","2026-06-26","839.72","816.68"
"theme-parks-with-water-parks-sports","theme-parks","9","Water Parks Sports","STD_GST","Tier 88","2026-06-27","2026-06-27","833.36","810.32"
"theme-parks-with-water-parks-sports","theme-parks","9","Water Parks Sports","STD_GST","Tier 89","2026-06-28","2026-06-28","828.75","805.71"
"theme-parks-with-water-parks-sports","theme-parks","9","Water Parks Sports","STD_GST","Tier 90","2026-06-29","2026-06-29","824.14","801.1"
"theme-parks-with-water-parks-sports","theme-parks","9","Water Parks Sports","STD_GST","Tier 91","2026-06-30","2026-06-30","819.86","796.82"
"theme-parks-with-water-parks-sports","theme-parks","9","Water Parks Sports","STD_GST","Tier 92","2026-07-01","2026-07-01","813.5","790.46"
"theme-parks-with-water-parks-sports","theme-parks","9","Water Parks Sports","STD_GST","Tier 93","2026-07-02","2026-07-02","811.01","787.97"
"theme-parks-with-water-parks-sports","theme-parks","9","Water Parks Sports","STD_GST","Tier 94","2026-07-03","2026-07-03","808.15","785.11"
"theme-parks-with-water-parks-sports","theme-parks","9","Water Parks Sports","STD_GST","Tier 95","2026-07-04","2026-07-04","800.36","777.32"
"theme-parks-with-water-parks-sports","theme-parks","9","Water Parks Sports","STD_GST","Tier 96","2026-07-05","2026-07-05","779.02","756.47"
"theme-parks-with-water-parks-sports","theme-parks","9","Water Parks Sports","STD_GST","Tier 97","2026-07-06","2026-07-06","776.59","754.04"
"theme-parks-with-water-parks-sports","theme-parks","10","Water Parks Sports","STD_GST","Tier 1","2026-03-08","2026-03-08","890.38","866.78"
"theme-parks-with-water-parks-sports","theme-parks","10","Water Parks Sports","STD_GST","Tier 2","2026-03-09","2026-03-10","889.39","865.79"
"theme-parks-with-water-parks-sports","theme-parks","10","Water Parks Sports","STD_GST","Tier 3","2026-03-11","2026-03-11","887.69","864.09"
"theme-parks-with-water-parks-sports","theme-parks","10","Water Parks Sports","STD_GST","Tier 4","2026-03-12","2026-03-12","885.99","862.39"
"theme-parks-with-water-parks-sports","theme-parks","10","Water Parks Sports","STD_GST","Tier 5","2026-03-13","2026-03-13","884.34","860.74"
"theme-parks-with-water-parks-sports","theme-parks","10","Water Parks Sports","STD_GST","Tier 6","2026-03-14","2026-03-16","882.31","858.71"
"theme-parks-with-water-parks-sports","theme-parks","10","Water Parks Sports","STD_GST","Tier 7","2026-03-17","2026-03-17","882.97","859.37"
"theme-parks-with-water-parks-sports","theme-parks","10","Water Parks Sports","STD_GST","Tier 8","2026-03-18","2026-03-18","883.63","860.03"
"theme-parks-with-water-parks-sports","theme-parks","10","Water Parks Sports","STD_GST","Tier 9","2026-03-19","2026-03-19","885.66","862.06"
"theme-parks-with-water-parks-sports","theme-parks","10","Water Parks Sports","STD_GST","Tier 10","2026-03-20","2026-03-20","887.69","864.09"
"theme-parks-with-water-parks-sports","theme-parks","10","Water Parks Sports","STD_GST","Tier 11","2026-03-21","2026-03-21","889.06","865.46"
"theme-parks-with-water-parks-sports","theme-parks","10","Water Parks Sports","STD_GST","Tier 12","2026-03-22","2026-03-22","890.05","866.45"
"theme-parks-with-water-parks-sports","theme-parks","10","Water Parks Sports","STD_GST","Tier 13","2026-03-23","2026-03-24","891.09","867.49"
"theme-parks-with-water-parks-sports","theme-parks","10","Water Parks Sports","STD_GST","Tier 14","2026-03-25","2026-03-25","892.74","869.14"
"theme-parks-with-water-parks-sports","theme-parks","10","Water Parks Sports","STD_GST","Tier 15","2026-03-26","2026-03-26","894.44","870.84"
"theme-parks-with-water-parks-sports","theme-parks","10","Water Parks Sports","STD_GST","Tier 16","2026-03-27","2026-03-27","896.14","872.54"
"theme-parks-with-water-parks-sports","theme-parks","10","Water Parks Sports","STD_GST","Tier 17","2026-03-28","2026-03-31","898.17","874.57"
"theme-parks-with-water-parks-sports","theme-parks","10","Water Parks Sports","STD_GST","Tier 18","2026-04-01","2026-04-01","896.47","872.87"
"theme-parks-with-water-parks-sports","theme-parks","10","Water Parks Sports","STD_GST","Tier 19","2026-04-02","2026-04-02","894.77","871.17"
"theme-parks-with-water-parks-sports","theme-parks","10","Water Parks Sports","STD_GST","Tier 20","2026-04-03","2026-04-08","893.07","869.47"
"theme-parks-with-water-parks-sports","theme-parks","10","Water Parks Sports","STD_GST","Tier 21","2026-04-09","2026-04-09","891.42","867.82"
"theme-parks-with-water-parks-sports","theme-parks","10","Water Parks Sports","STD_GST","Tier 22","2026-04-10","2026-04-13","889.72","866.12"
"theme-parks-with-water-parks-sports","theme-parks","10","Water Parks Sports","STD_GST","Tier 23","2026-04-14","2026-04-14","887.69","864.09"
"theme-parks-with-water-parks-sports","theme-parks","10","Water Parks Sports","STD_GST","Tier 24","2026-04-15","2026-04-15","885.66","862.06"
"theme-parks-with-water-parks-sports","theme-parks","10","Water Parks Sports","STD_GST","Tier 25","2026-04-16","2026-04-16","881.98","858.38"
"theme-parks-with-water-parks-sports","theme-parks","10","Water Parks Sports","STD_GST","Tier 26","2026-04-17","2026-04-17","879.95","856.35"
"theme-parks-with-water-parks-sports","theme-parks","10","Water Parks Sports","STD_GST","Tier 27","2026-04-18","2026-04-18","877.92","854.32"
"theme-parks-with-water-parks-sports","theme-parks","10","Water Parks Sports","STD_GST","Tier 28","2026-04-19","2026-04-19","877.59","853.99"
"theme-parks-with-water-parks-sports","theme-parks","10","Water Parks Sports","STD_GST","Tier 29","2026-04-20","2026-04-20","873.86","850.26"
"theme-parks-with-water-parks-sports","theme-parks","10","Water Parks Sports","STD_GST","Tier 30","2026-04-21","2026-04-21","874.57","850.97"
"theme-parks-with-water-parks-sports","theme-parks","10","Water Parks Sports","STD_GST","Tier 31","2026-04-22","2026-04-22","871.83","848.23"
"theme-parks-with-water-parks-sports","theme-parks","10","Water Parks Sports","STD_GST","Tier 32","2026-04-23","2026-04-23","866.45","842.85"
"theme-parks-with-water-parks-sports","theme-parks","10","Water Parks Sports","STD_GST","Tier 33","2026-04-24","2026-04-24","862.77","839.17"
"theme-parks-with-water-parks-sports","theme-parks","10","Water Parks Sports","STD_GST","Tier 34","2026-04-25","2026-04-25","862.39","838.79"
"theme-parks-with-water-parks-sports","theme-parks","10","Water Parks Sports","STD_GST","Tier 35","2026-04-26","2026-04-26","862.06","838.46"
"theme-parks-with-water-parks-sports","theme-parks","10","Water Parks Sports","STD_GST","Tier 36","2026-04-27","2026-04-29","843.47","820.37"
"theme-parks-with-water-parks-sports","theme-parks","10","Water Parks Sports","STD_GST","Tier 37","2026-04-30","2026-05-01","845.14","822.04"
"theme-parks-with-water-parks-sports","theme-parks","10","Water Parks Sports","STD_GST","Tier 38","2026-05-02","2026-05-02","846.11","823.01"
"theme-parks-with-water-parks-sports","theme-parks","10","Water Parks Sports","STD_GST","Tier 39","2026-05-03","2026-05-03","845.46","822.36"
"theme-parks-with-water-parks-sports","theme-parks","10","Water Parks Sports","STD_GST","Tier 40","2026-05-04","2026-05-04","864.75","841.15"
"theme-parks-with-water-parks-sports","theme-parks","10","Water Parks Sports","STD_GST","Tier 41","2026-05-05","2026-05-05","858.71","835.11"
"theme-parks-with-water-parks-sports","theme-parks","10","Water Parks Sports","STD_GST","Tier 42","2026-05-06","2026-05-06","857.67","834.07"
"theme-parks-with-water-parks-sports","theme-parks","10","Water Parks Sports","STD_GST","Tier 43","2026-05-07","2026-05-07","861.07","837.47"
"theme-parks-with-water-parks-sports","theme-parks","10","Water Parks Sports","STD_GST","Tier 44","2026-05-08","2026-05-08","862.77","839.17"
"theme-parks-with-water-parks-sports","theme-parks","10","Water Parks Sports","STD_GST","Tier 45","2026-05-09","2026-05-09","863.1","839.5"
"theme-parks-with-water-parks-sports","theme-parks","10","Water Parks Sports","STD_GST","Tier 46","2026-05-10","2026-05-10","863.43","839.83"
"theme-parks-with-water-parks-sports","theme-parks","10","Water Parks Sports","STD_GST","Tier 47","2026-05-11","2026-05-11","863.76","840.16"
"theme-parks-with-water-parks-sports","theme-parks","10","Water Parks Sports","STD_GST","Tier 48","2026-05-12","2026-05-12","865.79","842.19"
"theme-parks-with-water-parks-sports","theme-parks","10","Water Parks Sports","STD_GST","Tier 49","2026-05-13","2026-05-13","869.14","845.54"
"theme-parks-with-water-parks-sports","theme-parks","10","Water Parks Sports","STD_GST","Tier 50","2026-05-14","2026-05-14","872.54","848.94"
"theme-parks-with-water-parks-sports","theme-parks","10","Water Parks Sports","STD_GST","Tier 51","2026-05-15","2026-05-15","875.89","852.29"
"theme-parks-with-water-parks-sports","theme-parks","10","Water Parks Sports","STD_GST","Tier 52","2026-05-16","2026-05-16","875.56","851.96"
"theme-parks-with-water-parks-sports","theme-parks","10","Water Parks Sports","STD_GST","Tier 53","2026-05-17","2026-05-17","873.86","850.26"
"theme-parks-with-water-parks-sports","theme-parks","10","Water Parks Sports","STD_GST","Tier 54","2026-05-18","2026-05-18","872.21","848.61"
"theme-parks-with-water-parks-sports","theme-parks","10","Water Parks Sports","STD_GST","Tier 55","2026-05-19","2026-05-19","875.56","851.96"
"theme-parks-with-water-parks-sports","theme-parks","10","Water Parks Sports","STD_GST","Tier 56","2026-05-20","2026-05-22","877.26","853.66"
"theme-parks-with-water-parks-sports","theme-parks","10","Water Parks Sports","STD_GST","Tier 57","2026-05-23","2026-05-23","874.19","850.59"
"theme-parks-with-water-parks-sports","theme-parks","10","Water Parks Sports","STD_GST","Tier 58","2026-05-24","2026-05-24","871.17","847.57"
"theme-parks-with-water-parks-sports","theme-parks","10","Water Parks Sports","STD_GST","Tier 59","2026-05-25","2026-05-25","868.15","844.55"
"theme-parks-with-water-parks-sports","theme-parks","10","Water Parks Sports","STD_GST","Tier 60","2026-05-26","2026-05-26","864.42","840.82"
"theme-parks-with-water-parks-sports","theme-parks","10","Water Parks Sports","STD_GST","Tier 61","2026-05-27","2026-05-27","861.07","837.47"
"theme-parks-with-water-parks-sports","theme-parks","10","Water Parks Sports","STD_GST","Tier 62","2026-05-28","2026-05-28","839.5","816.4"
"theme-parks-with-water-parks-sports","theme-parks","10","Water Parks Sports","STD_GST","Tier 63","2026-05-29","2026-05-29","836.22","813.12"
"theme-parks-with-water-parks-sports","theme-parks","10","Water Parks Sports","STD_GST","Tier 64","2026-05-30","2026-05-30","834.56","811.46"
"theme-parks-with-water-parks-sports","theme-parks","10","Water Parks Sports","STD_GST","Tier 65","2026-05-31","2026-05-31","835.9","812.8"
"theme-parks-with-water-parks-sports","theme-parks","10","Water Parks Sports","STD_GST","Tier 66","2026-06-01","2026-06-01","837.19","814.09"
"theme-parks-with-water-parks-sports","theme-parks","10","Water Parks Sports","STD_GST","Tier 67","2026-06-02","2026-06-02","835.57","812.47"
"theme-parks-with-water-parks-sports","theme-parks","10","Water Parks Sports","STD_GST","Tier 68","2026-06-03","2026-06-06","833.91","810.81"
"theme-parks-with-water-parks-sports","theme-parks","10","Water Parks Sports","STD_GST","Tier 69","2026-06-07","2026-06-08","835.57","812.47"
"theme-parks-with-water-parks-sports","theme-parks","10","Water Parks Sports","STD_GST","Tier 70","2026-06-09","2026-06-11","837.19","814.09"
"theme-parks-with-water-parks-sports","theme-parks","10","Water Parks Sports","STD_GST","Tier 71","2026-06-12","2026-06-12","840.52","817.42"
"theme-parks-with-water-parks-sports","theme-parks","10","Water Parks Sports","STD_GST","Tier 72","2026-06-13","2026-06-13","842.5","819.4"
"theme-parks-with-water-parks-sports","theme-parks","10","Water Parks Sports","STD_GST","Tier 73","2026-06-14","2026-06-14","842.83","819.73"
"theme-parks-with-water-parks-sports","theme-parks","10","Water Parks Sports","STD_GST","Tier 74","2026-06-15","2026-06-15","844.81","821.71"
"theme-parks-with-water-parks-sports","theme-parks","10","Water Parks Sports","STD_GST","Tier 75","2026-06-16","2026-06-16","846.43","823.33"
"theme-parks-with-water-parks-sports","theme-parks","10","Water Parks Sports","STD_GST","Tier 76","2026-06-17","2026-06-18","848.42","825.32"
"theme-parks-with-water-parks-sports","theme-parks","10","Water Parks Sports","STD_GST","Tier 77","2026-06-19","2026-06-19","848.74","825.64"
"theme-parks-with-water-parks-sports","theme-parks","10","Water Parks Sports","STD_GST","Tier 78","2026-06-20","2026-06-22","850.4","827.3"
"theme-parks-with-water-parks-sports","theme-parks","10","Water Parks Sports","STD_GST","Tier 79","2026-06-23","2026-06-23","848.42","825.32"
"theme-parks-with-water-parks-sports","theme-parks","10","Water Parks Sports","STD_GST","Tier 80","2026-06-24","2026-06-24","846.11","823.01"
"theme-parks-with-water-parks-sports","theme-parks","10","Water Parks Sports","STD_GST","Tier 81","2026-06-25","2026-06-25","862.06","838.46"
"theme-parks-with-water-parks-sports","theme-parks","10","Water Parks Sports","STD_GST","Tier 82","2026-06-26","2026-06-26","856.35","832.75"
"theme-parks-with-water-parks-sports","theme-parks","10","Water Parks Sports","STD_GST","Tier 83","2026-06-27","2026-06-27","851.96","828.36"
"theme-parks-with-water-parks-sports","theme-parks","10","Water Parks Sports","STD_GST","Tier 84","2026-06-28","2026-06-28","847.57","823.97"
"theme-parks-with-water-parks-sports","theme-parks","10","Water Parks Sports","STD_GST","Tier 85","2026-06-29","2026-06-29","841.53","817.93"
"theme-parks-with-water-parks-sports","theme-parks","10","Water Parks Sports","STD_GST","Tier 86","2026-06-30","2026-06-30","835.77","812.17"
"theme-parks-with-water-parks-sports","theme-parks","10","Water Parks Sports","STD_GST","Tier 87","2026-07-01","2026-07-01","831.38","807.78"
"theme-parks-with-water-parks-sports","theme-parks","10","Water Parks Sports","STD_GST","Tier 88","2026-07-02","2026-07-02","829.02","805.42"
"theme-parks-with-water-parks-sports","theme-parks","10","Water Parks Sports","STD_GST","Tier 89","2026-07-03","2026-07-03","824.63","801.03"
"theme-parks-with-water-parks-sports","theme-parks","10","Water Parks Sports","STD_GST","Tier 90","2026-07-04","2026-07-04","820.62","797.02"
"theme-parks-with-water-parks-sports","theme-parks","10","Water Parks Sports","STD_GST","Tier 91","2026-07-05","2026-07-05","799.26","776.16"
"theme-parks-with-water-parks-sports","theme-parks","10","Water Parks Sports","STD_GST","Tier 92","2026-07-06","2026-07-06","795.29","772.19"
